v -0.00434500 -0.00005178 0.08879820
v -0.00430005 -0.00068234 0.10784800
v -0.00430005 0.00057878 0.10784800
v -0.00419428 -0.00119947 0.08879820
v -0.00430005 -0.00068234 0.10784800
v -0.00434500 -0.00005178 0.08879820
v -0.00434500 -0.00005178 0.08879820
v -0.00430005 0.00057878 0.10784800
v -0.00419428 0.00109591 0.08879820
v -0.00434500 -0.00005178 0.08879820
v -0.00410086 -0.00095780 0.08860260
v -0.00411542 0.00075779 0.08860070
v -0.00434500 -0.00005178 0.08879820
v -0.00434500 -0.00005178 0.08879820
v -0.00415872 -0.00046205 0.08859540
v -0.00434500 -0.00005178 0.08879820
v -0.00415866 0.00035882 0.08859550
v -0.00434500 -0.00005178 0.08879820
v -0.00417411 -0.00005183 0.08859390
v -0.00434500 -0.00005178 0.08879820
v -0.00430005 -0.00068234 0.10784800
v -0.00244000 -0.00005178 0.10784800
v -0.00430005 0.00057878 0.10784800
v -0.00394587 -0.00189270 0.10784800
v -0.00224665 -0.00102380 0.10784800
v -0.00430005 -0.00068234 0.10784800
v -0.00394587 -0.00189270 0.10784800
v -0.00430005 -0.00068234 0.10784800
v -0.00430005 -0.00068234 0.10784800
v -0.00224665 -0.00102380 0.10784800
v -0.00244000 -0.00005178 0.10784800
v -0.00430005 0.00057878 0.10784800
v -0.00224665 0.00092024 0.10784800
v -0.00394587 0.00178914 0.10784800
v -0.00430005 0.00057878 0.10784800
v -0.00394587 0.00178914 0.10784800
v -0.00430005 0.00057878 0.10784800
v -0.00244000 -0.00005178 0.10784800
v -0.00224665 0.00092024 0.10784800
v -0.00326601 -0.00295488 0.10784800
v -0.00224665 -0.00102380 0.10784800
v -0.00394587 -0.00189270 0.10784800
v -0.00362400 -0.00247868 0.08867660
v -0.00326601 -0.00295488 0.10784800
v -0.00394587 -0.00189270 0.10784800
v -0.00375236 -0.00226929 0.08879820
v -0.00394587 -0.00189270 0.10784800
v -0.00394587 -0.00189270 0.10784800
v -0.00394587 0.00178914 0.10784800
v -0.00224665 0.00092024 0.10784800
v -0.00326601 0.00285132 0.10784800
v -0.00362398 0.00237515 0.08867660
v -0.00394587 0.00178914 0.10784800
v -0.00326601 0.00285132 0.10784800
v -0.00394587 0.00178914 0.10784800
v -0.00375233 0.00216578 0.08879820
v -0.00368478 0.00227593 0.08874550
v -0.00394587 0.00178914 0.10784800
v -0.00394587 0.00178914 0.10784800
v -0.00307500 -0.00316263 0.08621930
v -0.00326601 -0.00295488 0.10784800
v -0.00313782 -0.00309769 0.08713540
v -0.00313782 -0.00309769 0.08713540
v -0.00326601 -0.00295488 0.10784800
v -0.00329907 -0.00291610 0.08790960
v -0.00231521 -0.00378337 0.10784800
v -0.00326601 -0.00295488 0.10784800
v -0.00307500 -0.00316263 0.08621930
v -0.00231521 -0.00378337 0.10784800
v -0.00169605 -0.00184783 0.10784800
v -0.00326601 -0.00295488 0.10784800
v -0.00326601 -0.00295488 0.10784800
v -0.00169605 -0.00184783 0.10784800
v -0.00224665 -0.00102380 0.10784800
v -0.00350810 -0.00264786 0.08847380
v -0.00326601 -0.00295488 0.10784800
v -0.00326601 -0.00295488 0.10784800
v -0.00313781 0.00299413 0.08713540
v -0.00326601 0.00285132 0.10784800
v -0.00307500 0.00305907 0.08621930
v -0.00329907 0.00281254 0.08790960
v -0.00326601 0.00285132 0.10784800
v -0.00313781 0.00299413 0.08713540
v -0.00307500 0.00305907 0.08621930
v -0.00326601 0.00285132 0.10784800
v -0.00268069 0.00341603 0.05243890
v -0.00326601 0.00285132 0.10784800
v -0.00231521 0.00367981 0.10784800
v -0.00268069 0.00341603 0.05243890
v -0.00326601 0.00285132 0.10784800
v -0.00169605 0.00174427 0.10784800
v -0.00231521 0.00367981 0.10784800
v -0.00326601 0.00285132 0.10784800
v -0.00224665 0.00092024 0.10784800
v -0.00169605 0.00174427 0.10784800
v -0.00326601 0.00285132 0.10784800
v -0.00350810 0.00254431 0.08847380
v -0.00326601 0.00285132 0.10784800
v -0.00324884 -0.00203802 0.08712500
v -0.00307500 -0.00316263 0.08621930
v -0.00313782 -0.00309769 0.08713540
v -0.00321896 -0.00289453 0.08749320
v -0.00313782 -0.00309769 0.08713540
v -0.00313782 -0.00309769 0.08713540
v -0.00323756 0.00228391 0.08724490
v -0.00313781 0.00299413 0.08713540
v -0.00307500 0.00305907 0.08621930
v -0.00321731 0.00283380 0.08751990
v -0.00313781 0.00299413 0.08713540
v -0.00313781 0.00299413 0.08713540
v -0.00304524 -0.00319271 0.05266300
v -0.00307500 -0.00316263 0.08621930
v -0.00307500 -0.00316263 0.05294350
v -0.00307500 -0.00243350 0.08586380
v -0.00307500 -0.00316263 0.05294350
v -0.00307500 -0.00316263 0.08621930
v -0.00299631 -0.00324096 0.05254090
v -0.00307500 -0.00316263 0.08621930
v -0.00304524 -0.00319271 0.05266300
v -0.00291708 -0.00331602 0.05245440
v -0.00307500 -0.00316263 0.08621930
v -0.00299631 -0.00324096 0.05254090
v -0.00270089 -0.00350331 0.05243220
v -0.00307500 -0.00316263 0.08621930
v -0.00291708 -0.00331602 0.05245440
v -0.00244000 -0.00369958 0.05260320
v -0.00307500 -0.00316263 0.08621930
v -0.00270089 -0.00350331 0.05243220
v -0.00244000 -0.00369958 0.05260320
v -0.00231521 -0.00378337 0.10784800
v -0.00307500 -0.00316263 0.08621930
v -0.00307500 -0.00316263 0.08621930
v -0.00304648 0.00308793 0.05266770
v -0.00307500 0.00305907 0.05294350
v -0.00307500 0.00305907 0.08621930
v -0.00307500 0.00232783 0.08586290
v -0.00307500 0.00305907 0.08621930
v -0.00307500 0.00305907 0.05294350
v -0.00307500 0.00305907 0.08621930
v -0.00299856 0.00313522 0.05254470
v -0.00304648 0.00308793 0.05266770
v -0.00307500 0.00305907 0.08621930
v -0.00291656 0.00321294 0.05245410
v -0.00299856 0.00313522 0.05254470
v -0.00280512 0.00331248 0.05241810
v -0.00291656 0.00321294 0.05245410
v -0.00307500 0.00305907 0.08621930
v -0.00307500 0.00305907 0.08621930
v -0.00268069 0.00341603 0.05243890
v -0.00280512 0.00331248 0.05241810
v -0.00307500 0.00305907 0.08621930
v -0.00307500 -0.00231754 0.05208010
v -0.00304524 -0.00319271 0.05266300
v -0.00307500 -0.00316263 0.05294350
v -0.00307500 -0.00165882 0.08562190
v -0.00307500 -0.00316263 0.05294350
v -0.00307500 -0.00005304 0.08543810
v -0.00307500 -0.00316263 0.05294350
v -0.00307500 -0.00316263 0.05294350
v -0.00304648 0.00308793 0.05266770
v -0.00307500 0.00221398 0.05208010
v -0.00307500 0.00305907 0.05294350
v -0.00307500 0.00305907 0.05294350
v -0.00307500 0.00155428 0.08562180
v -0.00307500 0.00305907 0.05294350
v -0.00307500 0.00305907 0.05294350
v -0.00299856 0.00313522 0.05254470
v -0.00298993 0.00237430 0.05180400
v -0.00304648 0.00308793 0.05266770
v -0.00304648 0.00308793 0.05266770
v -0.00298993 -0.00247786 0.05180400
v -0.00299631 -0.00324096 0.05254090
v -0.00304524 -0.00319271 0.05266300
v -0.00304524 -0.00319271 0.05266300
v -0.00291656 0.00321294 0.05245410
v -0.00299856 0.00313522 0.05254470
v -0.00291708 -0.00331602 0.05245440
v -0.00299631 -0.00324096 0.05254090
v -0.00265718 -0.00005178 0.05073650
v -0.00298993 -0.00132725 0.05121770
v -0.00298993 -0.00005178 0.05101570
v -0.00298993 -0.00132725 0.05121770
v -0.00307500 -0.00005178 0.05133320
v -0.00298993 -0.00005178 0.05101570
v -0.00265718 -0.00141353 0.05095220
v -0.00298993 -0.00132725 0.05121770
v -0.00265718 -0.00005178 0.05073650
v -0.00265718 -0.00141353 0.05095220
v -0.00298993 -0.00132725 0.05121770
v -0.00307500 -0.00124463 0.05152480
v -0.00298993 -0.00132725 0.05121770
v -0.00298993 -0.00132725 0.05121770
v -0.00265718 0.00130997 0.05095220
v -0.00298993 -0.00005178 0.05101570
v -0.00298993 0.00122369 0.05121770
v -0.00298993 -0.00005178 0.05101570
v -0.00298993 0.00122369 0.05121770
v -0.00265718 0.00130997 0.05095220
v -0.00298993 0.00122369 0.05121770
v -0.00265718 0.00253842 0.05157810
v -0.00298993 0.00122369 0.05121770
v -0.00298993 0.00122369 0.05121770
v -0.00307500 0.00114107 0.05152480
v -0.00298993 0.00122369 0.05121770
v -0.00265718 -0.00005178 0.05073650
v -0.00298993 -0.00005178 0.05101570
v -0.00265718 0.00130997 0.05095220
v -0.00270089 -0.00350331 0.05243220
v -0.00291708 -0.00331602 0.05245440
v -0.00265718 -0.00264198 0.05157810
v -0.00291708 -0.00331602 0.05245440
v -0.00280512 0.00331248 0.05241810
v -0.00291656 0.00321294 0.05245410
v -0.00280512 0.00331248 0.05241810
v -0.00268069 0.00341603 0.05243890
v -0.00280512 0.00331248 0.05241810
v -0.00244000 -0.00369958 0.05260320
v -0.00270089 -0.00350331 0.05243220
v -0.00244000 -0.00363530 0.05251330
v -0.00244000 -0.00356881 0.05242500
v -0.00270089 -0.00350331 0.05243220
v -0.00244000 -0.00350015 0.05233840
v -0.00270089 -0.00350331 0.05243220
v -0.00244000 -0.00356881 0.05242500
v -0.00244000 -0.00350015 0.05233840
v -0.00270089 -0.00350331 0.05243220
v -0.00244000 0.00353174 0.05251330
v -0.00268069 0.00341603 0.05243890
v -0.00244000 0.00359602 0.05260320
v -0.00268069 0.00341603 0.05243890
v -0.00231521 0.00367981 0.10784800
v -0.00244000 0.00359602 0.05260320
v -0.00244000 0.00346525 0.05242500
v -0.00268069 0.00341603 0.05243890
v -0.00244000 0.00353174 0.05251330
v -0.00244000 0.00339659 0.05233840
v -0.00268069 0.00341603 0.05243890
v -0.00244000 0.00346525 0.05242500
v -0.00244000 0.00339659 0.05233840
v -0.00268069 0.00341603 0.05243890
v -0.00244000 -0.00134831 0.05089150
v -0.00265718 -0.00141353 0.05095220
v -0.00265718 -0.00005178 0.05073650
v -0.00244000 -0.00253209 0.05145460
v -0.00265718 -0.00141353 0.05095220
v -0.00244000 -0.00134831 0.05089150
v -0.00244000 -0.00253209 0.05145460
v -0.00265718 -0.00141353 0.05095220
v -0.00265718 -0.00141353 0.05095220
v -0.00244000 0.00124476 0.05089150
v -0.00265718 -0.00005178 0.05073650
v -0.00265718 0.00130997 0.05095220
v -0.00244000 0.00124476 0.05089150
v -0.00265718 0.00130997 0.05095220
v -0.00244000 0.00242853 0.05145460
v -0.00244000 0.00242853 0.05145460
v -0.00265718 0.00130997 0.05095220
v -0.00244000 -0.00134831 0.05089150
v -0.00265718 -0.00005178 0.05073650
v -0.00244000 -0.00005178 0.05069820
v -0.00244000 -0.00005178 0.05069820
v -0.00265718 -0.00005178 0.05073650
v -0.00244000 0.00124476 0.05089150
v -0.00244000 -0.00005178 0.09514820
v -0.00224665 0.00092024 0.10784800
v -0.00244000 -0.00005178 0.10784800
v -0.00244000 -0.00005178 0.09514820
v -0.00244000 -0.00005178 0.10784800
v -0.00224665 -0.00102380 0.09514820
v -0.00224665 -0.00102380 0.09514820
v -0.00244000 -0.00005178 0.10784800
v -0.00224665 -0.00102380 0.10784800
v -0.00224665 0.00092024 0.09514820
v -0.00224665 0.00092024 0.10784800
v -0.00244000 -0.00005178 0.09514820
v -0.00244000 -0.00005178 0.09514820
v -0.00224665 -0.00102380 0.09514820
v -0.00224665 0.00092024 0.09514820
v -0.00208371 -0.00392340 0.05295950
v -0.00244000 -0.00369958 0.05260320
v -0.00233461 -0.00374768 0.05267370
v -0.00233461 -0.00374768 0.05267370
v -0.00244000 -0.00369958 0.05260320
v -0.00208371 -0.00392340 0.05295950
v -0.00231521 -0.00378337 0.10784800
v -0.00244000 -0.00369958 0.05260320
v -0.00231328 0.00366479 0.05270490
v -0.00244000 0.00353174 0.05251330
v -0.00244000 0.00359602 0.05260320
v -0.00244000 0.00359602 0.05260320
v -0.00231521 0.00367981 0.10784800
v -0.00208371 0.00381984 0.05295950
v -0.00231328 0.00366479 0.05270490
v -0.00244000 0.00359602 0.05260320
v -0.00208371 0.00381984 0.05295950
v -0.00243963 0.00341901 0.05236620
v -0.00244000 0.00346525 0.05242500
v -0.00244000 0.00353174 0.05251330
v -0.00243963 0.00341901 0.05236620
v -0.00244000 0.00353174 0.05251330
v -0.00231328 0.00366479 0.05270490
v -0.00244000 -0.00350015 0.05233840
v -0.00243963 -0.00352257 0.05236620
v -0.00244000 -0.00356881 0.05242500
v -0.00244000 -0.00356881 0.05242500
v -0.00243963 -0.00352257 0.05236620
v -0.00233461 -0.00374768 0.05267370
v -0.00233461 -0.00374768 0.05267370
v -0.00244000 -0.00356881 0.05242500
v -0.00244000 0.00339659 0.05233840
v -0.00244000 0.00346525 0.05242500
v -0.00243963 0.00341901 0.05236620
v -0.00244000 -0.00350015 0.05233840
v -0.00244000 -0.00253209 0.05145460
v -0.00244000 -0.00253209 0.05145460
v -0.00244000 -0.00415238 0.05115810
v -0.00244000 -0.00350015 0.05233840
v -0.00232523 -0.00432466 0.05183780
v -0.00243963 -0.00352257 0.05236620
v -0.00244000 -0.00350015 0.05233840
v -0.00232523 -0.00432466 0.05183780
v -0.00244000 -0.00350015 0.05233840
v -0.00244000 0.00242853 0.05145460
v -0.00244000 0.00339659 0.05233840
v -0.00244000 0.00404882 0.05115810
v -0.00244000 0.00242853 0.05145460
v -0.00244000 0.00339659 0.05233840
v -0.00244000 0.00339659 0.05233840
v -0.00243963 0.00341901 0.05236620
v -0.00244000 -0.00134831 0.05089150
v -0.00244000 -0.00253209 0.05145460
v -0.00244000 0.00124476 0.05089150
v -0.00244000 0.00242853 0.05145460
v -0.00244000 -0.00005178 0.05069820
v -0.00244000 -0.00512856 0.05022770
v -0.00244000 -0.00134831 0.05089150
v -0.00244000 -0.00134831 0.05089150
v -0.00244000 0.00124476 0.05089150
v -0.00244000 0.00502500 0.05022770
v -0.00244000 -0.00005178 0.05069820
v -0.00244000 0.00124476 0.05089150
v -0.00244000 -0.00005178 0.05069820
v -0.00244000 -0.00633882 0.04963280
v -0.00244000 -0.00005178 0.05069820
v -0.00244000 0.00623526 0.04963280
v -0.00244000 -0.01211680 0.04561820
v -0.00244000 -0.00005178 0.05069820
v -0.00244000 -0.00005178 0.05069820
v -0.00229451 -0.00396946 0.05265090
v -0.00233461 -0.00374768 0.05267370
v -0.00243963 -0.00352257 0.05236620
v -0.00226299 -0.00410334 0.05255860
v -0.00243963 -0.00352257 0.05236620
v -0.00232523 -0.00432466 0.05183780
v -0.00229451 -0.00396946 0.05265090
v -0.00243963 -0.00352257 0.05236620
v -0.00229864 -0.00398827 0.05262250
v -0.00229864 -0.00398827 0.05262250
v -0.00243963 -0.00352257 0.05236620
v -0.00226299 -0.00410334 0.05255860
v -0.00232708 0.00383223 0.05259710
v -0.00243963 0.00341901 0.05236620
v -0.00231328 0.00366479 0.05270490
v -0.00226380 0.00400310 0.05255900
v -0.00243963 0.00341901 0.05236620
v -0.00232708 0.00383223 0.05259710
v -0.00232523 0.00397512 0.05231250
v -0.00243963 0.00341901 0.05236620
v -0.00226380 0.00400310 0.05255900
v -0.00232523 0.00397512 0.05231250
v -0.00243963 0.00341901 0.05236620
v -0.00196585 -0.00417257 0.05303480
v -0.00233461 -0.00374768 0.05267370
v -0.00229451 -0.00396946 0.05265090
v -0.00233461 -0.00374768 0.05267370
v -0.00208371 -0.00392340 0.05295950
v -0.00232708 0.00383223 0.05259710
v -0.00231328 0.00366479 0.05270490
v -0.00232170 0.00381549 0.05262610
v -0.00213385 0.00410570 0.05275920
v -0.00232708 0.00383223 0.05259710
v -0.00232170 0.00381549 0.05262610
v -0.00226380 0.00400310 0.05255900
v -0.00232708 0.00383223 0.05259710
v -0.00232523 0.00452943 0.05140100
v -0.00232523 0.00397512 0.05231250
v -0.00185661 0.00447116 0.05252800
v -0.00232523 0.00452943 0.05140100
v -0.00232523 0.00397512 0.05231250
v -0.00232523 0.00397512 0.05231250
v -0.00226380 0.00400310 0.05255900
v -0.00185661 0.00447116 0.05252800
v -0.00185661 -0.00536707 0.05140550
v -0.00232523 -0.00432466 0.05183780
v -0.00232523 -0.00499793 0.05101020
v -0.00232523 -0.00499793 0.05101020
v -0.00232523 -0.00432466 0.05183780
v -0.00185661 -0.00478674 0.05211880
v -0.00226299 -0.00410334 0.05255860
v -0.00232523 -0.00432466 0.05183780
v -0.00185661 -0.00536707 0.05140550
v -0.00185661 -0.00478674 0.05211880
v -0.00232523 -0.00432466 0.05183780
v -0.00232523 0.00530912 0.05067280
v -0.00232523 0.00452943 0.05140100
v -0.00185661 0.00494895 0.05174230
v -0.00232523 0.00530912 0.05067280
v -0.00232523 0.00452943 0.05140100
v -0.00185661 0.00494895 0.05174230
v -0.00232523 0.00452943 0.05140100
v -0.00185661 0.00447116 0.05252800
v -0.00232523 0.00452943 0.05140100
v -0.00232523 -0.00586951 0.05039500
v -0.00185661 -0.00611832 0.05087520
v -0.00232523 -0.00499793 0.05101020
v -0.00232523 -0.00499793 0.05101020
v -0.00232523 -0.00586951 0.05039500
v -0.00185661 -0.00611832 0.05087520
v -0.00185661 -0.00536707 0.05140550
v -0.00232523 -0.00499793 0.05101020
v -0.00232523 -0.00499793 0.05101020
v -0.00232523 0.00625635 0.05018200
v -0.00232523 0.00530912 0.05067280
v -0.00185661 0.00562100 0.05111460
v -0.00232523 0.00625635 0.05018200
v -0.00232523 0.00530912 0.05067280
v -0.00185661 0.00562100 0.05111460
v -0.00232523 0.00530912 0.05067280
v -0.00185661 0.00494895 0.05174230
v -0.00232523 -0.00687476 0.05003770
v -0.00185661 -0.00698479 0.05056720
v -0.00232523 -0.00586951 0.05039500
v -0.00232523 -0.00586951 0.05039500
v -0.00232523 -0.00687476 0.05003770
v -0.00185661 -0.00698479 0.05056720
v -0.00185661 -0.00611832 0.05087520
v -0.00232523 -0.00586951 0.05039500
v -0.00232523 -0.00586951 0.05039500
v -0.00232523 0.00730089 0.04996490
v -0.00232523 0.00625635 0.05018200
v -0.00185661 0.00643746 0.05069160
v -0.00232523 0.00730089 0.04996490
v -0.00232523 0.00625635 0.05018200
v -0.00185661 0.00643746 0.05069160
v -0.00232523 0.00625635 0.05018200
v -0.00185661 0.00562100 0.05111460
v -0.00232523 0.00625635 0.05018200
v -0.00232523 -0.00687476 0.05003770
v -0.00226985 -0.00767178 0.05006320
v -0.00185661 -0.00698479 0.05056720
v -0.00232523 -0.00687476 0.05003770
v -0.00244000 -0.00767178 0.04942820
v -0.00226985 -0.00767178 0.05006320
v -0.00232523 -0.00687476 0.05003770
v -0.00232523 0.00730089 0.04996490
v -0.00226985 0.00756822 0.05006320
v -0.00244000 0.00756822 0.04942820
v -0.00232523 0.00730089 0.04996490
v -0.00185661 0.00733779 0.05050450
v -0.00226985 0.00756822 0.05006320
v -0.00185661 0.00643746 0.05069160
v -0.00232523 0.00730089 0.04996490
v -0.00232523 0.00730089 0.04996490
v -0.00185661 0.01430640 0.04427570
v -0.00232523 0.01250180 0.04507900
v -0.00232523 0.01443390 0.04480120
v -0.00232523 0.01443390 0.04480120
v -0.00232523 0.01250180 0.04507900
v -0.00244000 0.01406970 0.04542050
v -0.00185661 0.01247600 0.04453880
v -0.00226985 0.01201320 0.04498320
v -0.00232523 0.01250180 0.04507900
v -0.00226985 0.01201320 0.04498320
v -0.00244000 0.01201320 0.04561820
v -0.00232523 0.01250180 0.04507900
v -0.00185661 0.01430640 0.04427570
v -0.00185661 0.01247600 0.04453880
v -0.00232523 0.01250180 0.04507900
v -0.00232523 0.01250180 0.04507900
v -0.00232523 -0.01547490 0.04452590
v -0.00232523 -0.01357800 0.04498610
v -0.00185661 -0.01350100 0.04445080
v -0.00232523 -0.01547490 0.04452590
v -0.00244000 -0.01417320 0.04542050
v -0.00232523 -0.01357800 0.04498610
v -0.00232523 -0.01357800 0.04498610
v -0.00226985 -0.01211680 0.04498320
v -0.00185661 -0.01350100 0.04445080
v -0.00232523 -0.01357800 0.04498610
v -0.00226985 -0.01211680 0.04498320
v -0.00232523 -0.01357800 0.04498610
v -0.00232523 0.01627850 0.04416280
v -0.00185661 0.01605380 0.04367090
v -0.00232523 0.01443390 0.04480120
v -0.00232523 0.01443390 0.04480120
v -0.00244000 0.01605080 0.04483470
v -0.00232523 0.01627850 0.04416280
v -0.00185661 0.01605380 0.04367090
v -0.00185661 0.01430640 0.04427570
v -0.00232523 0.01443390 0.04480120
v -0.00232523 0.01443390 0.04480120
v -0.00232523 -0.01547490 0.04452590
v -0.00185661 -0.01529800 0.04401490
v -0.00232523 -0.01725050 0.04371510
v -0.00232523 -0.01547490 0.04452590
v -0.00232523 -0.01725050 0.04371510
v -0.00244000 -0.01615430 0.04483470
v -0.00185661 -0.01350100 0.04445080
v -0.00185661 -0.01529800 0.04401490
v -0.00232523 -0.01547490 0.04452590
v -0.00232523 -0.01547490 0.04452590
v -0.00232523 0.01796890 0.04318680
v -0.00185661 0.01765520 0.04274630
v -0.00232523 0.01627850 0.04416280
v -0.00232523 0.01627850 0.04416280
v -0.00244000 0.01788400 0.04388220
v -0.00232523 0.01796890 0.04318680
v -0.00185661 0.01765520 0.04274630
v -0.00185661 0.01605380 0.04367090
v -0.00232523 0.01627850 0.04416280
v -0.00232523 0.01627850 0.04416280
v -0.00232523 -0.01725050 0.04371510
v -0.00185661 -0.01698010 0.04324670
v -0.00232523 -0.01884050 0.04258280
v -0.00244000 -0.01798760 0.04388220
v -0.00232523 -0.01725050 0.04371510
v -0.00232523 -0.01884050 0.04258280
v -0.00185661 -0.01529800 0.04401490
v -0.00185661 -0.01698010 0.04324670
v -0.00232523 -0.01725050 0.04371510
v -0.00232523 -0.01725050 0.04371510
v -0.00232523 0.01944410 0.04190860
v -0.00185661 0.01905270 0.04153530
v -0.00232523 0.01796890 0.04318680
v -0.00232523 0.01796890 0.04318680
v -0.00244000 0.01950230 0.04259790
v -0.00232523 0.01944410 0.04190860
v -0.00185661 0.01905270 0.04153530
v -0.00185661 0.01765520 0.04274630
v -0.00232523 0.01796890 0.04318680
v -0.00232523 0.01796890 0.04318680
v -0.00232523 -0.01884050 0.04258280
v -0.00185661 -0.01848640 0.04217410
v -0.00232523 -0.02018750 0.04117010
v -0.00244000 -0.01960580 0.04259790
v -0.00232523 -0.01884050 0.04258280
v -0.00232523 -0.02018750 0.04117010
v -0.00185661 -0.01698010 0.04324670
v -0.00185661 -0.01848640 0.04217410
v -0.00232523 -0.01884050 0.04258280
v -0.00232523 -0.01884050 0.04258280
v -0.00232523 0.02065070 0.04037420
v -0.00185661 0.02019580 0.04008180
v -0.00232523 0.01944410 0.04190860
v -0.00232523 0.01944410 0.04190860
v -0.00244000 0.02084620 0.04102890
v -0.00232523 0.02065070 0.04037420
v -0.00185661 0.02019580 0.04008180
v -0.00185661 0.01905270 0.04153530
v -0.00232523 0.01944410 0.04190860
v -0.00232523 0.01944410 0.04190860
v -0.00232523 -0.02018750 0.04117010
v -0.00185661 -0.01976240 0.04083580
v -0.00232523 -0.02124280 0.03952800
v -0.00244000 -0.02094980 0.04102890
v -0.00232523 -0.02018750 0.04117010
v -0.00232523 -0.02124280 0.03952800
v -0.00185661 -0.01848640 0.04217410
v -0.00185661 -0.01976240 0.04083580
v -0.00232523 -0.02018750 0.04117010
v -0.00232523 -0.02018750 0.04117010
v -0.00232523 0.02154520 0.03863920
v -0.00185661 0.02104310 0.03843820
v -0.00232523 0.02065070 0.04037420
v -0.00232523 0.02065070 0.04037420
v -0.00244000 0.02186660 0.03923260
v -0.00232523 0.02154520 0.03863920
v -0.00185661 0.02104310 0.03843820
v -0.00185661 0.02019580 0.04008180
v -0.00232523 0.02065070 0.04037420
v -0.00232523 0.02065070 0.04037420
v -0.00232523 -0.02124280 0.03952800
v -0.00185661 -0.02076210 0.03928020
v -0.00232523 -0.02196830 0.03771590
v -0.00244000 -0.02197020 0.03923260
v -0.00232523 -0.02124280 0.03952800
v -0.00232523 -0.02196830 0.03771590
v -0.00185661 -0.01976240 0.04083580
v -0.00185661 -0.02076210 0.03928020
v -0.00232523 -0.02124280 0.03952800
v -0.00232523 -0.02124280 0.03952800
v -0.00232523 0.02209510 0.03676630
v -0.00185661 0.02156410 0.03666400
v -0.00232523 0.02154520 0.03863920
v -0.00232523 0.02154520 0.03863920
v -0.00244000 0.02252620 0.03727480
v -0.00232523 0.02209510 0.03676630
v -0.00185661 0.02156410 0.03666400
v -0.00185661 0.02104310 0.03843820
v -0.00232523 0.02154520 0.03863920
v -0.00232523 0.02154520 0.03863920
v -0.00232523 -0.02196830 0.03771590
v -0.00185661 -0.02144940 0.03756350
v -0.00232523 -0.02233770 0.03579920
v -0.00244000 -0.02262970 0.03727480
v -0.00232523 -0.02196830 0.03771590
v -0.00232523 -0.02233770 0.03579920
v -0.00185661 -0.02076210 0.03928020
v -0.00185661 -0.02144940 0.03756350
v -0.00232523 -0.02196830 0.03771590
v -0.00232523 -0.02196830 0.03771590
v -0.00232523 0.02228060 0.03482320
v -0.00185661 0.02173980 0.03482320
v -0.00232523 0.02209510 0.03676630
v -0.00232523 0.02209510 0.03676630
v -0.00244000 0.02280070 0.03522720
v -0.00232523 0.02228060 0.03482320
v -0.00185661 0.02173980 0.03482320
v -0.00185661 0.02156410 0.03666400
v -0.00232523 0.02209510 0.03676630
v -0.00232523 0.02209510 0.03676630
v -0.00232523 -0.02233770 0.03579920
v -0.00185661 -0.02179930 0.03574780
v -0.00232523 -0.02233770 0.03384720
v -0.00244000 -0.02290420 0.03522720
v -0.00232523 -0.02233770 0.03579920
v -0.00232523 -0.02233770 0.03384720
v -0.00185661 -0.02144940 0.03756350
v -0.00185661 -0.02179930 0.03574780
v -0.00232523 -0.02233770 0.03579920
v -0.00232523 -0.02233770 0.03579920
v -0.00232523 0.02209510 0.03288010
v -0.00185661 0.02156410 0.03298240
v -0.00232523 0.02228060 0.03482320
v -0.00232523 0.02228060 0.03482320
v -0.00244000 0.02268010 0.03316480
v -0.00232523 0.02209510 0.03288010
v -0.00185661 0.02156410 0.03298240
v -0.00185661 0.02173980 0.03482320
v -0.00232523 0.02228060 0.03482320
v -0.00232523 0.02228060 0.03482320
v -0.00232523 -0.02233770 0.03384720
v -0.00185661 -0.02179930 0.03389860
v -0.00232523 -0.02196830 0.03193060
v -0.00244000 -0.02278360 0.03316480
v -0.00232523 -0.02233770 0.03384720
v -0.00232523 -0.02196830 0.03193060
v -0.00185661 -0.02179930 0.03574780
v -0.00185661 -0.02179930 0.03389860
v -0.00232523 -0.02233770 0.03384720
v -0.00232523 -0.02233770 0.03384720
v -0.00232523 0.02154520 0.03100720
v -0.00185661 0.02104310 0.03120820
v -0.00232523 0.02209510 0.03288010
v -0.00232523 0.02209510 0.03288010
v -0.00244000 0.02216880 0.03116310
v -0.00232523 0.02154520 0.03100720
v -0.00185661 0.02104310 0.03120820
v -0.00185661 0.02156410 0.03298240
v -0.00232523 0.02209510 0.03288010
v -0.00232523 0.02209510 0.03288010
v -0.00232523 -0.02196830 0.03193060
v -0.00185661 -0.02144940 0.03208290
v -0.00232523 -0.02124280 0.03011840
v -0.00244000 -0.02227240 0.03116310
v -0.00232523 -0.02196830 0.03193060
v -0.00232523 -0.02124280 0.03011840
v -0.00185661 -0.02179930 0.03389860
v -0.00185661 -0.02144940 0.03208290
v -0.00232523 -0.02196830 0.03193060
v -0.00232523 -0.02196830 0.03193060
v -0.00232523 0.02065070 0.02927220
v -0.00185661 0.02019580 0.02956460
v -0.00232523 0.02154520 0.03100720
v -0.00232523 0.02154520 0.03100720
v -0.00244000 0.02128560 0.02929550
v -0.00232523 0.02065070 0.02927220
v -0.00185661 0.02019580 0.02956460
v -0.00185661 0.02104310 0.03120820
v -0.00232523 0.02154520 0.03100720
v -0.00232523 0.02154520 0.03100720
v -0.00232523 -0.02124280 0.03011840
v -0.00185661 -0.02076210 0.03036620
v -0.00232523 -0.02018750 0.02847630
v -0.00244000 -0.02138910 0.02929550
v -0.00232523 -0.02124280 0.03011840
v -0.00232523 -0.02018750 0.02847630
v -0.00185661 -0.02144940 0.03208290
v -0.00185661 -0.02076210 0.03036620
v -0.00232523 -0.02124280 0.03011840
v -0.00232523 -0.02124280 0.03011840
v -0.00232523 0.01944410 0.02773790
v -0.00185661 0.01905270 0.02811110
v -0.00232523 0.02065070 0.02927220
v -0.00232523 0.02065070 0.02927220
v -0.00244000 0.02006270 0.02763040
v -0.00232523 0.01944410 0.02773790
v -0.00185661 0.01905270 0.02811110
v -0.00185661 0.02019580 0.02956460
v -0.00232523 0.02065070 0.02927220
v -0.00232523 0.02065070 0.02927220
v -0.00232523 -0.02018750 0.02847630
v -0.00185661 -0.01976240 0.02881060
v -0.00232523 -0.01884050 0.02706360
v -0.00244000 -0.02016630 0.02763040
v -0.00232523 -0.02018750 0.02847630
v -0.00232523 -0.01884050 0.02706360
v -0.00185661 -0.02076210 0.03036620
v -0.00185661 -0.01976240 0.02881060
v -0.00232523 -0.02018750 0.02847630
v -0.00232523 -0.02018750 0.02847630
v -0.00232523 0.01944410 0.02773790
v -0.00226985 0.01816090 0.02673420
v -0.00185661 0.01905270 0.02811110
v -0.00232523 0.01944410 0.02773790
v -0.00244000 0.01854510 0.02622870
v -0.00232523 0.01944410 0.02773790
v -0.00226985 -0.01826440 0.02673420
v -0.00232523 -0.01884050 0.02706360
v -0.00185661 -0.01848640 0.02747230
v -0.00244000 -0.01864870 0.02622870
v -0.00232523 -0.01884050 0.02706360
v -0.00226985 -0.01826440 0.02673420
v -0.00185661 -0.01976240 0.02881060
v -0.00232523 -0.01884050 0.02706360
v -0.00232523 -0.01884050 0.02706360
v -0.00232523 -0.01515520 0.02453830
v -0.00185661 -0.01488480 0.02500670
v -0.00232523 -0.01201610 0.02296180
v -0.00232523 -0.01201610 0.02296180
v -0.00244000 -0.01240290 0.02255480
v -0.00232523 -0.01515520 0.02453830
v -0.00226985 -0.01826440 0.02673420
v -0.00232523 -0.01515520 0.02453830
v -0.00232523 -0.01809000 0.02646860
v -0.00226985 -0.01826440 0.02673420
v -0.00185661 -0.01776710 0.02690240
v -0.00232523 -0.01515520 0.02453830
v -0.00185661 -0.01488480 0.02500670
v -0.00232523 -0.01515520 0.02453830
v -0.00232523 -0.01515520 0.02453830
v -0.00244000 -0.01563440 0.02420700
v -0.00232523 -0.01515520 0.02453830
v -0.00232523 -0.01201610 0.02296180
v -0.00185661 -0.01180190 0.02345840
v -0.00232523 -0.00871520 0.02176040
v -0.00232523 -0.00871520 0.02176040
v -0.00244000 -0.00899913 0.02129500
v -0.00232523 -0.01201610 0.02296180
v -0.00185661 -0.01488480 0.02500670
v -0.00185661 -0.01180190 0.02345840
v -0.00232523 -0.01201610 0.02296180
v -0.00232523 -0.01201610 0.02296180
v -0.00232523 0.01191250 0.02296180
v -0.00232523 0.00861164 0.02176040
v -0.00185661 0.00845653 0.02227850
v -0.00232523 0.01191250 0.02296180
v -0.00244000 0.00889557 0.02129500
v -0.00232523 0.00861164 0.02176040
v -0.00185661 0.01169830 0.02345840
v -0.00232523 0.01191250 0.02296180
v -0.00185661 0.00845653 0.02227850
v -0.00232523 0.01505160 0.02453830
v -0.00232523 0.01191250 0.02296180
v -0.00185661 0.01169830 0.02345840
v -0.00244000 0.01229930 0.02255480
v -0.00232523 0.01191250 0.02296180
v -0.00232523 0.01191250 0.02296180
v -0.00232523 -0.00871520 0.02176040
v -0.00185661 -0.00856009 0.02227850
v -0.00232523 -0.00529714 0.02095030
v -0.00232523 -0.00529714 0.02095030
v -0.00244000 -0.00547059 0.02044530
v -0.00232523 -0.00871520 0.02176040
v -0.00185661 -0.01180190 0.02345840
v -0.00185661 -0.00856009 0.02227850
v -0.00232523 -0.00871520 0.02176040
v -0.00232523 -0.00871520 0.02176040
v -0.00232523 0.00861164 0.02176040
v -0.00232523 0.00519358 0.02095030
v -0.00185661 0.00509967 0.02148290
v -0.00232523 0.00861164 0.02176040
v -0.00244000 0.00536703 0.02044530
v -0.00232523 0.00519358 0.02095030
v -0.00185661 0.00845653 0.02227850
v -0.00232523 0.00861164 0.02176040
v -0.00185661 0.00509967 0.02148290
v -0.00232523 0.00861164 0.02176040
v -0.00185661 -0.00520323 0.02148290
v -0.00232523 -0.00183534 0.02054410
v -0.00232523 -0.00529714 0.02095030
v -0.00232523 -0.00529714 0.02095030
v -0.00232523 -0.00183534 0.02054410
v -0.00244000 -0.00186649 0.02001740
v -0.00185661 -0.00856009 0.02227850
v -0.00185661 -0.00520323 0.02148290
v -0.00232523 -0.00529714 0.02095030
v -0.00232523 -0.00529714 0.02095030
v -0.00232523 0.00519358 0.02095030
v -0.00232523 0.00173178 0.02054410
v -0.00185661 0.00169984 0.02108400
v -0.00232523 0.00519358 0.02095030
v -0.00244000 0.00176293 0.02001740
v -0.00232523 0.00173178 0.02054410
v -0.00185661 0.00509967 0.02148290
v -0.00232523 0.00519358 0.02095030
v -0.00185661 0.00169984 0.02108400
v -0.00232523 0.00519358 0.02095030
v -0.00232523 -0.00183534 0.02054410
v -0.00185661 -0.00180340 0.02108400
v -0.00232523 0.00173178 0.02054410
v -0.00232523 0.00173178 0.02054410
v -0.00232523 -0.00183534 0.02054410
v -0.00185661 -0.00520323 0.02148290
v -0.00185661 -0.00180340 0.02108400
v -0.00232523 -0.00183534 0.02054410
v -0.00232523 -0.00183534 0.02054410
v -0.00185661 0.00169984 0.02108400
v -0.00232523 0.00173178 0.02054410
v -0.00185661 -0.00180340 0.02108400
v -0.00232170 0.00381549 0.05262610
v -0.00231328 0.00366479 0.05270490
v -0.00211400 0.00388087 0.05292210
v -0.00232170 0.00381549 0.05262610
v -0.00213738 0.00407802 0.05278530
v -0.00232170 0.00381549 0.05262610
v -0.00201982 -0.00395875 0.05302340
v -0.00231521 -0.00378337 0.10784800
v -0.00208371 -0.00392340 0.05295950
v -0.00195535 -0.00399304 0.05308790
v -0.00231521 -0.00378337 0.10784800
v -0.00201982 -0.00395875 0.05302340
v -0.00195535 -0.00399304 0.05308790
v -0.00117000 -0.00431149 0.09895820
v -0.00231521 -0.00378337 0.10784800
v -0.00231521 -0.00378337 0.10784800
v -0.00087202 -0.00239843 0.10784800
v -0.00169605 -0.00184783 0.10784800
v -0.00117000 -0.00431149 0.09895820
v -0.00117000 -0.00431149 0.10784800
v -0.00231521 -0.00378337 0.10784800
v -0.00117000 -0.00431149 0.10784800
v -0.00087202 -0.00239843 0.10784800
v -0.00231521 -0.00378337 0.10784800
v -0.00208371 0.00381984 0.05295950
v -0.00231521 0.00367981 0.10784800
v -0.00201982 0.00385519 0.05302340
v -0.00201982 0.00385519 0.05302340
v -0.00231521 0.00367981 0.10784800
v -0.00195535 0.00388948 0.05308790
v -0.00195535 0.00388948 0.05308790
v -0.00231521 0.00367981 0.10784800
v -0.00154307 0.00407839 0.05346010
v -0.00231521 0.00367981 0.10784800
v -0.00169605 0.00174427 0.10784800
v -0.00087202 0.00229487 0.10784800
v -0.00154307 0.00407839 0.05346010
v -0.00231521 0.00367981 0.10784800
v -0.00117000 0.00420793 0.10784800
v -0.00231521 0.00367981 0.10784800
v -0.00087202 0.00229487 0.10784800
v -0.00117000 0.00420793 0.10784800
v -0.00231328 0.00366479 0.05270490
v -0.00208371 0.00381984 0.05295950
v -0.00229864 -0.00398827 0.05262250
v -0.00193272 -0.00433360 0.05294470
v -0.00229451 -0.00396946 0.05265090
v -0.00229864 -0.00398827 0.05262250
v -0.00226299 -0.00410334 0.05255860
v -0.00229451 -0.00396946 0.05265090
v -0.00226985 -0.01211680 0.05006320
v -0.00180500 -0.00767178 0.05052810
v -0.00226985 -0.00767178 0.05006320
v -0.00226985 -0.01211680 0.05006320
v -0.00226985 -0.00767178 0.05006320
v -0.00212980 -0.01339150 0.05020720
v -0.00180500 -0.01211680 0.05052810
v -0.00226985 -0.01211680 0.05006320
v -0.00212980 -0.01339150 0.05020720
v -0.00226985 -0.01211680 0.05006320
v -0.00242707 -0.01333780 0.04955850
v -0.00180500 -0.00767178 0.05052810
v -0.00226985 -0.01211680 0.05006320
v -0.00244000 -0.01211680 0.04942820
v -0.00226985 -0.01211680 0.05006320
v -0.00226985 -0.01211680 0.05006320
v -0.00185661 -0.00698479 0.05056720
v -0.00226985 -0.00767178 0.05006320
v -0.00180500 -0.00767178 0.05052810
v -0.00226985 0.00756822 0.05006320
v -0.00226985 0.01201320 0.05006320
v -0.00244000 0.01201320 0.04942820
v -0.00226985 0.00756822 0.05006320
v -0.00180500 0.01201320 0.05052810
v -0.00226985 0.01201320 0.05006320
v -0.00226985 0.00756822 0.05006320
v -0.00180500 0.00756822 0.05052810
v -0.00226985 0.00756822 0.05006320
v -0.00226985 0.00756822 0.05006320
v -0.00212980 0.01328800 0.05020720
v -0.00226985 0.01201320 0.05006320
v -0.00242707 0.01323420 0.04955850
v -0.00226985 0.01201320 0.05006320
v -0.00212980 0.01328800 0.05020720
v -0.00226985 0.01201320 0.05006320
v -0.00226985 -0.01211680 0.04498320
v -0.00226985 0.01201320 0.04498320
v -0.00180500 -0.01211680 0.04451840
v -0.00226985 0.01201320 0.04498320
v -0.00226985 -0.01211680 0.04498320
v -0.00185661 -0.01350100 0.04445080
v -0.00226985 -0.01211680 0.04498320
v -0.00180500 -0.01211680 0.04451840
v -0.00180500 0.01201320 0.04451840
v -0.00226985 0.01201320 0.04498320
v -0.00185661 0.01247600 0.04453880
v -0.00180500 -0.01211680 0.04451840
v -0.00226985 0.01201320 0.04498320
v -0.00180500 0.01201320 0.04451840
v -0.00226985 0.01201320 0.04498320
v -0.00226985 -0.01826440 0.02673420
v -0.00180500 -0.01798320 0.02710430
v -0.00226985 -0.01826440 0.02673420
v -0.00226985 -0.01826440 0.02673420
v -0.00242707 -0.02213090 0.02394500
v -0.00226985 -0.02133820 0.02268970
v -0.00212980 -0.02257180 0.02346610
v -0.00212980 -0.02257180 0.02346610
v -0.00226985 -0.02133820 0.02268970
v -0.00180500 -0.02161950 0.02231960
v -0.00212980 -0.01940070 0.02108250
v -0.00226985 -0.02133820 0.02268970
v -0.00212980 -0.01940070 0.02108250
v -0.00226985 -0.02133820 0.02268970
v -0.00242707 -0.01904460 0.02162750
v -0.00244000 -0.02095400 0.02319530
v -0.00226985 -0.02133820 0.02268970
v -0.00226985 -0.02133820 0.02268970
v -0.00212980 0.02246820 0.02346610
v -0.00226985 0.02123470 0.02268970
v -0.00242707 0.02202730 0.02394500
v -0.00212980 0.02246820 0.02346610
v -0.00180500 0.02151600 0.02231960
v -0.00226985 0.02123470 0.02268970
v -0.00212980 0.02089920 0.02219340
v -0.00226985 0.02123470 0.02268970
v -0.00242707 0.02051370 0.02271790
v -0.00226985 0.02123470 0.02268970
v -0.00212980 0.02089920 0.02219340
v -0.00226985 0.02123470 0.02268970
v -0.00244000 0.02085050 0.02319530
v -0.00226985 0.02123470 0.02268970
v -0.00226380 0.00400310 0.05255900
v -0.00185937 0.00435599 0.05282680
v -0.00185661 0.00447116 0.05252800
v -0.00185937 0.00435599 0.05282680
v -0.00226380 0.00400310 0.05255900
v -0.00185937 -0.00445955 0.05282680
v -0.00226299 -0.00410334 0.05255860
v -0.00185661 -0.00478674 0.05211880
v -0.00226299 -0.00410334 0.05255860
v -0.00185937 -0.00445955 0.05282680
v -0.00224665 -0.00102380 0.09514820
v -0.00224665 -0.00102380 0.10784800
v -0.00169605 -0.00184783 0.09514820
v -0.00169605 -0.00184783 0.09514820
v -0.00224665 -0.00102380 0.10784800
v -0.00169605 -0.00184783 0.10784800
v -0.00224665 0.00092024 0.09514820
v -0.00169605 0.00174427 0.10784800
v -0.00224665 0.00092024 0.10784800
v -0.00224665 0.00092024 0.09514820
v -0.00224665 -0.00102380 0.09514820
v -0.00169605 0.00174427 0.09514820
v -0.00169605 0.00174427 0.09514820
v -0.00224665 -0.00102380 0.09514820
v -0.00169605 -0.00184783 0.09514820
v -0.00169605 0.00174427 0.09514820
v -0.00169605 0.00174427 0.10784800
v -0.00224665 0.00092024 0.09514820
v -0.00212980 -0.01590630 0.04978750
v -0.00212980 -0.01339150 0.05020720
v -0.00212980 -0.01590630 0.04978750
v -0.00152780 -0.01600120 0.05016260
v -0.00212980 -0.01339150 0.05020720
v -0.00152780 -0.01342350 0.05059270
v -0.00212980 -0.01339150 0.05020720
v -0.00212980 -0.01339150 0.05020720
v -0.00152780 0.01331990 0.05059270
v -0.00212980 0.01580270 0.04978750
v -0.00212980 0.01328800 0.05020720
v -0.00212980 0.01580270 0.04978750
v -0.00242707 0.01564290 0.04915650
v -0.00212980 0.01328800 0.05020720
v -0.00212980 0.01328800 0.05020720
v -0.00212980 0.01328800 0.05020720
v -0.00242707 -0.01574650 0.04915650
v -0.00212980 -0.01831760 0.04895970
v -0.00212980 -0.01590630 0.04978750
v -0.00212980 -0.01831760 0.04895970
v -0.00152780 -0.01847300 0.04931400
v -0.00212980 -0.01590630 0.04978750
v -0.00212980 -0.01590630 0.04978750
v -0.00212980 -0.01590630 0.04978750
v -0.00212980 0.01821410 0.04895970
v -0.00242707 0.01795260 0.04836360
v -0.00212980 0.01580270 0.04978750
v -0.00152780 0.01589770 0.05016260
v -0.00212980 0.01821410 0.04895970
v -0.00212980 0.01580270 0.04978750
v -0.00212980 0.01580270 0.04978750
v -0.00212980 0.01580270 0.04978750
v -0.00242707 -0.01805610 0.04836360
v -0.00212980 -0.02055980 0.04774630
v -0.00212980 -0.01831760 0.04895970
v -0.00212980 -0.02055980 0.04774630
v -0.00152780 -0.02077140 0.04807020
v -0.00212980 -0.01831760 0.04895970
v -0.00212980 -0.01831760 0.04895970
v -0.00212980 -0.01831760 0.04895970
v -0.00212980 0.02045630 0.04774630
v -0.00242707 0.02010030 0.04720130
v -0.00212980 0.01821410 0.04895970
v -0.00152780 0.01836950 0.04931400
v -0.00212980 0.02045630 0.04774630
v -0.00212980 0.01821410 0.04895970
v -0.00212980 0.01821410 0.04895970
v -0.00212980 0.01821410 0.04895970
v -0.00242707 -0.02020380 0.04720130
v -0.00212980 -0.02257180 0.04618030
v -0.00212980 -0.02055980 0.04774630
v -0.00212980 -0.02257180 0.04618030
v -0.00152780 -0.02283380 0.04646500
v -0.00212980 -0.02055980 0.04774630
v -0.00212980 -0.02055980 0.04774630
v -0.00212980 -0.02055980 0.04774630
v -0.00212980 0.02246820 0.04618030
v -0.00242707 0.02202730 0.04570140
v -0.00212980 0.02045630 0.04774630
v -0.00152780 0.02066790 0.04807020
v -0.00212980 0.02246820 0.04618030
v -0.00212980 0.02045630 0.04774630
v -0.00212980 0.02045630 0.04774630
v -0.00212980 0.02045630 0.04774630
v -0.00242707 -0.02213090 0.04570140
v -0.00212980 -0.02429850 0.04430460
v -0.00212980 -0.02257180 0.04618030
v -0.00212980 -0.02429850 0.04430460
v -0.00152780 -0.02460380 0.04454230
v -0.00212980 -0.02257180 0.04618030
v -0.00212980 -0.02257180 0.04618030
v -0.00212980 -0.02257180 0.04618030
v -0.00212980 0.02419490 0.04430460
v -0.00242707 0.02368120 0.04390480
v -0.00212980 0.02246820 0.04618030
v -0.00152780 0.02273020 0.04646500
v -0.00212980 0.02419490 0.04430460
v -0.00212980 0.02246820 0.04618030
v -0.00212980 0.02246820 0.04618030
v -0.00212980 0.02246820 0.04618030
v -0.00212980 -0.02569290 0.04217030
v -0.00152780 -0.02603320 0.04235440
v -0.00212980 -0.02429850 0.04430460
v -0.00242707 -0.02378480 0.04390480
v -0.00212980 -0.02569290 0.04217030
v -0.00212980 -0.02429850 0.04430460
v -0.00212980 -0.02429850 0.04430460
v -0.00152780 -0.02603320 0.04235440
v -0.00212980 -0.02429850 0.04430460
v -0.00212980 0.02558940 0.04217030
v -0.00242707 0.02501690 0.04186050
v -0.00212980 0.02419490 0.04430460
v -0.00152780 0.02450020 0.04454230
v -0.00212980 0.02558940 0.04217030
v -0.00212980 0.02419490 0.04430460
v -0.00212980 0.02419490 0.04430460
v -0.00212980 0.02419490 0.04430460
v -0.00212980 -0.02671710 0.03983550
v -0.00152780 -0.02708300 0.03996110
v -0.00212980 -0.02569290 0.04217030
v -0.00242707 -0.02512040 0.04186050
v -0.00212980 -0.02671710 0.03983550
v -0.00212980 -0.02569290 0.04217030
v -0.00212980 -0.02569290 0.04217030
v -0.00152780 -0.02708300 0.03996110
v -0.00152780 -0.02603320 0.04235440
v -0.00212980 -0.02569290 0.04217030
v -0.00152780 0.02592960 0.04235440
v -0.00212980 0.02661350 0.03983550
v -0.00212980 0.02558940 0.04217030
v -0.00212980 0.02661350 0.03983550
v -0.00242707 0.02599780 0.03962410
v -0.00212980 0.02558940 0.04217030
v -0.00152780 0.02592960 0.04235440
v -0.00212980 0.02558940 0.04217030
v -0.00212980 0.02558940 0.04217030
v -0.00212980 -0.02734290 0.03736400
v -0.00152780 -0.02772450 0.03742770
v -0.00212980 -0.02671710 0.03983550
v -0.00242707 -0.02610140 0.03962410
v -0.00212980 -0.02734290 0.03736400
v -0.00212980 -0.02671710 0.03983550
v -0.00212980 -0.02671710 0.03983550
v -0.00152780 -0.02772450 0.03742770
v -0.00152780 -0.02708300 0.03996110
v -0.00212980 -0.02671710 0.03983550
v -0.00152780 0.02697940 0.03996110
v -0.00212980 0.02723940 0.03736400
v -0.00212980 0.02661350 0.03983550
v -0.00212980 0.02723940 0.03736400
v -0.00242707 0.02659730 0.03725690
v -0.00212980 0.02661350 0.03983550
v -0.00152780 0.02592960 0.04235440
v -0.00152780 0.02697940 0.03996110
v -0.00212980 0.02661350 0.03983550
v -0.00212980 0.02661350 0.03983550
v -0.00212980 -0.02755350 0.03482320
v -0.00152780 -0.02794030 0.03482320
v -0.00212980 -0.02734290 0.03736400
v -0.00242707 -0.02670090 0.03725690
v -0.00212980 -0.02755350 0.03482320
v -0.00212980 -0.02734290 0.03736400
v -0.00212980 -0.02734290 0.03736400
v -0.00152780 -0.02794030 0.03482320
v -0.00152780 -0.02772450 0.03742770
v -0.00212980 -0.02734290 0.03736400
v -0.00152780 0.02762100 0.03742770
v -0.00212980 0.02744990 0.03482320
v -0.00212980 0.02723940 0.03736400
v -0.00212980 0.02744990 0.03482320
v -0.00242707 0.02679900 0.03482320
v -0.00212980 0.02723940 0.03736400
v -0.00152780 0.02697940 0.03996110
v -0.00152780 0.02762100 0.03742770
v -0.00212980 0.02723940 0.03736400
v -0.00212980 0.02723940 0.03736400
v -0.00152780 -0.02772450 0.03221870
v -0.00212980 -0.02755350 0.03482320
v -0.00212980 -0.02734290 0.03228240
v -0.00212980 -0.02755350 0.03482320
v -0.00242707 -0.02690250 0.03482320
v -0.00212980 -0.02734290 0.03228240
v -0.00152780 -0.02794030 0.03482320
v -0.00212980 -0.02755350 0.03482320
v -0.00212980 -0.02755350 0.03482320
v -0.00152780 0.02783680 0.03482320
v -0.00212980 0.02723940 0.03228240
v -0.00212980 0.02744990 0.03482320
v -0.00212980 0.02723940 0.03228240
v -0.00242707 0.02659730 0.03238960
v -0.00212980 0.02744990 0.03482320
v -0.00152780 0.02762100 0.03742770
v -0.00152780 0.02783680 0.03482320
v -0.00212980 0.02744990 0.03482320
v -0.00212980 0.02744990 0.03482320
v -0.00212980 -0.02734290 0.03228240
v -0.00242707 -0.02670090 0.03238960
v -0.00212980 -0.02671710 0.02981090
v -0.00152780 -0.02708300 0.02968530
v -0.00212980 -0.02734290 0.03228240
v -0.00212980 -0.02671710 0.02981090
v -0.00212980 -0.02734290 0.03228240
v -0.00212980 -0.02734290 0.03228240
v -0.00152780 0.02762100 0.03221870
v -0.00212980 0.02661350 0.02981090
v -0.00212980 0.02723940 0.03228240
v -0.00212980 0.02661350 0.02981090
v -0.00242707 0.02599780 0.03002230
v -0.00212980 0.02723940 0.03228240
v -0.00152780 0.02783680 0.03482320
v -0.00212980 0.02723940 0.03228240
v -0.00212980 0.02723940 0.03228240
v -0.00212980 -0.02671710 0.02981090
v -0.00242707 -0.02610140 0.03002230
v -0.00212980 -0.02569290 0.02747620
v -0.00152780 -0.02603320 0.02729200
v -0.00212980 -0.02671710 0.02981090
v -0.00212980 -0.02569290 0.02747620
v -0.00212980 -0.02671710 0.02981090
v -0.00212980 -0.02671710 0.02981090
v -0.00212980 0.02558940 0.02747620
v -0.00242707 0.02501690 0.02778600
v -0.00212980 0.02661350 0.02981090
v -0.00152780 0.02697940 0.02968530
v -0.00212980 0.02558940 0.02747620
v -0.00212980 0.02661350 0.02981090
v -0.00212980 0.02661350 0.02981090
v -0.00212980 0.02661350 0.02981090
v -0.00212980 -0.02569290 0.02747620
v -0.00242707 -0.02512040 0.02778600
v -0.00212980 -0.02429850 0.02534180
v -0.00152780 -0.02460380 0.02510420
v -0.00212980 -0.02569290 0.02747620
v -0.00212980 -0.02429850 0.02534180
v -0.00212980 -0.02569290 0.02747620
v -0.00212980 -0.02569290 0.02747620
v -0.00212980 0.02419490 0.02534180
v -0.00242707 0.02368120 0.02574160
v -0.00212980 0.02558940 0.02747620
v -0.00152780 0.02592960 0.02729200
v -0.00212980 0.02419490 0.02534180
v -0.00212980 0.02558940 0.02747620
v -0.00212980 0.02558940 0.02747620
v -0.00212980 0.02558940 0.02747620
v -0.00212980 -0.02429850 0.02534180
v -0.00242707 -0.02378480 0.02574160
v -0.00212980 -0.02257180 0.02346610
v -0.00152780 -0.02283380 0.02318150
v -0.00212980 -0.02429850 0.02534180
v -0.00212980 -0.02257180 0.02346610
v -0.00212980 -0.02429850 0.02534180
v -0.00212980 -0.02429850 0.02534180
v -0.00212980 0.02246820 0.02346610
v -0.00212980 0.02419490 0.02534180
v -0.00212980 0.02419490 0.02534180
v -0.00152780 0.02450020 0.02510420
v -0.00212980 0.02246820 0.02346610
v -0.00212980 0.02419490 0.02534180
v -0.00212980 0.02419490 0.02534180
v -0.00212980 -0.02257180 0.02346610
v -0.00212980 -0.02257180 0.02346610
v -0.00152780 0.02273020 0.02318150
v -0.00212980 0.02246820 0.02346610
v -0.00212980 0.02246820 0.02346610
v -0.00152780 0.02112830 0.02188170
v -0.00212980 0.01763630 0.02006160
v -0.00212980 0.02089920 0.02219340
v -0.00212980 0.01763630 0.02006160
v -0.00242707 0.01731080 0.02062540
v -0.00212980 0.02089920 0.02219340
v -0.00212980 0.02089920 0.02219340
v -0.00212980 0.02089920 0.02219340
v -0.00212980 -0.01940070 0.02108250
v -0.00212980 -0.01602530 0.01913380
v -0.00212980 -0.01602530 0.01913380
v -0.00152780 -0.01620000 0.01878860
v -0.00212980 -0.01940070 0.02108250
v -0.00152780 -0.01961230 0.02075870
v -0.00212980 -0.01940070 0.02108250
v -0.00212980 -0.01940070 0.02108250
v -0.00212980 0.01415860 0.01830170
v -0.00242707 0.01389720 0.01889790
v -0.00212980 0.01763630 0.02006160
v -0.00152780 0.01782970 0.01972660
v -0.00212980 0.01415860 0.01830170
v -0.00212980 0.01763630 0.02006160
v -0.00212980 0.01763630 0.02006160
v -0.00212980 0.01763630 0.02006160
v -0.00212980 -0.01602530 0.01913380
v -0.00242707 -0.01573130 0.01971460
v -0.00212980 -0.01245600 0.01756810
v -0.00152780 -0.01259160 0.01720580
v -0.00212980 -0.01602530 0.01913380
v -0.00212980 -0.01245600 0.01756810
v -0.00212980 -0.01602530 0.01913380
v -0.00212980 -0.01602530 0.01913380
v -0.00212980 0.01050850 0.01693510
v -0.00242707 0.01031420 0.01755640
v -0.00212980 0.01415860 0.01830170
v -0.00152780 0.01431400 0.01794750
v -0.00212980 0.01050850 0.01693510
v -0.00212980 0.01415860 0.01830170
v -0.00212980 0.01415860 0.01830170
v -0.00212980 0.01415860 0.01830170
v -0.00212980 -0.01245600 0.01756810
v -0.00242707 -0.01222770 0.01817770
v -0.00212980 -0.00873609 0.01640460
v -0.00152780 -0.00883107 0.01602960
v -0.00212980 -0.01245600 0.01756810
v -0.00212980 -0.00873609 0.01640460
v -0.00212980 -0.01245600 0.01756810
v -0.00212980 -0.01245600 0.01756810
v -0.00212980 0.00673019 0.01597830
v -0.00242707 0.00660540 0.01661720
v -0.00212980 0.01050850 0.01693510
v -0.00152780 0.01062400 0.01656590
v -0.00212980 0.00673019 0.01597830
v -0.00212980 0.01050850 0.01693510
v -0.00212980 0.01050850 0.01693510
v -0.00212980 0.01050850 0.01693510
v -0.00212980 -0.00873609 0.01640460
v -0.00242707 -0.00857630 0.01703570
v -0.00212980 -0.00491081 0.01565740
v -0.00152780 -0.00496395 0.01527420
v -0.00212980 -0.00873609 0.01640460
v -0.00212980 -0.00491081 0.01565740
v -0.00212980 -0.00873609 0.01640460
v -0.00212980 -0.00873609 0.01640460
v -0.00212980 0.00286955 0.01544300
v -0.00242707 0.00281580 0.01609170
v -0.00212980 0.00673019 0.01597830
v -0.00152780 0.00680436 0.01559860
v -0.00212980 0.00286955 0.01544300
v -0.00212980 0.00673019 0.01597830
v -0.00212980 0.00673019 0.01597830
v -0.00212980 0.00673019 0.01597830
v -0.00212980 -0.00491081 0.01565740
v -0.00242707 -0.00482140 0.01630220
v -0.00212980 -0.00102654 0.01533560
v -0.00152780 -0.00103720 0.01494880
v -0.00212980 -0.00491081 0.01565740
v -0.00212980 -0.00102654 0.01533560
v -0.00212980 -0.00491081 0.01565740
v -0.00212980 -0.00491081 0.01565740
v -0.00212980 -0.00102654 0.01533560
v -0.00242707 -0.00100861 0.01598630
v -0.00212980 0.00286955 0.01544300
v -0.00152780 0.00290150 0.01505740
v -0.00212980 -0.00102654 0.01533560
v -0.00212980 0.00286955 0.01544300
v -0.00212980 0.00286955 0.01544300
v -0.00212980 0.00286955 0.01544300
v -0.00212980 -0.00102654 0.01533560
v -0.00212980 -0.00102654 0.01533560
v -0.00201982 -0.00395875 0.05302340
v -0.00208371 -0.00392340 0.05295950
v -0.00195535 -0.00399304 0.05308790
v -0.00208371 -0.00392340 0.05295950
v -0.00195535 -0.00399304 0.05308790
v -0.00201982 0.00385519 0.05302340
v -0.00202135 0.00386037 0.05302190
v -0.00208371 0.00381984 0.05295950
v -0.00208371 0.00381984 0.05295950
v -0.00195535 0.00388948 0.05308790
v -0.00201982 0.00385519 0.05302340
v -0.00197817 0.00397128 0.05305540
v -0.00195535 0.00388948 0.05308790
v -0.00196585 0.00406901 0.05303480
v -0.00197817 0.00397128 0.05305540
v -0.00196585 0.00406901 0.05303480
v -0.00197817 0.00397128 0.05305540
v -0.00195535 0.00388948 0.05308790
v -0.00197817 0.00397128 0.05305540
v -0.00195535 0.00388948 0.05308790
v -0.00154307 0.00407839 0.05346010
v -0.00196585 0.00406901 0.05303480
v -0.00196585 0.00406901 0.05303480
v -0.00154307 0.00407839 0.05346010
v -0.00145034 0.00426371 0.05340910
v -0.00196585 0.00406901 0.05303480
v -0.00145034 0.00426371 0.05340910
v -0.00193272 0.00423004 0.05294470
v -0.00196585 0.00406901 0.05303480
v -0.00196585 0.00406901 0.05303480
v -0.00194972 0.00422062 0.05293170
v -0.00196585 0.00406901 0.05303480
v -0.00154307 -0.00418195 0.05346010
v -0.00117000 -0.00431149 0.09895820
v -0.00195535 -0.00399304 0.05308790
v -0.00195535 -0.00399304 0.05308790
v -0.00154307 -0.00418195 0.05346010
v -0.00117000 -0.00497987 0.05218970
v -0.00185937 -0.00445955 0.05282680
v -0.00185661 -0.00478674 0.05211880
v -0.00145034 -0.00436727 0.05340910
v -0.00185937 -0.00445955 0.05282680
v -0.00185937 -0.00445955 0.05282680
v -0.00132019 -0.00450418 0.05330980
v -0.00117000 -0.00457441 0.05317540
v -0.00185937 -0.00445955 0.05282680
v -0.00185937 -0.00445955 0.05282680
v -0.00185661 0.00447116 0.05252800
v -0.00185937 0.00435599 0.05282680
v -0.00117000 0.00447085 0.05317540
v -0.00193650 0.00425411 0.05290560
v -0.00185937 0.00435599 0.05282680
v -0.00185937 0.00435599 0.05282680
v -0.00185937 0.00435599 0.05282680
v -0.00132019 0.00440062 0.05330980
v -0.00185937 0.00435599 0.05282680
v -0.00185661 0.00447116 0.05252800
v -0.00117000 0.00487631 0.05218970
v -0.00185661 0.00494895 0.05174230
v -0.00185661 0.00447116 0.05252800
v -0.00185661 -0.00478674 0.05211880
v -0.00185661 -0.00536707 0.05140550
v -0.00185661 0.00494895 0.05174230
v -0.00117000 0.00558515 0.05139370
v -0.00185661 0.00562100 0.05111460
v -0.00185661 0.00494895 0.05174230
v -0.00185661 -0.00611832 0.05087520
v -0.00117000 -0.00568871 0.05139370
v -0.00185661 -0.00536707 0.05140550
v -0.00185661 -0.00536707 0.05140550
v -0.00185661 0.00562100 0.05111460
v -0.00117000 0.00651748 0.05087710
v -0.00185661 0.00643746 0.05069160
v -0.00185661 0.00562100 0.05111460
v -0.00185661 -0.00698479 0.05056720
v -0.00117000 -0.00662104 0.05087710
v -0.00185661 -0.00611832 0.05087520
v -0.00185661 -0.00611832 0.05087520
v -0.00185661 0.00643746 0.05069160
v -0.00185661 -0.00698479 0.05056720
v -0.00180500 -0.00767178 0.05052810
v -0.00117000 -0.00767178 0.05069820
v -0.00185661 -0.00698479 0.05056720
v -0.00117000 0.01311330 0.04428450
v -0.00185661 0.01247600 0.04453880
v -0.00185661 0.01430640 0.04427570
v -0.00117000 0.01311330 0.04428450
v -0.00180500 0.01201320 0.04451840
v -0.00185661 0.01247600 0.04453880
v -0.00185661 -0.01350100 0.04445080
v -0.00117000 -0.01430220 0.04409410
v -0.00185661 -0.01529800 0.04401490
v -0.00185661 -0.01350100 0.04445080
v -0.00180500 -0.01211680 0.04451840
v -0.00117000 -0.01321680 0.04428450
v -0.00117000 -0.01321680 0.04428450
v -0.00117000 -0.01430220 0.04409410
v -0.00185661 -0.01350100 0.04445080
v -0.00185661 0.01605380 0.04367090
v -0.00117000 0.01525470 0.04377970
v -0.00185661 0.01430640 0.04427570
v -0.00185661 0.01430640 0.04427570
v -0.00117000 0.01419860 0.04409410
v -0.00117000 0.01311330 0.04428450
v -0.00117000 0.01525470 0.04377970
v -0.00117000 0.01419860 0.04409410
v -0.00185661 0.01430640 0.04427570
v -0.00185661 -0.01529800 0.04401490
v -0.00117000 -0.01535830 0.04377970
v -0.00185661 -0.01698010 0.04324670
v -0.00117000 -0.01430220 0.04409410
v -0.00117000 -0.01535830 0.04377970
v -0.00185661 -0.01529800 0.04401490
v -0.00185661 0.01765520 0.04274630
v -0.00117000 0.01692830 0.04298210
v -0.00185661 0.01605380 0.04367090
v -0.00117000 0.01692830 0.04298210
v -0.00117000 0.01525470 0.04377970
v -0.00185661 0.01605380 0.04367090
v -0.00185661 -0.01698010 0.04324670
v -0.00117000 -0.01703190 0.04298210
v -0.00185661 -0.01848640 0.04217410
v -0.00117000 -0.01535830 0.04377970
v -0.00185661 -0.01698010 0.04324670
v -0.00185661 0.01905270 0.04153530
v -0.00117000 0.01841580 0.04187540
v -0.00185661 0.01765520 0.04274630
v -0.00117000 0.01841580 0.04187540
v -0.00117000 0.01692830 0.04298210
v -0.00185661 0.01765520 0.04274630
v -0.00185661 -0.01848640 0.04217410
v -0.00117000 -0.01851930 0.04187540
v -0.00185661 -0.01976240 0.04083580
v -0.00185661 -0.01848640 0.04217410
v -0.00185661 0.02019580 0.04008180
v -0.00117000 0.01966060 0.04050150
v -0.00185661 0.01905270 0.04153530
v -0.00117000 0.01966060 0.04050150
v -0.00117000 0.01841580 0.04187540
v -0.00185661 0.01905270 0.04153530
v -0.00185661 -0.01976240 0.04083580
v -0.00117000 -0.01976420 0.04050150
v -0.00185661 -0.02076210 0.03928020
v -0.00185661 -0.01976240 0.04083580
v -0.00185661 0.02104310 0.03843820
v -0.00117000 0.02061580 0.03891250
v -0.00185661 0.02019580 0.04008180
v -0.00117000 0.02061580 0.03891250
v -0.00117000 0.01966060 0.04050150
v -0.00185661 0.02019580 0.04008180
v -0.00185661 -0.02076210 0.03928020
v -0.00117000 -0.02071930 0.03891250
v -0.00185661 -0.02144940 0.03756350
v -0.00185661 -0.02076210 0.03928020
v -0.00185661 0.02156410 0.03666400
v -0.00117000 0.02124500 0.03716850
v -0.00185661 0.02104310 0.03843820
v -0.00117000 0.02124500 0.03716850
v -0.00117000 0.02061580 0.03891250
v -0.00185661 0.02104310 0.03843820
v -0.00185661 -0.02144940 0.03756350
v -0.00117000 -0.02134850 0.03716850
v -0.00185661 -0.02179930 0.03574780
v -0.00185661 -0.02144940 0.03756350
v -0.00185661 0.02173980 0.03482320
v -0.00117000 0.02152440 0.03533570
v -0.00185661 0.02156410 0.03666400
v -0.00117000 0.02124500 0.03716850
v -0.00185661 0.02156410 0.03666400
v -0.00185661 -0.02179930 0.03574780
v -0.00117000 -0.02162800 0.03533570
v -0.00185661 -0.02179930 0.03389860
v -0.00185661 -0.02179930 0.03574780
v -0.00185661 0.02156410 0.03298240
v -0.00117000 0.02144350 0.03348350
v -0.00185661 0.02173980 0.03482320
v -0.00185661 0.02173980 0.03482320
v -0.00185661 -0.02179930 0.03389860
v -0.00117000 -0.02154710 0.03348350
v -0.00185661 -0.02144940 0.03208290
v -0.00185661 -0.02179930 0.03389860
v -0.00185661 0.02104310 0.03120820
v -0.00117000 0.02100540 0.03168210
v -0.00185661 0.02156410 0.03298240
v -0.00185661 0.02156410 0.03298240
v -0.00185661 -0.02144940 0.03208290
v -0.00117000 -0.02110890 0.03168210
v -0.00185661 -0.02076210 0.03036620
v -0.00185661 -0.02144940 0.03208290
v -0.00185661 0.02019580 0.02956460
v -0.00117000 0.02022650 0.02999960
v -0.00185661 0.02104310 0.03120820
v -0.00185661 0.02104310 0.03120820
v -0.00185661 -0.02076210 0.03036620
v -0.00117000 -0.02033010 0.02999960
v -0.00185661 -0.01976240 0.02881060
v -0.00185661 -0.02076210 0.03036620
v -0.00185661 0.01905270 0.02811110
v -0.00117000 0.01913650 0.02849990
v -0.00185661 0.02019580 0.02956460
v -0.00185661 0.02019580 0.02956460
v -0.00117000 -0.01924010 0.02849990
v -0.00185661 -0.01976240 0.02881060
v -0.00185661 -0.01976240 0.02881060
v -0.00117000 0.01777660 0.02723980
v -0.00185661 0.01905270 0.02811110
v -0.00185661 0.01905270 0.02811110
v -0.00180500 0.01787960 0.02710430
v -0.00185661 0.01905270 0.02811110
v -0.00185661 -0.01488480 0.02500670
v -0.00117000 -0.01189250 0.02371770
v -0.00185661 -0.01180190 0.02345840
v -0.00117000 -0.01499050 0.02530170
v -0.00185661 -0.01488480 0.02500670
v -0.00185661 -0.01488480 0.02500670
v -0.00185661 0.01169830 0.02345840
v -0.00185661 0.01478120 0.02500670
v -0.00185661 0.01169830 0.02345840
v -0.00117000 0.01178900 0.02371770
v -0.00185661 0.01478120 0.02500670
v -0.00185661 0.01478120 0.02500670
v -0.00185661 0.01478120 0.02500670
v -0.00185661 0.01766350 0.02690240
v -0.00117000 0.01488700 0.02530170
v -0.00185661 0.01478120 0.02500670
v -0.00185661 0.01478120 0.02500670
v -0.00185661 -0.01180190 0.02345840
v -0.00117000 -0.00862941 0.02251000
v -0.00185661 -0.00856009 0.02227850
v -0.00185661 -0.01180190 0.02345840
v -0.00185661 0.01169830 0.02345840
v -0.00185661 0.00845653 0.02227850
v -0.00117000 0.00852585 0.02251000
v -0.00185661 0.01169830 0.02345840
v -0.00185661 -0.00856009 0.02227850
v -0.00117000 -0.00524668 0.02169540
v -0.00185661 -0.00520323 0.02148290
v -0.00185661 -0.00856009 0.02227850
v -0.00117000 0.00514312 0.02169540
v -0.00185661 0.00845653 0.02227850
v -0.00185661 0.00509967 0.02148290
v -0.00185661 0.00845653 0.02227850
v -0.00117000 -0.00179150 0.02128520
v -0.00185661 -0.00180340 0.02108400
v -0.00185661 -0.00520323 0.02148290
v -0.00185661 -0.00520323 0.02148290
v -0.00117000 0.00168794 0.02128520
v -0.00185661 0.00509967 0.02148290
v -0.00185661 0.00169984 0.02108400
v -0.00185661 0.00509967 0.02148290
v -0.00185661 0.00169984 0.02108400
v -0.00185661 -0.00180340 0.02108400
v -0.00185661 0.00169984 0.02108400
v -0.00180500 -0.00767178 0.05052810
v -0.00117000 -0.01211680 0.05069820
v -0.00180500 -0.00767178 0.05052810
v -0.00180500 -0.01211680 0.04451840
v -0.00180500 0.01201320 0.04451840
v -0.00117000 0.01201320 0.04434820
v -0.00117000 0.01201320 0.04434820
v -0.00117000 -0.01211680 0.04434820
v -0.00180500 -0.01211680 0.04451840
v -0.00117000 -0.01321680 0.04428450
v -0.00180500 -0.01211680 0.04451840
v -0.00117000 -0.01211680 0.04434820
v -0.00117000 0.01201320 0.04434820
v -0.00180500 0.01201320 0.04451840
v -0.00117000 0.01311330 0.04428450
v -0.00169605 -0.00184783 0.09514820
v -0.00169605 -0.00184783 0.10784800
v -0.00087202 -0.00239843 0.09514820
v -0.00087202 -0.00239843 0.09514820
v -0.00169605 -0.00184783 0.10784800
v -0.00087202 -0.00239843 0.10784800
v -0.00169605 0.00174427 0.09514820
v -0.00087202 0.00229487 0.10784800
v -0.00169605 0.00174427 0.10784800
v -0.00169605 0.00174427 0.09514820
v -0.00169605 -0.00184783 0.09514820
v -0.00087202 0.00229487 0.09514820
v -0.00087202 0.00229487 0.09514820
v -0.00169605 -0.00184783 0.09514820
v -0.00087202 -0.00239843 0.09514820
v -0.00087202 0.00229487 0.09514820
v -0.00087202 0.00229487 0.10784800
v -0.00169605 0.00174427 0.09514820
v -0.00101403 -0.00435491 0.05377510
v -0.00117000 -0.00431149 0.09895820
v -0.00154307 -0.00418195 0.05346010
v -0.00101403 -0.00435491 0.05377510
v -0.00154307 -0.00418195 0.05346010
v -0.00154307 -0.00418195 0.05346010
v -0.00154307 0.00407839 0.05346010
v -0.00061610 0.00433516 0.05396350
v -0.00145034 0.00426371 0.05340910
v -0.00154307 0.00407839 0.05346010
v -0.00117000 0.00420793 0.10784800
v -0.00117000 0.00420793 0.09895820
v -0.00154307 0.00407839 0.05346010
v -0.00117000 0.00420793 0.09895820
v -0.00061610 0.00433516 0.05396350
v -0.00152780 -0.02708300 0.03996110
v -0.00117000 -0.02619290 0.04216340
v -0.00152780 -0.02603320 0.04235440
v -0.00152780 -0.02603320 0.04235440
v -0.00117000 -0.02488410 0.04425780
v -0.00152780 -0.02603320 0.04235440
v -0.00152780 0.02592960 0.04235440
v -0.00117000 0.02608940 0.04216340
v -0.00152780 0.02697940 0.03996110
v -0.00117000 0.02478050 0.04425780
v -0.00152780 0.02592960 0.04235440
v -0.00152780 0.02592960 0.04235440
v -0.00152780 -0.02772450 0.03742770
v -0.00117000 -0.02716110 0.03989130
v -0.00152780 -0.02708300 0.03996110
v -0.00152780 -0.02708300 0.03996110
v -0.00152780 0.02697940 0.03996110
v -0.00117000 0.02705750 0.03989130
v -0.00152780 0.02762100 0.03742770
v -0.00152780 0.02697940 0.03996110
v -0.00152780 -0.02794030 0.03482320
v -0.00117000 -0.02799030 0.03503710
v -0.00152780 -0.02772450 0.03742770
v -0.00152780 -0.02772450 0.03742770
v -0.00117000 -0.02776510 0.03749650
v -0.00152780 -0.02772450 0.03742770
v -0.00152780 0.02762100 0.03742770
v -0.00117000 0.02788680 0.03503710
v -0.00152780 0.02783680 0.03482320
v -0.00152780 0.02762100 0.03742770
v -0.00117000 0.02766150 0.03749650
v -0.00152780 0.02762100 0.03742770
v -0.00152780 -0.02794030 0.03482320
v -0.00117000 -0.02783140 0.03257240
v -0.00152780 -0.02794030 0.03482320
v -0.00152780 0.02783680 0.03482320
v -0.00117000 0.02772780 0.03257240
v -0.00152780 0.02783680 0.03482320
v -0.00145034 0.00426371 0.05340910
v -0.00061610 0.00433516 0.05396350
v -0.00145034 0.00426371 0.05340910
v -0.00117000 -0.00562388 0.10022800
v -0.00117000 -0.00722728 0.10784800
v -0.00117000 -0.00431149 0.10784800
v -0.00117000 -0.00431149 0.10784800
v -0.00117000 -0.00722728 0.10784800
v 0.00137000 -0.00431149 0.10784800
v -0.00117000 -0.00722728 0.10022800
v -0.00117000 -0.00722728 0.10784800
v -0.00117000 -0.00562388 0.10022800
v 0.00137000 -0.00722728 0.10022800
v -0.00117000 -0.00722728 0.10784800
v -0.00117000 -0.00722728 0.10022800
v 0.00137000 -0.00431149 0.10784800
v -0.00117000 -0.00722728 0.10784800
v 0.00137000 -0.00722728 0.10784800
v 0.00137000 -0.00722728 0.10784800
v -0.00117000 -0.00722728 0.10784800
v 0.00137000 -0.00722728 0.10022800
v -0.00117000 -0.00562388 0.10022800
v -0.00117000 -0.00431149 0.10784800
v -0.00117000 -0.00512852 0.10013300
v -0.00117000 -0.00512852 0.10013300
v -0.00117000 -0.00431149 0.10784800
v -0.00117000 -0.00470395 0.09986160
v -0.00117000 -0.00470395 0.09986160
v -0.00117000 -0.00431149 0.10784800
v -0.00117000 -0.00441471 0.09944980
v -0.00117000 -0.00441471 0.09944980
v -0.00117000 -0.00431149 0.10784800
v -0.00117000 -0.00431149 0.09895820
v -0.00117000 -0.00431149 0.10784800
v 0.00010000 -0.00259178 0.10784800
v -0.00087202 -0.00239843 0.10784800
v 0.00137000 -0.00431149 0.10784800
v 0.00010000 -0.00259178 0.10784800
v -0.00117000 -0.00431149 0.10784800
v -0.00117000 0.00712372 0.10784800
v -0.00117000 0.00552032 0.10022800
v -0.00117000 0.00420793 0.10784800
v 0.00137000 0.00420793 0.10784800
v -0.00117000 0.00712372 0.10784800
v -0.00117000 0.00420793 0.10784800
v -0.00117000 0.00420793 0.10784800
v -0.00117000 0.00552032 0.10022800
v -0.00117000 0.00502496 0.10013300
v -0.00117000 0.00420793 0.10784800
v -0.00117000 0.00502496 0.10013300
v -0.00117000 0.00460039 0.09986160
v -0.00117000 0.00460039 0.09986160
v -0.00117000 0.00431115 0.09944980
v -0.00117000 0.00420793 0.10784800
v -0.00117000 0.00420793 0.10784800
v -0.00117000 0.00431115 0.09944980
v -0.00117000 0.00420793 0.09895820
v -0.00117000 0.00420793 0.10784800
v -0.00087202 0.00229487 0.10784800
v 0.00010000 0.00248822 0.10784800
v -0.00117000 0.00420793 0.10784800
v 0.00010000 0.00248822 0.10784800
v 0.00137000 0.00420793 0.10784800
v -0.00117000 0.00712372 0.10784800
v -0.00117000 0.00712372 0.10022800
v -0.00117000 0.00552032 0.10022800
v -0.00117000 0.00712372 0.10784800
v 0.00137000 0.00712372 0.10784800
v -0.00117000 0.00712372 0.10022800
v 0.00137000 0.00712372 0.10784800
v -0.00117000 0.00712372 0.10784800
v 0.00137000 0.00420793 0.10784800
v -0.00117000 -0.00562388 0.10022800
v -0.00032650 -0.00575084 0.10022800
v -0.00117000 -0.00722728 0.10022800
v -0.00117000 -0.00722728 0.10022800
v 0.00052650 -0.00575084 0.10022800
v 0.00137000 -0.00722728 0.10022800
v -0.00117000 -0.00722728 0.10022800
v -0.00117000 -0.00562388 0.10022800
v -0.00117000 -0.00512852 0.10013300
v -0.00117000 0.00712372 0.10022800
v -0.00032650 0.00564728 0.10022800
v -0.00117000 0.00552032 0.10022800
v -0.00117000 0.00552032 0.10022800
v -0.00117000 0.00502496 0.10013300
v -0.00117000 0.00712372 0.10022800
v 0.00137000 0.00712372 0.10784800
v 0.00137000 0.00712372 0.10022800
v 0.00137000 0.00712372 0.10022800
v 0.00052650 0.00564728 0.10022800
v -0.00117000 0.00712372 0.10022800
v -0.00117000 0.00712372 0.10022800
v -0.00114143 -0.00508847 0.10011300
v -0.00117000 -0.00512852 0.10013300
v -0.00117000 -0.00470395 0.09986160
v 0.00010000 -0.00523920 0.10011300
v -0.00117000 -0.00512852 0.10013300
v -0.00117000 -0.00512852 0.10013300
v -0.00117000 0.00502496 0.10013300
v -0.00114143 0.00498491 0.10011300
v -0.00117000 0.00460039 0.09986160
v -0.00117000 0.00502496 0.10013300
v 0.00010000 0.00513564 0.10011300
v -0.00117000 0.00502496 0.10013300
v -0.00101201 -0.00456337 0.09964480
v -0.00117000 -0.00470395 0.09986160
v -0.00117000 -0.00441471 0.09944980
v -0.00117000 -0.00470395 0.09986160
v 0.00010000 -0.00469839 0.09964480
v 0.00010000 -0.00469839 0.09964480
v -0.00117000 -0.00470395 0.09986160
v -0.00117000 -0.00470395 0.09986160
v -0.00117000 0.00431115 0.09944980
v -0.00117000 0.00460039 0.09986160
v -0.00101201 0.00445981 0.09964480
v 0.00010000 0.00459483 0.09964480
v -0.00117000 0.00460039 0.09986160
v 0.00010000 0.00459483 0.09964480
v -0.00117000 0.00460039 0.09986160
v -0.00117000 0.00460039 0.09986160
v -0.00032865 -0.00447606 0.09895820
v -0.00117000 -0.00441471 0.09944980
v -0.00117000 -0.00431149 0.09895820
v -0.00117000 -0.00441471 0.09944980
v -0.00117000 0.00420793 0.09895820
v -0.00117000 0.00431115 0.09944980
v -0.00032865 0.00437250 0.09895820
v -0.00117000 0.00431115 0.09944980
v -0.00052368 -0.00445278 0.05400800
v -0.00117000 -0.00431149 0.09895820
v -0.00101403 -0.00435491 0.05377510
v -0.00052368 -0.00445278 0.05400800
v -0.00117000 -0.00431149 0.09895820
v -0.00061610 0.00433516 0.05396350
v -0.00117000 0.00420793 0.09895820
v -0.00117000 0.01201320 0.04434820
v -0.00117000 -0.01159070 0.04053820
v -0.00117000 -0.01211680 0.04434820
v -0.00117000 -0.01430220 0.04409410
v -0.00117000 -0.01321680 0.04428450
v -0.00117000 -0.01211680 0.04434820
v -0.00117000 -0.01211680 0.04434820
v -0.00117000 -0.01248880 0.04091020
v -0.00117000 -0.01430220 0.04409410
v -0.00117000 -0.01211680 0.04434820
v -0.00117000 -0.01159070 0.04053820
v -0.00117000 -0.01248880 0.04091020
v -0.00117000 0.01419860 0.04409410
v -0.00117000 0.01201320 0.04434820
v -0.00117000 0.01311330 0.04428450
v -0.00117000 0.01238520 0.04091020
v -0.00117000 0.01201320 0.04434820
v -0.00117000 0.01419860 0.04409410
v -0.00117000 0.01238520 0.04091020
v -0.00117000 0.01148720 0.04053820
v -0.00117000 0.01201320 0.04434820
v -0.00117000 0.01148720 0.04053820
v -0.00117000 -0.01159070 0.04053820
v -0.00117000 0.01201320 0.04434820
v -0.00117000 -0.01430220 0.04409410
v -0.00117000 -0.01248880 0.04091020
v -0.00117000 -0.01535830 0.04377970
v -0.00117000 0.01419860 0.04409410
v -0.00117000 0.01525470 0.04377970
v -0.00117000 0.01238520 0.04091020
v -0.00117000 -0.01248880 0.04091020
v 0.00073500 -0.01535830 0.04377970
v -0.00117000 -0.01535830 0.04377970
v 0.00137000 -0.01595970 0.04353860
v -0.00117000 -0.01535830 0.04377970
v 0.00073500 -0.01535830 0.04377970
v -0.00117000 -0.01535830 0.04377970
v 0.00137000 0.01585610 0.04353860
v -0.00117000 0.01525470 0.04377970
v -0.00117000 0.01692830 0.04298210
v -0.00117000 0.01238520 0.04091020
v -0.00117000 0.01525470 0.04377970
v 0.00073500 0.01238520 0.04091020
v 0.00073500 0.01238520 0.04091020
v -0.00117000 0.01525470 0.04377970
v 0.00073500 0.01525470 0.04377970
v 0.00073500 0.01525470 0.04377970
v -0.00117000 0.01525470 0.04377970
v 0.00137000 0.01585610 0.04353860
v 0.00137000 0.01757030 0.04255920
v -0.00117000 0.01692830 0.04298210
v -0.00117000 0.01841580 0.04187540
v 0.00137000 0.01585610 0.04353860
v -0.00117000 0.01692830 0.04298210
v 0.00137000 0.01757030 0.04255920
v 0.00137000 0.01904570 0.04124740
v -0.00117000 0.01841580 0.04187540
v -0.00117000 0.01966060 0.04050150
v 0.00137000 0.01757030 0.04255920
v -0.00117000 0.01841580 0.04187540
v 0.00137000 0.01904570 0.04124740
v -0.00117000 -0.01159070 0.04053820
v -0.00117000 -0.01222570 0.04070840
v -0.00117000 -0.01248880 0.04091020
v 0.00073500 -0.01248880 0.04091020
v -0.00117000 -0.01248880 0.04091020
v -0.00117000 -0.01222570 0.04070840
v 0.00073500 -0.01248880 0.04091020
v 0.00073500 -0.01535830 0.04377970
v -0.00117000 -0.01248880 0.04091020
v -0.00117000 0.01212220 0.04070840
v -0.00117000 0.01148720 0.04053820
v -0.00117000 0.01238520 0.04091020
v -0.00117000 0.01238520 0.04091020
v 0.00073500 0.01212220 0.04070840
v -0.00117000 0.01212220 0.04070840
v 0.00073500 0.01238520 0.04091020
v 0.00073500 0.01212220 0.04070840
v -0.00117000 0.01238520 0.04091020
v -0.00117000 -0.01191940 0.04058150
v -0.00117000 -0.01222570 0.04070840
v -0.00117000 -0.01159070 0.04053820
v -0.00117000 -0.01191940 0.04058150
v 0.00073500 -0.01191940 0.04058150
v -0.00117000 -0.01222570 0.04070840
v -0.00117000 -0.01222570 0.04070840
v 0.00073500 -0.01222570 0.04070840
v 0.00073500 -0.01248880 0.04091020
v -0.00117000 -0.01222570 0.04070840
v 0.00073500 -0.01191940 0.04058150
v 0.00073500 -0.01222570 0.04070840
v -0.00117000 0.01212220 0.04070840
v -0.00117000 0.01181590 0.04058150
v -0.00117000 0.01148720 0.04053820
v -0.00117000 0.01212220 0.04070840
v 0.00073500 0.01212220 0.04070840
v -0.00117000 0.01181590 0.04058150
v -0.00117000 -0.01159070 0.04053820
v 0.00073500 -0.01191940 0.04058150
v -0.00117000 -0.01191940 0.04058150
v 0.00073500 0.01148720 0.04053820
v -0.00117000 0.01148720 0.04053820
v -0.00117000 0.01181590 0.04058150
v -0.00117000 0.01181590 0.04058150
v 0.00073500 0.01212220 0.04070840
v 0.00073500 0.01181590 0.04058150
v -0.00117000 0.01181590 0.04058150
v 0.00073500 0.01181590 0.04058150
v 0.00073500 0.01148720 0.04053820
v -0.00117000 0.01148720 0.04053820
v 0.00073500 -0.01159070 0.04053820
v -0.00117000 -0.01159070 0.04053820
v 0.00073500 -0.01159070 0.04053820
v 0.00073500 -0.01191940 0.04058150
v -0.00117000 -0.01159070 0.04053820
v 0.00073500 0.01148720 0.04053820
v 0.00073500 -0.01159070 0.04053820
v -0.00117000 0.01148720 0.04053820
v 0.00137000 0.02021900 0.03965960
v -0.00117000 0.01966060 0.04050150
v -0.00117000 0.02061580 0.03891250
v 0.00137000 0.01904570 0.04124740
v -0.00117000 0.01966060 0.04050150
v 0.00137000 0.02021900 0.03965960
v 0.00137000 0.02103980 0.03786410
v -0.00117000 0.02061580 0.03891250
v -0.00117000 0.02124500 0.03716850
v 0.00137000 0.02021900 0.03965960
v -0.00117000 0.02061580 0.03891250
v 0.00137000 0.02147280 0.03593790
v -0.00117000 0.02124500 0.03716850
v -0.00117000 0.02124500 0.03716850
v -0.00058485 -0.00444887 0.05396300
v -0.00052368 -0.00445278 0.05400800
v -0.00101403 -0.00435491 0.05377510
v -0.00101403 -0.00435491 0.05377510
v -0.00101403 -0.00435491 0.05377510
v -0.00087202 -0.00239843 0.09514820
v -0.00087202 -0.00239843 0.10784800
v 0.00010000 -0.00259178 0.09514820
v 0.00010000 -0.00259178 0.09514820
v -0.00087202 -0.00239843 0.10784800
v 0.00010000 -0.00259178 0.10784800
v -0.00087202 0.00229487 0.09514820
v 0.00010000 0.00248822 0.10784800
v -0.00087202 0.00229487 0.10784800
v -0.00087202 0.00229487 0.09514820
v -0.00087202 -0.00239843 0.09514820
v 0.00010000 0.00248822 0.09514820
v 0.00010000 0.00248822 0.09514820
v -0.00087202 -0.00239843 0.09514820
v 0.00010000 -0.00259178 0.09514820
v 0.00010000 0.00248822 0.09514820
v 0.00010000 0.00248822 0.10784800
v -0.00087202 0.00229487 0.09514820
v -0.00061610 0.00433516 0.05396350
v -0.00058485 0.00434531 0.05396300
v -0.00061610 0.00433516 0.05396350
v -0.00020827 0.00438252 0.05421780
v -0.00061610 0.00433516 0.05396350
v -0.00018141 -0.00448786 0.05424580
v -0.00052368 -0.00445278 0.05400800
v -0.00034382 -0.00449678 0.05387320
v -0.00052368 -0.00445278 0.05400800
v -0.00052368 -0.00445278 0.05400800
v 0.00010000 -0.00259178 0.09514820
v 0.00010000 -0.00259178 0.10784800
v 0.00107202 -0.00239843 0.09514820
v 0.00107202 -0.00239843 0.09514820
v 0.00010000 -0.00259178 0.10784800
v 0.00107202 -0.00239843 0.10784800
v 0.00137000 -0.00431149 0.10784800
v 0.00107202 -0.00239843 0.10784800
v 0.00010000 -0.00259178 0.10784800
v 0.00010000 0.00248822 0.09514820
v 0.00107202 0.00229487 0.10784800
v 0.00010000 0.00248822 0.10784800
v 0.00137000 0.00420793 0.10784800
v 0.00010000 0.00248822 0.10784800
v 0.00107202 0.00229487 0.10784800
v 0.00010000 -0.00469839 0.09964480
v 0.00137000 -0.00470395 0.09986160
v 0.00010000 -0.00469839 0.09964480
v 0.00121201 -0.00456337 0.09964480
v 0.00137000 -0.00470395 0.09986160
v 0.00010000 -0.00469839 0.09964480
v 0.00010000 -0.00469839 0.09964480
v 0.00052865 -0.00447606 0.09895820
v 0.00010000 -0.00469839 0.09964480
v 0.00137000 0.00460039 0.09986160
v 0.00010000 0.00459483 0.09964480
v 0.00010000 0.00459483 0.09964480
v 0.00137000 0.00460039 0.09986160
v 0.00121201 0.00445981 0.09964480
v 0.00010000 0.00459483 0.09964480
v 0.00010000 0.00459483 0.09964480
v 0.00052865 0.00437250 0.09895820
v 0.00010000 0.00459483 0.09964480
v 0.00010000 0.00248822 0.09514820
v 0.00010000 -0.00259178 0.09514820
v 0.00107202 0.00229487 0.09514820
v 0.00107202 0.00229487 0.09514820
v 0.00010000 -0.00259178 0.09514820
v 0.00107202 -0.00239843 0.09514820
v 0.00107202 0.00229487 0.09514820
v 0.00107202 0.00229487 0.10784800
v 0.00010000 0.00248822 0.09514820
v 0.00136099 -0.00449678 0.05388220
v 0.00107634 -0.00438823 0.05416690
v 0.00010000 -0.00449678 0.05514320
v 0.00107634 -0.00438823 0.05416690
v 0.00010000 -0.00449678 0.05514320
v 0.00010000 -0.00449678 0.05466800
v 0.00136099 -0.00449678 0.05388220
v 0.00010000 -0.00449678 0.05514320
v 0.00010000 -0.00449678 0.05514320
v 0.00010000 -0.00449678 0.05514320
v 0.00010000 -0.00449678 0.05514320
v 0.00010000 0.00439322 0.05514320
v 0.00107634 0.00428467 0.05416690
v 0.00136099 0.00439322 0.05388220
v 0.00010000 0.00439322 0.05514320
v 0.00107634 0.00428467 0.05416690
v 0.00010000 0.00439322 0.05514320
v 0.00136099 0.00439322 0.05388220
v 0.00010000 0.00439322 0.05466800
v 0.00010000 0.00439322 0.05514320
v 0.00010000 0.00439322 0.05514320
v 0.00010000 0.00439322 0.05514320
v 0.00073500 -0.00496188 0.05221880
v 0.00073500 -0.00567094 0.05140800
v 0.00073500 -0.00496188 0.05221880
v 0.00073500 -0.00567094 0.05140800
v 0.00073500 -0.00405155 0.05106120
v 0.00073500 -0.00496188 0.05221880
v 0.00084977 -0.00393472 0.05170340
v 0.00079022 -0.00475845 0.05261100
v 0.00079022 -0.00475845 0.05261100
v 0.00073500 -0.00496188 0.05221880
v 0.00084977 -0.00393472 0.05170340
v 0.00073500 -0.00496188 0.05221880
v 0.00073500 0.00485832 0.05221880
v 0.00073500 0.00556738 0.05140800
v 0.00073500 0.00394799 0.05106120
v 0.00073500 0.00556738 0.05140800
v 0.00073500 0.00485832 0.05221880
v 0.00079528 0.00464671 0.05263010
v 0.00084977 0.00383116 0.05170340
v 0.00073500 0.00485832 0.05221880
v 0.00079528 0.00464671 0.05263010
v 0.00073500 0.00485832 0.05221880
v 0.00073500 0.00485832 0.05221880
v 0.00084977 0.00383116 0.05170340
v 0.00073500 -0.00567094 0.05140800
v 0.00073500 -0.00661028 0.05088090
v 0.00073500 -0.00567094 0.05140800
v 0.00073500 -0.00661028 0.05088090
v 0.00073500 -0.00567094 0.05140800
v 0.00073500 0.00556738 0.05140800
v 0.00073500 0.00650672 0.05088090
v 0.00073500 0.00650672 0.05088090
v 0.00073500 0.00556738 0.05140800
v 0.00073500 0.00556738 0.05140800
v 0.00073500 -0.00661028 0.05088090
v 0.00073500 -0.00767178 0.05069820
v 0.00073500 -0.00936715 0.04911070
v 0.00073500 -0.00661028 0.05088090
v 0.00073500 -0.00767178 0.05069820
v 0.00073500 -0.00287563 0.05017460
v 0.00073500 -0.00661028 0.05088090
v 0.00073500 -0.00936715 0.04911070
v 0.00073500 -0.00661028 0.05088090
v 0.00073500 -0.00661028 0.05088090
v 0.00073500 0.00650672 0.05088090
v 0.00073500 0.00926359 0.04911070
v 0.00073500 0.00756822 0.05069820
v 0.00073500 0.00650672 0.05088090
v 0.00073500 0.00756822 0.05069820
v 0.00073500 0.00277207 0.05017460
v 0.00073500 0.00926359 0.04911070
v 0.00073500 0.00650672 0.05088090
v 0.00073500 0.00650672 0.05088090
v 0.00073500 0.00650672 0.05088090
v 0.00073500 -0.01103090 0.05050670
v 0.00073500 -0.00767178 0.05069820
v 0.00073500 -0.01211680 0.05069820
v 0.00073500 -0.00767178 0.05069820
v 0.00073500 -0.01211680 0.05069820
v 0.00073500 -0.01211680 0.05069820
v 0.00137000 -0.01211680 0.05069820
v 0.00073500 -0.01103090 0.05050670
v -0.00117000 -0.01457910 0.05050610
v 0.00073500 -0.01211680 0.05069820
v 0.00137000 -0.01457910 0.05050610
v 0.00073500 -0.01211680 0.05069820
v 0.00073500 -0.01211680 0.05069820
v 0.00073500 -0.01007590 0.04995540
v 0.00073500 -0.00767178 0.05069820
v 0.00073500 -0.01103090 0.05050670
v 0.00073500 -0.00936715 0.04911070
v 0.00073500 -0.00767178 0.05069820
v 0.00073500 -0.01007590 0.04995540
v 0.00073500 -0.00767178 0.05069820
v 0.00073500 -0.00767178 0.05069820
v 0.00073500 0.01092730 0.05050670
v 0.00073500 0.01201320 0.05069820
v 0.00073500 0.00756822 0.05069820
v 0.00073500 0.01201320 0.05069820
v -0.00117000 0.00756822 0.05069820
v 0.00073500 0.00756822 0.05069820
v 0.00073500 0.00756822 0.05069820
v 0.00073500 0.00997237 0.04995540
v 0.00073500 0.01092730 0.05050670
v 0.00073500 0.00756822 0.05069820
v 0.00073500 0.00926359 0.04911070
v 0.00073500 0.00997237 0.04995540
v 0.00073500 0.00756822 0.05069820
v 0.00073500 0.01092730 0.05050670
v 0.00137000 0.01092730 0.05050670
v 0.00073500 0.01201320 0.05069820
v -0.00117000 0.01201320 0.05069820
v 0.00073500 0.01201320 0.05069820
v 0.00073500 0.01201320 0.05069820
v -0.00117000 0.01447550 0.05050610
v 0.00073500 0.01201320 0.05069820
v 0.00137000 0.01447550 0.05050610
v 0.00073500 0.01201320 0.05069820
v 0.00137000 0.01201320 0.05069820
v 0.00073500 0.01201320 0.05069820
v 0.00073500 -0.01103090 0.05050670
v 0.00137000 -0.01007590 0.04995540
v 0.00073500 -0.01007590 0.04995540
v 0.00073500 -0.01103090 0.05050670
v 0.00137000 -0.01103090 0.05050670
v 0.00073500 -0.01103090 0.05050670
v 0.00073500 0.00997237 0.04995540
v 0.00073500 0.01092730 0.05050670
v 0.00073500 -0.01007590 0.04995540
v 0.00137000 -0.00936715 0.04911070
v 0.00073500 -0.00936715 0.04911070
v 0.00073500 -0.01007590 0.04995540
v 0.00073500 0.00926359 0.04911070
v 0.00137000 0.00997237 0.04995540
v 0.00073500 0.00997237 0.04995540
v 0.00073500 0.00997237 0.04995540
v 0.00073500 -0.00936715 0.04911070
v 0.00073500 -0.00899002 0.04807460
v 0.00073500 -0.00936715 0.04911070
v 0.00137000 -0.00899002 0.04807460
v 0.00073500 -0.00899002 0.04807460
v 0.00073500 -0.00936715 0.04911070
v 0.00073500 0.00888646 0.04807460
v 0.00073500 0.00926359 0.04911070
v 0.00073500 0.00888646 0.04807460
v 0.00137000 0.00926359 0.04911070
v 0.00073500 0.00926359 0.04911070
v 0.00073500 0.00926359 0.04911070
v 0.00073500 -0.00899002 0.04697190
v 0.00073500 -0.00711609 0.04638260
v 0.00073500 -0.00899002 0.04807460
v 0.00073500 -0.00899002 0.04807460
v 0.00137000 -0.00899002 0.04697190
v 0.00073500 -0.00899002 0.04697190
v 0.00073500 -0.00530415 0.04638260
v 0.00073500 -0.00469080 0.04642240
v 0.00073500 -0.00899002 0.04807460
v 0.00073500 -0.00899002 0.04807460
v 0.00073500 -0.00469080 0.04642240
v 0.00073500 -0.00151219 0.04961800
v 0.00073500 -0.00899002 0.04807460
v 0.00073500 -0.00711609 0.04638260
v 0.00073500 -0.00530415 0.04638260
v 0.00073500 -0.00899002 0.04807460
v 0.00073500 -0.00899002 0.04807460
v 0.00073500 0.00888646 0.04807460
v 0.00073500 0.00683167 0.04641770
v 0.00073500 0.00888646 0.04697190
v 0.00073500 0.00888646 0.04697190
v 0.00137000 0.00888646 0.04807460
v 0.00073500 0.00888646 0.04807460
v 0.00073500 0.00505718 0.04641770
v 0.00073500 0.00683167 0.04641770
v 0.00073500 0.00888646 0.04807460
v 0.00073500 0.00505718 0.04641770
v 0.00073500 0.00888646 0.04807460
v 0.00073500 0.00140863 0.04961800
v 0.00073500 0.00888646 0.04807460
v 0.00073500 0.00888646 0.04807460
v 0.00073500 -0.00899002 0.04697190
v 0.00073500 -0.00726884 0.04633630
v 0.00073500 -0.00711609 0.04638260
v 0.00073500 -0.00899002 0.04697190
v 0.00073500 -0.00736190 0.04619760
v 0.00073500 -0.00726884 0.04633630
v 0.00073500 -0.00936715 0.04593570
v 0.00073500 -0.00736190 0.04619760
v 0.00073500 -0.00899002 0.04697190
v 0.00073500 -0.00899002 0.04697190
v 0.00137000 -0.00936715 0.04593570
v 0.00073500 -0.00936715 0.04593570
v 0.00073500 -0.00899002 0.04697190
v 0.00073500 0.00888646 0.04697190
v 0.00073500 0.00683167 0.04641770
v 0.00073500 0.00690644 0.04640580
v 0.00073500 0.00888646 0.04697190
v 0.00073500 0.00690644 0.04640580
v 0.00073500 0.00695048 0.04637030
v 0.00073500 0.00695048 0.04637030
v 0.00073500 0.00696379 0.04631100
v 0.00073500 0.00888646 0.04697190
v 0.00073500 0.00888646 0.04697190
v 0.00073500 0.00696379 0.04631100
v 0.00073500 0.00926359 0.04593570
v 0.00073500 0.00926359 0.04593570
v 0.00137000 0.00888646 0.04697190
v 0.00073500 0.00888646 0.04697190
v 0.00073500 0.00888646 0.04697190
v 0.00098900 -0.00071795 0.04655270
v 0.00073500 -0.00071795 0.04655270
v 0.00073500 -0.00079769 0.04656520
v 0.00073500 -0.00005178 0.04942820
v 0.00073500 -0.00079769 0.04656520
v 0.00073500 -0.00071795 0.04655270
v 0.00073500 -0.00255814 0.04642240
v 0.00073500 -0.00095688 0.04651540
v 0.00073500 -0.00079769 0.04656520
v 0.00073500 -0.00079769 0.04656520
v 0.00073500 -0.00095688 0.04651540
v 0.00098900 -0.00079769 0.04656520
v 0.00073500 -0.00255814 0.04642240
v 0.00073500 -0.00079769 0.04656520
v 0.00098900 -0.00071795 0.04655270
v 0.00073500 -0.00079769 0.04656520
v 0.00098900 -0.00079769 0.04656520
v 0.00073500 -0.00079769 0.04656520
v 0.00073500 0.00195300 0.04656520
v 0.00073500 -0.00071795 0.04655270
v 0.00073500 0.00179381 0.04651540
v 0.00073500 -0.00071795 0.04655270
v 0.00073500 0.00195300 0.04656520
v 0.00098900 0.00203274 0.04655270
v 0.00073500 0.00203274 0.04655270
v 0.00073500 0.00195300 0.04656520
v 0.00073500 0.00203274 0.04655270
v 0.00073500 0.00195300 0.04656520
v 0.00073500 0.00195300 0.04656520
v 0.00073500 0.00179381 0.04651540
v 0.00098900 0.00195300 0.04656520
v 0.00098900 0.00203274 0.04655270
v 0.00073500 0.00195300 0.04656520
v 0.00098900 0.00195300 0.04656520
v 0.00073500 0.00195300 0.04656520
v 0.00073500 0.00179381 0.04651540
v 0.00073500 -0.00071795 0.04655270
v 0.00073500 -0.00067070 0.04651540
v 0.00098900 -0.00067070 0.04651540
v 0.00073500 -0.00067070 0.04651540
v 0.00073500 -0.00071795 0.04655270
v 0.00098900 -0.00067070 0.04651540
v 0.00073500 -0.00071795 0.04655270
v 0.00098900 -0.00071795 0.04655270
v 0.00073500 0.00208000 0.04651540
v 0.00073500 0.00389019 0.04637030
v 0.00073500 0.00203274 0.04655270
v 0.00098900 0.00208000 0.04651540
v 0.00073500 0.00208000 0.04651540
v 0.00073500 0.00203274 0.04655270
v 0.00073500 0.00203274 0.04655270
v 0.00073500 0.00389019 0.04637030
v 0.00073500 0.00404352 0.04641770
v 0.00073500 0.00404352 0.04641770
v 0.00073500 0.00203274 0.04655270
v 0.00098900 0.00208000 0.04651540
v 0.00073500 0.00203274 0.04655270
v 0.00098900 0.00203274 0.04655270
v 0.00073500 -0.00249200 0.04640980
v 0.00073500 -0.00095688 0.04651540
v 0.00073500 -0.00255814 0.04642240
v 0.00073500 -0.00244343 0.04637200
v 0.00073500 -0.00095688 0.04651540
v 0.00073500 -0.00249200 0.04640980
v 0.00073500 -0.00244343 0.04637200
v 0.00073500 -0.00105521 0.04636620
v 0.00073500 -0.00095688 0.04651540
v 0.00098900 -0.00095688 0.04651540
v 0.00073500 -0.00095688 0.04651540
v 0.00073500 -0.00105521 0.04636620
v 0.00098900 -0.00079769 0.04656520
v 0.00073500 -0.00095688 0.04651540
v 0.00098900 -0.00095688 0.04651540
v 0.00073500 0.00179381 0.04651540
v 0.00073500 -0.00067070 0.04651540
v 0.00073500 0.00169548 0.04636620
v 0.00073500 0.00169548 0.04636620
v 0.00073500 -0.00067070 0.04651540
v 0.00073500 -0.00065592 0.04645330
v 0.00098900 -0.00065592 0.04645330
v 0.00073500 -0.00065592 0.04645330
v 0.00073500 -0.00067070 0.04651540
v 0.00098900 -0.00065592 0.04645330
v 0.00073500 -0.00067070 0.04651540
v 0.00098900 -0.00067070 0.04651540
v 0.00098900 0.00179381 0.04651540
v 0.00073500 0.00179381 0.04651540
v 0.00073500 0.00169548 0.04636620
v 0.00098900 0.00195300 0.04656520
v 0.00073500 0.00179381 0.04651540
v 0.00098900 0.00179381 0.04651540
v 0.00073500 0.00209477 0.04645330
v 0.00073500 0.00389019 0.04637030
v 0.00073500 0.00208000 0.04651540
v 0.00098900 0.00209477 0.04645330
v 0.00073500 0.00209477 0.04645330
v 0.00073500 0.00208000 0.04651540
v 0.00098900 0.00209477 0.04645330
v 0.00073500 0.00208000 0.04651540
v 0.00098900 0.00208000 0.04651540
v 0.00073500 0.00169548 0.04636620
v 0.00073500 -0.00065592 0.04645330
v 0.00073500 -0.00067362 0.04636620
v 0.00073500 -0.00067362 0.04636620
v 0.00073500 -0.00065592 0.04645330
v 0.00098900 -0.00067362 0.04636620
v 0.00098900 -0.00067362 0.04636620
v 0.00073500 -0.00065592 0.04645330
v 0.00098900 -0.00065592 0.04645330
v 0.00073500 0.00209477 0.04645330
v 0.00073500 0.00379537 0.04622810
v 0.00073500 0.00389019 0.04637030
v 0.00073500 0.00207707 0.04636620
v 0.00073500 0.00379537 0.04622810
v 0.00073500 0.00209477 0.04645330
v 0.00073500 0.00207707 0.04636620
v 0.00073500 0.00209477 0.04645330
v 0.00098900 0.00207707 0.04636620
v 0.00098900 0.00207707 0.04636620
v 0.00073500 0.00209477 0.04645330
v 0.00098900 0.00209477 0.04645330
v 0.00098900 -0.00463608 0.04641520
v 0.00073500 -0.00463608 0.04641520
v 0.00073500 -0.00469080 0.04642240
v 0.00073500 -0.00469080 0.04642240
v 0.00073500 -0.00463608 0.04641520
v 0.00073500 -0.00530415 0.04638260
v 0.00073500 -0.00476220 0.04641010
v 0.00073500 -0.00469080 0.04642240
v 0.00073500 -0.00469080 0.04642240
v 0.00073500 -0.00476220 0.04641010
v 0.00098900 -0.00469080 0.04642240
v 0.00098900 -0.00463608 0.04641520
v 0.00073500 -0.00469080 0.04642240
v 0.00098900 -0.00469080 0.04642240
v 0.00073500 -0.00255814 0.04642240
v 0.00073500 -0.00463608 0.04641520
v 0.00073500 -0.00266875 0.04639370
v 0.00073500 -0.00463608 0.04641520
v 0.00073500 -0.00255814 0.04642240
v 0.00098900 -0.00249200 0.04640980
v 0.00073500 -0.00249200 0.04640980
v 0.00073500 -0.00255814 0.04642240
v 0.00073500 -0.00255814 0.04642240
v 0.00073500 -0.00266875 0.04639370
v 0.00098900 -0.00255814 0.04642240
v 0.00098900 -0.00249200 0.04640980
v 0.00073500 -0.00255814 0.04642240
v 0.00098900 -0.00255814 0.04642240
v 0.00073500 0.00411829 0.04640580
v 0.00073500 0.00505718 0.04641770
v 0.00073500 0.00404352 0.04641770
v 0.00073500 0.00404352 0.04641770
v 0.00073500 0.00505718 0.04641770
v 0.00098900 0.00411829 0.04640580
v 0.00073500 0.00411829 0.04640580
v 0.00073500 0.00404352 0.04641770
v 0.00073500 0.00404352 0.04641770
v 0.00073500 0.00389019 0.04637030
v 0.00098900 0.00404352 0.04641770
v 0.00098900 0.00411829 0.04640580
v 0.00073500 0.00404352 0.04641770
v 0.00098900 0.00404352 0.04641770
v 0.00073500 0.00512683 0.04639780
v 0.00073500 0.00683167 0.04641770
v 0.00073500 0.00505718 0.04641770
v 0.00073500 0.00411829 0.04640580
v 0.00073500 0.00498519 0.04640340
v 0.00073500 0.00505718 0.04641770
v 0.00073500 0.00505718 0.04641770
v 0.00073500 0.00498519 0.04640340
v 0.00098900 0.00505718 0.04641770
v 0.00098900 0.00512683 0.04639780
v 0.00073500 0.00512683 0.04639780
v 0.00073500 0.00505718 0.04641770
v 0.00098900 0.00512683 0.04639780
v 0.00073500 0.00505718 0.04641770
v 0.00098900 0.00505718 0.04641770
v 0.00098900 0.00690644 0.04640580
v 0.00073500 0.00690644 0.04640580
v 0.00073500 0.00683167 0.04641770
v 0.00073500 0.00683167 0.04641770
v 0.00073500 0.00512683 0.04639780
v 0.00073500 0.00667833 0.04637030
v 0.00073500 0.00683167 0.04641770
v 0.00073500 0.00667833 0.04637030
v 0.00098900 0.00683167 0.04641770
v 0.00098900 0.00690644 0.04640580
v 0.00073500 0.00683167 0.04641770
v 0.00098900 0.00683167 0.04641770
v 0.00073500 -0.00266875 0.04639370
v 0.00073500 -0.00463608 0.04641520
v 0.00073500 -0.00459599 0.04639370
v 0.00098900 -0.00459599 0.04639370
v 0.00073500 -0.00459599 0.04639370
v 0.00073500 -0.00463608 0.04641520
v 0.00098900 -0.00459599 0.04639370
v 0.00073500 -0.00463608 0.04641520
v 0.00098900 -0.00463608 0.04641520
v 0.00073500 -0.00483594 0.04637320
v 0.00073500 -0.00476220 0.04641010
v 0.00073500 -0.00530415 0.04638260
v 0.00098900 -0.00476220 0.04641010
v 0.00073500 -0.00476220 0.04641010
v 0.00073500 -0.00483594 0.04637320
v 0.00098900 -0.00469080 0.04642240
v 0.00073500 -0.00476220 0.04641010
v 0.00098900 -0.00476220 0.04641010
v 0.00098900 -0.00244343 0.04637200
v 0.00073500 -0.00244343 0.04637200
v 0.00073500 -0.00249200 0.04640980
v 0.00098900 -0.00244343 0.04637200
v 0.00073500 -0.00249200 0.04640980
v 0.00098900 -0.00249200 0.04640980
v 0.00073500 0.00411829 0.04640580
v 0.00073500 0.00490970 0.04636030
v 0.00073500 0.00498519 0.04640340
v 0.00073500 0.00416233 0.04637030
v 0.00073500 0.00490970 0.04636030
v 0.00073500 0.00411829 0.04640580
v 0.00098900 0.00416233 0.04637030
v 0.00073500 0.00416233 0.04637030
v 0.00073500 0.00411829 0.04640580
v 0.00098900 0.00416233 0.04637030
v 0.00073500 0.00411829 0.04640580
v 0.00098900 0.00411829 0.04640580
v 0.00098900 0.00695048 0.04637030
v 0.00073500 0.00695048 0.04637030
v 0.00073500 0.00690644 0.04640580
v 0.00098900 0.00695048 0.04637030
v 0.00073500 0.00690644 0.04640580
v 0.00098900 0.00690644 0.04640580
v 0.00098900 0.00498519 0.04640340
v 0.00073500 0.00498519 0.04640340
v 0.00073500 0.00490970 0.04636030
v 0.00098900 0.00505718 0.04641770
v 0.00073500 0.00498519 0.04640340
v 0.00098900 0.00498519 0.04640340
v 0.00073500 0.00667833 0.04637030
v 0.00073500 0.00512683 0.04639780
v 0.00073500 0.00516721 0.04633810
v 0.00073500 0.00516721 0.04633810
v 0.00073500 0.00512683 0.04639780
v 0.00098900 0.00516721 0.04633810
v 0.00098900 0.00516721 0.04633810
v 0.00073500 0.00512683 0.04639780
v 0.00098900 0.00512683 0.04639780
v 0.00073500 -0.00266875 0.04639370
v 0.00073500 -0.00459599 0.04639370
v 0.00073500 -0.00276181 0.04630770
v 0.00073500 -0.00276181 0.04630770
v 0.00073500 -0.00459599 0.04639370
v 0.00073500 -0.00457053 0.04635790
v 0.00098900 -0.00457053 0.04635790
v 0.00073500 -0.00457053 0.04635790
v 0.00073500 -0.00459599 0.04639370
v 0.00098900 -0.00457053 0.04635790
v 0.00073500 -0.00459599 0.04639370
v 0.00098900 -0.00459599 0.04639370
v 0.00098900 -0.00266875 0.04639370
v 0.00073500 -0.00266875 0.04639370
v 0.00073500 -0.00276181 0.04630770
v 0.00098900 -0.00255814 0.04642240
v 0.00073500 -0.00266875 0.04639370
v 0.00098900 -0.00266875 0.04639370
v 0.00073500 -0.00530415 0.04638260
v 0.00073500 -0.00711609 0.04638260
v 0.00098900 -0.00530415 0.04638260
v 0.00073500 -0.00711609 0.04638260
v 0.00073500 -0.00726884 0.04633630
v 0.00098900 -0.00711609 0.04638260
v 0.00098900 -0.00530415 0.04638260
v 0.00073500 -0.00711609 0.04638260
v 0.00098900 -0.00711609 0.04638260
v 0.00073500 -0.00530415 0.04638260
v 0.00073500 -0.00489857 0.04631760
v 0.00073500 -0.00483594 0.04637320
v 0.00073500 -0.00530415 0.04638260
v 0.00073500 -0.00493661 0.04624910
v 0.00073500 -0.00489857 0.04631760
v 0.00073500 -0.00494831 0.04617420
v 0.00073500 -0.00493661 0.04624910
v 0.00073500 -0.00530415 0.04638260
v 0.00073500 -0.00625928 0.04356870
v 0.00073500 -0.00494831 0.04617420
v 0.00073500 -0.00530415 0.04638260
v 0.00073500 -0.00625928 0.04356870
v 0.00073500 -0.00530415 0.04638260
v 0.00098900 -0.00625928 0.04356870
v 0.00098900 -0.00625928 0.04356870
v 0.00073500 -0.00530415 0.04638260
v 0.00098900 -0.00530415 0.04638260
v 0.00098900 -0.00483594 0.04637320
v 0.00073500 -0.00483594 0.04637320
v 0.00073500 -0.00489857 0.04631760
v 0.00098900 -0.00476220 0.04641010
v 0.00073500 -0.00483594 0.04637320
v 0.00098900 -0.00483594 0.04637320
v 0.00073500 -0.00242002 0.04631620
v 0.00073500 -0.00105521 0.04636620
v 0.00073500 -0.00244343 0.04637200
v 0.00098900 -0.00242002 0.04631620
v 0.00073500 -0.00242002 0.04631620
v 0.00073500 -0.00244343 0.04637200
v 0.00098900 -0.00242002 0.04631620
v 0.00073500 -0.00244343 0.04637200
v 0.00098900 -0.00244343 0.04637200
v 0.00098900 0.00389019 0.04637030
v 0.00073500 0.00389019 0.04637030
v 0.00073500 0.00379537 0.04622810
v 0.00098900 0.00404352 0.04641770
v 0.00073500 0.00389019 0.04637030
v 0.00098900 0.00389019 0.04637030
v 0.00073500 0.00490970 0.04636030
v 0.00073500 0.00416233 0.04637030
v 0.00073500 0.00484532 0.04629860
v 0.00073500 0.00484532 0.04629860
v 0.00073500 0.00416233 0.04637030
v 0.00073500 0.00417564 0.04631100
v 0.00098900 0.00417564 0.04631100
v 0.00073500 0.00417564 0.04631100
v 0.00073500 0.00416233 0.04637030
v 0.00098900 0.00417564 0.04631100
v 0.00073500 0.00416233 0.04637030
v 0.00098900 0.00416233 0.04637030
v 0.00073500 0.00667833 0.04637030
v 0.00073500 0.00516721 0.04633810
v 0.00073500 0.00658352 0.04622810
v 0.00098900 0.00667833 0.04637030
v 0.00073500 0.00667833 0.04637030
v 0.00073500 0.00658352 0.04622810
v 0.00098900 0.00683167 0.04641770
v 0.00073500 0.00667833 0.04637030
v 0.00098900 0.00667833 0.04637030
v 0.00098900 0.00696379 0.04631100
v 0.00073500 0.00696379 0.04631100
v 0.00073500 0.00695048 0.04637030
v 0.00098900 0.00696379 0.04631100
v 0.00073500 0.00695048 0.04637030
v 0.00098900 0.00695048 0.04637030
v 0.00073500 -0.00242938 0.04624910
v 0.00073500 -0.00105521 0.04636620
v 0.00073500 -0.00242002 0.04631620
v 0.00073500 -0.00246684 0.04617420
v 0.00073500 -0.00105521 0.04636620
v 0.00073500 -0.00242938 0.04624910
v 0.00073500 -0.00246684 0.04617420
v 0.00073500 -0.00193777 0.04377000
v 0.00073500 -0.00105521 0.04636620
v 0.00073500 -0.00105521 0.04636620
v 0.00073500 -0.00193777 0.04377000
v 0.00098900 -0.00105521 0.04636620
v 0.00098900 -0.00095688 0.04651540
v 0.00073500 -0.00105521 0.04636620
v 0.00098900 -0.00105521 0.04636620
v 0.00073500 0.00081292 0.04377000
v 0.00073500 0.00169548 0.04636620
v 0.00073500 -0.00067362 0.04636620
v 0.00073500 -0.00155618 0.04377000
v 0.00073500 -0.00077194 0.04377000
v 0.00073500 -0.00067362 0.04636620
v 0.00073500 -0.00155618 0.04377000
v 0.00073500 -0.00067362 0.04636620
v 0.00098900 -0.00155618 0.04377000
v 0.00073500 -0.00067362 0.04636620
v 0.00073500 -0.00077194 0.04377000
v 0.00073500 0.00002868 0.04377000
v 0.00073500 -0.00067362 0.04636620
v 0.00073500 0.00002868 0.04377000
v 0.00073500 0.00081292 0.04377000
v 0.00098900 -0.00155618 0.04377000
v 0.00073500 -0.00067362 0.04636620
v 0.00098900 -0.00067362 0.04636620
v 0.00073500 0.00169548 0.04636620
v 0.00073500 0.00081292 0.04377000
v 0.00098900 0.00169548 0.04636620
v 0.00098900 0.00179381 0.04651540
v 0.00073500 0.00169548 0.04636620
v 0.00098900 0.00169548 0.04636620
v 0.00073500 0.00197875 0.04377000
v 0.00073500 0.00379537 0.04622810
v 0.00073500 0.00207707 0.04636620
v 0.00073500 0.00197875 0.04377000
v 0.00073500 0.00207707 0.04636620
v 0.00073500 0.00119451 0.04377000
v 0.00073500 0.00119451 0.04377000
v 0.00073500 0.00207707 0.04636620
v 0.00098900 0.00119451 0.04377000
v 0.00098900 0.00119451 0.04377000
v 0.00073500 0.00207707 0.04636620
v 0.00098900 0.00207707 0.04636620
v 0.00098900 0.00490970 0.04636030
v 0.00073500 0.00490970 0.04636030
v 0.00073500 0.00484532 0.04629860
v 0.00098900 0.00498519 0.04640340
v 0.00073500 0.00490970 0.04636030
v 0.00098900 0.00490970 0.04636030
v 0.00073500 -0.00276181 0.04630770
v 0.00073500 -0.00457053 0.04635790
v 0.00073500 -0.00455970 0.04630770
v 0.00073500 -0.00455970 0.04630770
v 0.00073500 -0.00457053 0.04635790
v 0.00098900 -0.00455970 0.04630770
v 0.00098900 -0.00455970 0.04630770
v 0.00073500 -0.00457053 0.04635790
v 0.00098900 -0.00457053 0.04635790
v 0.00073500 0.00658352 0.04622810
v 0.00073500 0.00516721 0.04633810
v 0.00073500 0.00561902 0.04509740
v 0.00073500 0.00561902 0.04509740
v 0.00073500 0.00516721 0.04633810
v 0.00098900 0.00561902 0.04509740
v 0.00098900 0.00561902 0.04509740
v 0.00073500 0.00516721 0.04633810
v 0.00098900 0.00516721 0.04633810
v 0.00098900 -0.00726884 0.04633630
v 0.00073500 -0.00726884 0.04633630
v 0.00073500 -0.00736190 0.04619760
v 0.00098900 -0.00711609 0.04638260
v 0.00073500 -0.00726884 0.04633630
v 0.00098900 -0.00726884 0.04633630
v 0.00098900 -0.00489857 0.04631760
v 0.00073500 -0.00489857 0.04631760
v 0.00073500 -0.00493661 0.04624910
v 0.00098900 -0.00483594 0.04637320
v 0.00073500 -0.00489857 0.04631760
v 0.00098900 -0.00489857 0.04631760
v 0.00073500 -0.00242938 0.04624910
v 0.00073500 -0.00242002 0.04631620
v 0.00098900 -0.00242938 0.04624910
v 0.00098900 -0.00242938 0.04624910
v 0.00073500 -0.00242002 0.04631620
v 0.00098900 -0.00242002 0.04631620
v 0.00073500 0.00484532 0.04629860
v 0.00073500 0.00417564 0.04631100
v 0.00073500 0.00480669 0.04622810
v 0.00073500 0.00480669 0.04622810
v 0.00073500 0.00417564 0.04631100
v 0.00073500 0.00415823 0.04622810
v 0.00073500 0.00415823 0.04622810
v 0.00073500 0.00417564 0.04631100
v 0.00098900 0.00415823 0.04622810
v 0.00098900 0.00415823 0.04622810
v 0.00073500 0.00417564 0.04631100
v 0.00098900 0.00417564 0.04631100
v 0.00073500 0.00926359 0.04593570
v 0.00073500 0.00696379 0.04631100
v 0.00073500 0.00694638 0.04622810
v 0.00073500 0.00694638 0.04622810
v 0.00073500 0.00696379 0.04631100
v 0.00098900 0.00694638 0.04622810
v 0.00098900 0.00694638 0.04622810
v 0.00073500 0.00696379 0.04631100
v 0.00098900 0.00696379 0.04631100
v 0.00073500 -0.00455970 0.04630770
v 0.00073500 -0.00308955 0.04585590
v 0.00073500 -0.00276181 0.04630770
v 0.00073500 -0.00453864 0.04585590
v 0.00073500 -0.00308955 0.04585590
v 0.00073500 -0.00455970 0.04630770
v 0.00073500 -0.00453864 0.04585590
v 0.00073500 -0.00455970 0.04630770
v 0.00098900 -0.00453864 0.04585590
v 0.00098900 -0.00453864 0.04585590
v 0.00073500 -0.00455970 0.04630770
v 0.00098900 -0.00455970 0.04630770
v 0.00073500 -0.00276181 0.04630770
v 0.00073500 -0.00308955 0.04585590
v 0.00098900 -0.00276181 0.04630770
v 0.00098900 -0.00266875 0.04639370
v 0.00073500 -0.00276181 0.04630770
v 0.00098900 -0.00276181 0.04630770
v 0.00098900 0.00484532 0.04629860
v 0.00073500 0.00484532 0.04629860
v 0.00073500 0.00480669 0.04622810
v 0.00098900 0.00490970 0.04636030
v 0.00073500 0.00484532 0.04629860
v 0.00098900 0.00484532 0.04629860
v 0.00073500 -0.00493661 0.04624910
v 0.00073500 -0.00494831 0.04617420
v 0.00098900 -0.00493661 0.04624910
v 0.00098900 -0.00489857 0.04631760
v 0.00073500 -0.00493661 0.04624910
v 0.00098900 -0.00493661 0.04624910
v 0.00073500 -0.00246684 0.04617420
v 0.00073500 -0.00242938 0.04624910
v 0.00098900 -0.00246684 0.04617420
v 0.00098900 -0.00246684 0.04617420
v 0.00073500 -0.00242938 0.04624910
v 0.00098900 -0.00242938 0.04624910
v 0.00073500 0.00205951 0.04375770
v 0.00073500 0.00379537 0.04622810
v 0.00073500 0.00197875 0.04377000
v 0.00073500 0.00205951 0.04375770
v 0.00073500 0.00289174 0.04356400
v 0.00073500 0.00379537 0.04622810
v 0.00073500 0.00379537 0.04622810
v 0.00073500 0.00289174 0.04356400
v 0.00098900 0.00379537 0.04622810
v 0.00098900 0.00389019 0.04637030
v 0.00073500 0.00379537 0.04622810
v 0.00098900 0.00379537 0.04622810
v 0.00073500 0.00480669 0.04622810
v 0.00073500 0.00415823 0.04622810
v 0.00073500 0.00480435 0.04611570
v 0.00073500 0.00480435 0.04611570
v 0.00073500 0.00415823 0.04622810
v 0.00073500 0.00467325 0.04494750
v 0.00073500 0.00467325 0.04494750
v 0.00073500 0.00415823 0.04622810
v 0.00073500 0.00434961 0.04465840
v 0.00073500 0.00434961 0.04465840
v 0.00073500 0.00415823 0.04622810
v 0.00073500 0.00325460 0.04356400
v 0.00073500 0.00325460 0.04356400
v 0.00073500 0.00415823 0.04622810
v 0.00098900 0.00325460 0.04356400
v 0.00098900 0.00325460 0.04356400
v 0.00073500 0.00415823 0.04622810
v 0.00098900 0.00415823 0.04622810
v 0.00073500 0.00480669 0.04622810
v 0.00073500 0.00480435 0.04611570
v 0.00098900 0.00480669 0.04622810
v 0.00098900 0.00484532 0.04629860
v 0.00073500 0.00480669 0.04622810
v 0.00098900 0.00480669 0.04622810
v 0.00073500 0.00658352 0.04622810
v 0.00073500 0.00561902 0.04509740
v 0.00073500 0.00619960 0.04509740
v 0.00073500 0.00658352 0.04622810
v 0.00073500 0.00619960 0.04509740
v 0.00098900 0.00658352 0.04622810
v 0.00098900 0.00667833 0.04637030
v 0.00073500 0.00658352 0.04622810
v 0.00098900 0.00658352 0.04622810
v 0.00073500 0.00926359 0.04593570
v 0.00073500 0.00694638 0.04622810
v 0.00073500 0.00997237 0.04509100
v 0.00073500 0.00997237 0.04509100
v 0.00073500 0.00694638 0.04622810
v 0.00073500 0.00597954 0.04338140
v 0.00073500 0.00597954 0.04338140
v 0.00073500 0.00694638 0.04622810
v 0.00098900 0.00597954 0.04338140
v 0.00098900 0.00597954 0.04338140
v 0.00073500 0.00694638 0.04622810
v 0.00098900 0.00694638 0.04622810
v 0.00073500 -0.00737726 0.04611780
v 0.00073500 -0.00736190 0.04619760
v 0.00073500 -0.00936715 0.04593570
v 0.00073500 -0.00736190 0.04619760
v 0.00073500 -0.00737726 0.04611780
v 0.00098900 -0.00736190 0.04619760
v 0.00098900 -0.00726884 0.04633630
v 0.00073500 -0.00736190 0.04619760
v 0.00098900 -0.00736190 0.04619760
v 0.00073500 -0.00625928 0.04356870
v 0.00073500 -0.00481722 0.04349380
v 0.00073500 -0.00494831 0.04617420
v 0.00073500 -0.00494831 0.04617420
v 0.00073500 -0.00481722 0.04349380
v 0.00098900 -0.00494831 0.04617420
v 0.00098900 -0.00493661 0.04624910
v 0.00073500 -0.00494831 0.04617420
v 0.00098900 -0.00494831 0.04617420
v 0.00073500 -0.00272201 0.04377000
v 0.00073500 -0.00193777 0.04377000
v 0.00073500 -0.00246684 0.04617420
v 0.00073500 -0.00246684 0.04617420
v 0.00073500 -0.00288588 0.04372080
v 0.00073500 -0.00272201 0.04377000
v 0.00073500 -0.00437945 0.04349380
v 0.00073500 -0.00288588 0.04372080
v 0.00073500 -0.00246684 0.04617420
v 0.00073500 -0.00437945 0.04349380
v 0.00073500 -0.00246684 0.04617420
v 0.00098900 -0.00437945 0.04349380
v 0.00098900 -0.00437945 0.04349380
v 0.00073500 -0.00246684 0.04617420
v 0.00098900 -0.00246684 0.04617420
v 0.00073500 -0.00936715 0.04593570
v 0.00073500 -0.00736248 0.04606070
v 0.00073500 -0.00737726 0.04611780
v 0.00098900 -0.00737726 0.04611780
v 0.00073500 -0.00737726 0.04611780
v 0.00073500 -0.00736248 0.04606070
v 0.00098900 -0.00736190 0.04619760
v 0.00073500 -0.00737726 0.04611780
v 0.00098900 -0.00737726 0.04611780
v 0.00073500 0.00512507 0.04509740
v 0.00073500 0.00516955 0.04509970
v 0.00073500 0.00480435 0.04611570
v 0.00073500 0.00480435 0.04611570
v 0.00073500 0.00516955 0.04509970
v 0.00098900 0.00480435 0.04611570
v 0.00073500 0.00480435 0.04611570
v 0.00073500 0.00467325 0.04494750
v 0.00073500 0.00512507 0.04509740
v 0.00098900 0.00480669 0.04622810
v 0.00073500 0.00480435 0.04611570
v 0.00098900 0.00480435 0.04611570
v 0.00073500 -0.00936715 0.04593570
v 0.00073500 -0.00731756 0.04602650
v 0.00073500 -0.00736248 0.04606070
v 0.00098900 -0.00736248 0.04606070
v 0.00073500 -0.00736248 0.04606070
v 0.00073500 -0.00731756 0.04602650
v 0.00098900 -0.00737726 0.04611780
v 0.00073500 -0.00736248 0.04606070
v 0.00098900 -0.00736248 0.04606070
v 0.00073500 -0.00724251 0.04601500
v 0.00073500 -0.00731756 0.04602650
v 0.00073500 -0.01007590 0.04509100
v 0.00098900 -0.00731756 0.04602650
v 0.00073500 -0.00731756 0.04602650
v 0.00073500 -0.00724251 0.04601500
v 0.00073500 -0.01007590 0.04509100
v 0.00073500 -0.00731756 0.04602650
v 0.00073500 -0.00936715 0.04593570
v 0.00098900 -0.00736248 0.04606070
v 0.00073500 -0.00731756 0.04602650
v 0.00098900 -0.00731756 0.04602650
v 0.00073500 -0.00578640 0.04601500
v 0.00073500 -0.00724251 0.04601500
v 0.00073500 -0.00661746 0.04356870
v 0.00073500 -0.00724251 0.04601500
v 0.00073500 -0.00578640 0.04601500
v 0.00098900 -0.00724251 0.04601500
v 0.00073500 -0.00661746 0.04356870
v 0.00073500 -0.00724251 0.04601500
v 0.00073500 -0.01007590 0.04509100
v 0.00098900 -0.00731756 0.04602650
v 0.00073500 -0.00724251 0.04601500
v 0.00098900 -0.00724251 0.04601500
v 0.00073500 -0.00578640 0.04601500
v 0.00073500 -0.00661746 0.04356870
v 0.00098900 -0.00578640 0.04601500
v 0.00098900 -0.00724251 0.04601500
v 0.00073500 -0.00578640 0.04601500
v 0.00098900 -0.00578640 0.04601500
v 0.00073500 -0.00936715 0.04593570
v 0.00137000 -0.01007590 0.04509100
v 0.00073500 -0.01007590 0.04509100
v 0.00073500 -0.00936715 0.04593570
v 0.00073500 0.00997237 0.04509100
v 0.00137000 0.00926359 0.04593570
v 0.00073500 0.00926359 0.04593570
v 0.00073500 0.00926359 0.04593570
v 0.00073500 -0.00308955 0.04585590
v 0.00073500 -0.00453864 0.04585590
v 0.00098900 -0.00308955 0.04585590
v 0.00098900 -0.00308955 0.04585590
v 0.00073500 -0.00453864 0.04585590
v 0.00098900 -0.00453864 0.04585590
v 0.00098900 -0.00276181 0.04630770
v 0.00073500 -0.00308955 0.04585590
v 0.00098900 -0.00308955 0.04585590
v 0.00073500 -0.00335408 0.04548360
v 0.00073500 -0.00452459 0.04548360
v 0.00073500 -0.00444499 0.04393390
v 0.00073500 -0.00452459 0.04548360
v 0.00073500 -0.00335408 0.04548360
v 0.00098900 -0.00452459 0.04548360
v 0.00073500 -0.00444499 0.04393390
v 0.00073500 -0.00452459 0.04548360
v 0.00098900 -0.00444499 0.04393390
v 0.00098900 -0.00444499 0.04393390
v 0.00073500 -0.00452459 0.04548360
v 0.00098900 -0.00452459 0.04548360
v 0.00073500 -0.00335408 0.04548360
v 0.00073500 -0.00444499 0.04393390
v 0.00098900 -0.00335408 0.04548360
v 0.00098900 -0.00452459 0.04548360
v 0.00073500 -0.00335408 0.04548360
v 0.00098900 -0.00335408 0.04548360
v 0.00073500 0.00516955 0.04509970
v 0.00073500 0.00512507 0.04509740
v 0.00098900 0.00516955 0.04509970
v 0.00098900 0.00480435 0.04611570
v 0.00073500 0.00516955 0.04509970
v 0.00098900 0.00516955 0.04509970
v 0.00073500 0.00512507 0.04509740
v 0.00073500 0.00467325 0.04494750
v 0.00098900 0.00512507 0.04509740
v 0.00098900 0.00516955 0.04509970
v 0.00073500 0.00512507 0.04509740
v 0.00098900 0.00512507 0.04509740
v 0.00073500 0.00619960 0.04509740
v 0.00073500 0.00561902 0.04509740
v 0.00098900 0.00619960 0.04509740
v 0.00098900 0.00619960 0.04509740
v 0.00073500 0.00561902 0.04509740
v 0.00098900 0.00561902 0.04509740
v 0.00098900 0.00658352 0.04622810
v 0.00073500 0.00619960 0.04509740
v 0.00098900 0.00619960 0.04509740
v 0.00073500 -0.00661746 0.04356870
v 0.00073500 -0.01007590 0.04509100
v 0.00073500 -0.01103090 0.04453970
v 0.00073500 -0.01007590 0.04509100
v 0.00137000 -0.01103090 0.04453970
v 0.00073500 -0.01103090 0.04453970
v 0.00073500 -0.01007590 0.04509100
v 0.00073500 0.00997237 0.04509100
v 0.00073500 0.00597954 0.04338140
v 0.00073500 0.01092730 0.04453970
v 0.00073500 0.01092730 0.04453970
v 0.00137000 0.00997237 0.04509100
v 0.00073500 0.00997237 0.04509100
v 0.00073500 0.00997237 0.04509100
v 0.00073500 0.00467325 0.04494750
v 0.00073500 0.00434961 0.04465840
v 0.00098900 0.00467325 0.04494750
v 0.00098900 0.00512507 0.04509740
v 0.00073500 0.00467325 0.04494750
v 0.00098900 0.00467325 0.04494750
v 0.00073500 0.00574310 0.04374890
v 0.00073500 0.00607318 0.04472510
v 0.00073500 0.00499631 0.04472510
v 0.00073500 0.00499631 0.04472510
v 0.00073500 0.00607318 0.04472510
v 0.00098900 0.00499631 0.04472510
v 0.00073500 0.00499631 0.04472510
v 0.00073500 0.00476455 0.04463150
v 0.00073500 0.00574310 0.04374890
v 0.00073500 0.00476455 0.04463150
v 0.00073500 0.00499631 0.04472510
v 0.00098900 0.00476455 0.04463150
v 0.00098900 0.00476455 0.04463150
v 0.00073500 0.00499631 0.04472510
v 0.00098900 0.00499631 0.04472510
v 0.00073500 0.00607318 0.04472510
v 0.00073500 0.00574310 0.04374890
v 0.00098900 0.00607318 0.04472510
v 0.00098900 0.00499631 0.04472510
v 0.00073500 0.00607318 0.04472510
v 0.00098900 0.00607318 0.04472510
v 0.00073500 0.00434961 0.04465840
v 0.00073500 0.00325460 0.04356400
v 0.00073500 0.00413716 0.04425460
v 0.00098900 0.00434961 0.04465840
v 0.00073500 0.00434961 0.04465840
v 0.00073500 0.00413716 0.04425460
v 0.00098900 0.00467325 0.04494750
v 0.00073500 0.00434961 0.04465840
v 0.00098900 0.00434961 0.04465840
v 0.00073500 0.00574310 0.04374890
v 0.00073500 0.00476455 0.04463150
v 0.00073500 0.00449534 0.04425460
v 0.00073500 0.00449534 0.04425460
v 0.00073500 0.00476455 0.04463150
v 0.00098900 0.00449534 0.04425460
v 0.00098900 0.00449534 0.04425460
v 0.00073500 0.00476455 0.04463150
v 0.00098900 0.00476455 0.04463150
v 0.00073500 -0.01211680 0.04434820
v 0.00073500 -0.00662214 0.04342650
v 0.00073500 -0.01103090 0.04453970
v 0.00073500 -0.01103090 0.04453970
v 0.00137000 -0.01211680 0.04434820
v 0.00073500 -0.01211680 0.04434820
v 0.00073500 -0.01103090 0.04453970
v 0.00073500 -0.00663501 0.04348570
v 0.00073500 -0.00661746 0.04356870
v 0.00073500 -0.01103090 0.04453970
v 0.00073500 -0.00662214 0.04342650
v 0.00073500 -0.00663501 0.04348570
v 0.00073500 -0.01103090 0.04453970
v 0.00073500 0.01092730 0.04453970
v 0.00073500 0.01238520 0.04091020
v 0.00073500 0.01201320 0.04434820
v 0.00073500 0.01201320 0.04434820
v 0.00137000 0.01092730 0.04453970
v 0.00073500 0.01092730 0.04453970
v 0.00073500 0.00597954 0.04338140
v 0.00073500 0.01238520 0.04091020
v 0.00073500 0.01092730 0.04453970
v 0.00073500 0.01092730 0.04453970
v 0.00073500 -0.01248880 0.04091020
v 0.00073500 -0.01211680 0.04434820
v 0.00073500 -0.01321680 0.04428450
v 0.00073500 -0.01211680 0.04434820
v 0.00073500 -0.01321680 0.04428450
v 0.00073500 -0.01248880 0.04091020
v 0.00073500 -0.00662214 0.04342650
v 0.00073500 -0.01211680 0.04434820
v 0.00073500 0.01201320 0.04434820
v 0.00073500 0.01238520 0.04091020
v 0.00073500 0.01311330 0.04428450
v 0.00073500 0.01311330 0.04428450
v 0.00137000 0.01201320 0.04434820
v 0.00073500 0.01201320 0.04434820
v 0.00073500 0.01201320 0.04434820
v 0.00073500 -0.01321680 0.04428450
v 0.00073500 -0.01430220 0.04409410
v 0.00073500 -0.01248880 0.04091020
v 0.00137000 -0.01408040 0.04414360
v 0.00073500 -0.01430220 0.04409410
v 0.00073500 -0.01321680 0.04428450
v 0.00073500 -0.01321680 0.04428450
v 0.00073500 0.01311330 0.04428450
v 0.00073500 0.01238520 0.04091020
v 0.00073500 0.01419860 0.04409410
v 0.00073500 0.01419860 0.04409410
v 0.00137000 0.01397680 0.04414360
v 0.00073500 0.01311330 0.04428450
v 0.00073500 0.01311330 0.04428450
v 0.00137000 0.01397680 0.04414360
v 0.00073500 0.00413716 0.04425460
v 0.00073500 0.00325460 0.04356400
v 0.00073500 0.00407981 0.04389410
v 0.00073500 0.00413716 0.04425460
v 0.00073500 0.00407981 0.04389410
v 0.00098900 0.00413716 0.04425460
v 0.00098900 0.00434961 0.04465840
v 0.00073500 0.00413716 0.04425460
v 0.00098900 0.00413716 0.04425460
v 0.00073500 0.00482542 0.04374890
v 0.00073500 0.00449534 0.04425460
v 0.00073500 0.00446139 0.04404330
v 0.00098900 0.00446139 0.04404330
v 0.00073500 0.00446139 0.04404330
v 0.00073500 0.00449534 0.04425460
v 0.00073500 0.00574310 0.04374890
v 0.00073500 0.00449534 0.04425460
v 0.00073500 0.00482542 0.04374890
v 0.00098900 0.00446139 0.04404330
v 0.00073500 0.00449534 0.04425460
v 0.00098900 0.00449534 0.04425460
v 0.00073500 -0.01248880 0.04091020
v 0.00073500 -0.01430220 0.04409410
v 0.00073500 -0.01535830 0.04377970
v 0.00073500 -0.01535830 0.04377970
v 0.00073500 -0.01430220 0.04409410
v 0.00073500 0.01419860 0.04409410
v 0.00073500 0.01238520 0.04091020
v 0.00073500 0.01525470 0.04377970
v 0.00073500 0.01525470 0.04377970
v 0.00137000 0.01397680 0.04414360
v 0.00073500 0.01419860 0.04409410
v 0.00073500 0.00482542 0.04374890
v 0.00073500 0.00446139 0.04404330
v 0.00073500 0.00451875 0.04387770
v 0.00073500 0.00451875 0.04387770
v 0.00073500 0.00446139 0.04404330
v 0.00098900 0.00451875 0.04387770
v 0.00098900 0.00451875 0.04387770
v 0.00073500 0.00446139 0.04404330
v 0.00098900 0.00446139 0.04404330
v 0.00098900 -0.00335408 0.04548360
v 0.00073500 -0.00444499 0.04393390
v 0.00098900 -0.00444499 0.04393390
v 0.00073500 0.00407981 0.04389410
v 0.00073500 0.00325460 0.04356400
v 0.00073500 0.00417930 0.04360850
v 0.00098900 0.00407981 0.04389410
v 0.00073500 0.00407981 0.04389410
v 0.00073500 0.00417930 0.04360850
v 0.00098900 0.00413716 0.04425460
v 0.00073500 0.00407981 0.04389410
v 0.00098900 0.00407981 0.04389410
v 0.00073500 0.00451875 0.04387770
v 0.00073500 0.00464458 0.04378110
v 0.00073500 0.00482542 0.04374890
v 0.00098900 0.00464458 0.04378110
v 0.00073500 0.00464458 0.04378110
v 0.00073500 0.00451875 0.04387770
v 0.00098900 0.00464458 0.04378110
v 0.00073500 0.00451875 0.04387770
v 0.00098900 0.00451875 0.04387770
v 0.00073500 0.00482542 0.04374890
v 0.00073500 0.00464458 0.04378110
v 0.00098900 0.00482542 0.04374890
v 0.00098900 0.00482542 0.04374890
v 0.00073500 0.00464458 0.04378110
v 0.00098900 0.00464458 0.04378110
v 0.00073500 -0.01535830 0.04377970
v 0.00137000 0.01585610 0.04353860
v 0.00137000 0.01397680 0.04414360
v 0.00073500 0.01525470 0.04377970
v 0.00073500 -0.00193777 0.04377000
v 0.00073500 -0.00272201 0.04377000
v 0.00098900 -0.00193777 0.04377000
v 0.00073500 -0.00272201 0.04377000
v 0.00073500 -0.00288588 0.04372080
v 0.00098900 -0.00272201 0.04377000
v 0.00098900 -0.00193777 0.04377000
v 0.00073500 -0.00272201 0.04377000
v 0.00098900 -0.00272201 0.04377000
v 0.00098900 -0.00105521 0.04636620
v 0.00073500 -0.00193777 0.04377000
v 0.00098900 -0.00193777 0.04377000
v 0.00073500 -0.00077194 0.04377000
v 0.00073500 -0.00155618 0.04377000
v 0.00098900 -0.00077194 0.04377000
v 0.00098900 -0.00077194 0.04377000
v 0.00073500 -0.00155618 0.04377000
v 0.00098900 -0.00155618 0.04377000
v 0.00073500 -0.00077194 0.04377000
v 0.00073500 -0.00069118 0.04375770
v 0.00073500 0.00002868 0.04377000
v 0.00098900 -0.00069118 0.04375770
v 0.00073500 -0.00069118 0.04375770
v 0.00073500 -0.00077194 0.04377000
v 0.00098900 -0.00069118 0.04375770
v 0.00073500 -0.00077194 0.04377000
v 0.00098900 -0.00077194 0.04377000
v 0.00073500 0.00081292 0.04377000
v 0.00073500 0.00002868 0.04377000
v 0.00098900 0.00081292 0.04377000
v 0.00073500 0.00002868 0.04377000
v 0.00073500 -0.00069118 0.04375770
v 0.00073500 -0.00013519 0.04372080
v 0.00073500 0.00002868 0.04377000
v 0.00073500 -0.00013519 0.04372080
v 0.00098900 0.00002868 0.04377000
v 0.00098900 0.00081292 0.04377000
v 0.00073500 0.00002868 0.04377000
v 0.00098900 0.00002868 0.04377000
v 0.00098900 0.00169548 0.04636620
v 0.00073500 0.00081292 0.04377000
v 0.00098900 0.00081292 0.04377000
v 0.00073500 0.00197875 0.04377000
v 0.00073500 0.00119451 0.04377000
v 0.00098900 0.00197875 0.04377000
v 0.00098900 0.00197875 0.04377000
v 0.00073500 0.00119451 0.04377000
v 0.00098900 0.00119451 0.04377000
v 0.00098900 0.00205951 0.04375770
v 0.00073500 0.00205951 0.04375770
v 0.00073500 0.00197875 0.04377000
v 0.00098900 0.00205951 0.04375770
v 0.00073500 0.00197875 0.04377000
v 0.00098900 0.00197875 0.04377000
v 0.00073500 -0.00013519 0.04372080
v 0.00073500 -0.00069118 0.04375770
v 0.00073500 -0.00064319 0.04372080
v 0.00098900 -0.00064319 0.04372080
v 0.00073500 -0.00064319 0.04372080
v 0.00073500 -0.00069118 0.04375770
v 0.00098900 -0.00064319 0.04372080
v 0.00073500 -0.00069118 0.04375770
v 0.00098900 -0.00069118 0.04375770
v 0.00073500 0.00210750 0.04372080
v 0.00073500 0.00289174 0.04356400
v 0.00073500 0.00205951 0.04375770
v 0.00098900 0.00210750 0.04372080
v 0.00073500 0.00210750 0.04372080
v 0.00073500 0.00205951 0.04375770
v 0.00098900 0.00210750 0.04372080
v 0.00073500 0.00205951 0.04375770
v 0.00098900 0.00205951 0.04375770
v 0.00073500 0.00574310 0.04374890
v 0.00073500 0.00482542 0.04374890
v 0.00098900 0.00574310 0.04374890
v 0.00098900 0.00574310 0.04374890
v 0.00073500 0.00482542 0.04374890
v 0.00098900 0.00482542 0.04374890
v 0.00098900 0.00607318 0.04472510
v 0.00073500 0.00574310 0.04374890
v 0.00098900 0.00574310 0.04374890
v 0.00073500 -0.00298420 0.04357340
v 0.00073500 -0.00288588 0.04372080
v 0.00073500 -0.00437945 0.04349380
v 0.00098900 -0.00288588 0.04372080
v 0.00073500 -0.00288588 0.04372080
v 0.00073500 -0.00298420 0.04357340
v 0.00098900 -0.00272201 0.04377000
v 0.00073500 -0.00288588 0.04372080
v 0.00098900 -0.00288588 0.04372080
v 0.00073500 -0.00013519 0.04372080
v 0.00073500 -0.00064319 0.04372080
v 0.00073500 -0.00062797 0.04365940
v 0.00098900 -0.00062797 0.04365940
v 0.00073500 -0.00062797 0.04365940
v 0.00073500 -0.00064319 0.04372080
v 0.00098900 -0.00062797 0.04365940
v 0.00073500 -0.00064319 0.04372080
v 0.00098900 -0.00064319 0.04372080
v 0.00073500 -0.00013519 0.04372080
v 0.00073500 -0.00062797 0.04365940
v 0.00073500 -0.00023351 0.04357340
v 0.00098900 -0.00013519 0.04372080
v 0.00073500 -0.00013519 0.04372080
v 0.00073500 -0.00023351 0.04357340
v 0.00098900 0.00002868 0.04377000
v 0.00073500 -0.00013519 0.04372080
v 0.00098900 -0.00013519 0.04372080
v 0.00073500 0.00212272 0.04365940
v 0.00073500 0.00289174 0.04356400
v 0.00073500 0.00210750 0.04372080
v 0.00098900 0.00212272 0.04365940
v 0.00073500 0.00212272 0.04365940
v 0.00073500 0.00210750 0.04372080
v 0.00098900 0.00212272 0.04365940
v 0.00073500 0.00210750 0.04372080
v 0.00098900 0.00210750 0.04372080
v 0.00073500 -0.00023351 0.04357340
v 0.00073500 -0.00062797 0.04365940
v 0.00073500 -0.00064553 0.04357340
v 0.00073500 -0.00064553 0.04357340
v 0.00073500 -0.00062797 0.04365940
v 0.00098900 -0.00064553 0.04357340
v 0.00098900 -0.00064553 0.04357340
v 0.00073500 -0.00062797 0.04365940
v 0.00098900 -0.00062797 0.04365940
v 0.00073500 0.00210516 0.04357340
v 0.00073500 0.00289174 0.04356400
v 0.00073500 0.00212272 0.04365940
v 0.00073500 0.00210516 0.04357340
v 0.00073500 0.00212272 0.04365940
v 0.00098900 0.00210516 0.04357340
v 0.00098900 0.00210516 0.04357340
v 0.00073500 0.00212272 0.04365940
v 0.00098900 0.00212272 0.04365940
v 0.00073500 0.00417930 0.04360850
v 0.00073500 0.00325460 0.04356400
v 0.00073500 0.00316154 0.04342530
v 0.00073500 0.00417930 0.04360850
v 0.00073500 0.00316154 0.04342530
v 0.00073500 0.00439467 0.04343820
v 0.00073500 0.00417930 0.04360850
v 0.00073500 0.00439467 0.04343820
v 0.00098900 0.00417930 0.04360850
v 0.00098900 0.00407981 0.04389410
v 0.00073500 0.00417930 0.04360850
v 0.00098900 0.00417930 0.04360850
v 0.00073500 -0.00437945 0.04349380
v 0.00073500 -0.00300161 0.04348840
v 0.00073500 -0.00298420 0.04357340
v 0.00073500 -0.00298420 0.04357340
v 0.00073500 -0.00300161 0.04348840
v 0.00098900 -0.00298420 0.04357340
v 0.00098900 -0.00288588 0.04372080
v 0.00073500 -0.00298420 0.04357340
v 0.00098900 -0.00298420 0.04357340
v 0.00073500 -0.00023351 0.04357340
v 0.00073500 -0.00064553 0.04357340
v 0.00073500 -0.00025092 0.04348840
v 0.00073500 -0.00025092 0.04348840
v 0.00073500 -0.00064553 0.04357340
v 0.00073500 -0.00074327 0.04342760
v 0.00098900 -0.00074327 0.04342760
v 0.00073500 -0.00074327 0.04342760
v 0.00073500 -0.00064553 0.04357340
v 0.00098900 -0.00074327 0.04342760
v 0.00073500 -0.00064553 0.04357340
v 0.00098900 -0.00064553 0.04357340
v 0.00073500 -0.00023351 0.04357340
v 0.00073500 -0.00025092 0.04348840
v 0.00098900 -0.00023351 0.04357340
v 0.00098900 -0.00013519 0.04372080
v 0.00073500 -0.00023351 0.04357340
v 0.00098900 -0.00023351 0.04357340
v 0.00073500 0.00210516 0.04357340
v 0.00073500 0.00287536 0.04348310
v 0.00073500 0.00289174 0.04356400
v 0.00073500 0.00200742 0.04342760
v 0.00073500 0.00287536 0.04348310
v 0.00073500 0.00210516 0.04357340
v 0.00098900 0.00200742 0.04342760
v 0.00073500 0.00200742 0.04342760
v 0.00073500 0.00210516 0.04357340
v 0.00098900 0.00200742 0.04342760
v 0.00073500 0.00210516 0.04357340
v 0.00098900 0.00210516 0.04357340
v 0.00073500 -0.00661746 0.04356870
v 0.00073500 -0.00663501 0.04348570
v 0.00098900 -0.00661746 0.04356870
v 0.00098900 -0.00578640 0.04601500
v 0.00073500 -0.00661746 0.04356870
v 0.00098900 -0.00661746 0.04356870
v 0.00073500 -0.00625928 0.04356870
v 0.00073500 -0.00480463 0.04343130
v 0.00073500 -0.00481722 0.04349380
v 0.00073500 -0.00635351 0.04342650
v 0.00073500 -0.00480463 0.04343130
v 0.00073500 -0.00625928 0.04356870
v 0.00098900 -0.00635351 0.04342650
v 0.00073500 -0.00635351 0.04342650
v 0.00073500 -0.00625928 0.04356870
v 0.00098900 -0.00635351 0.04342650
v 0.00073500 -0.00625928 0.04356870
v 0.00098900 -0.00625928 0.04356870
v 0.00073500 0.00289174 0.04356400
v 0.00073500 0.00287536 0.04348310
v 0.00098900 0.00289174 0.04356400
v 0.00098900 0.00379537 0.04622810
v 0.00073500 0.00289174 0.04356400
v 0.00098900 0.00289174 0.04356400
v 0.00098900 0.00316154 0.04342530
v 0.00073500 0.00316154 0.04342530
v 0.00073500 0.00325460 0.04356400
v 0.00098900 0.00316154 0.04342530
v 0.00073500 0.00325460 0.04356400
v 0.00098900 0.00325460 0.04356400
v 0.00073500 -0.00481722 0.04349380
v 0.00073500 -0.00480463 0.04343130
v 0.00098900 -0.00481722 0.04349380
v 0.00098900 -0.00494831 0.04617420
v 0.00073500 -0.00481722 0.04349380
v 0.00098900 -0.00481722 0.04349380
v 0.00073500 -0.00437945 0.04349380
v 0.00073500 -0.00298596 0.04342760
v 0.00073500 -0.00300161 0.04348840
v 0.00073500 -0.00449591 0.04338670
v 0.00073500 -0.00298596 0.04342760
v 0.00073500 -0.00437945 0.04349380
v 0.00098900 -0.00449591 0.04338670
v 0.00073500 -0.00449591 0.04338670
v 0.00073500 -0.00437945 0.04349380
v 0.00098900 -0.00449591 0.04338670
v 0.00073500 -0.00437945 0.04349380
v 0.00098900 -0.00437945 0.04349380
v 0.00098900 -0.00300161 0.04348840
v 0.00073500 -0.00300161 0.04348840
v 0.00073500 -0.00298596 0.04342760
v 0.00098900 -0.00298420 0.04357340
v 0.00073500 -0.00300161 0.04348840
v 0.00098900 -0.00300161 0.04348840
v 0.00073500 -0.00025092 0.04348840
v 0.00073500 -0.00074327 0.04342760
v 0.00073500 -0.00023527 0.04342760
v 0.00098900 -0.00025092 0.04348840
v 0.00073500 -0.00025092 0.04348840
v 0.00073500 -0.00023527 0.04342760
v 0.00098900 -0.00023351 0.04357340
v 0.00073500 -0.00025092 0.04348840
v 0.00098900 -0.00025092 0.04348840
v 0.00098900 -0.00663501 0.04348570
v 0.00073500 -0.00663501 0.04348570
v 0.00073500 -0.00662214 0.04342650
v 0.00098900 -0.00661746 0.04356870
v 0.00073500 -0.00663501 0.04348570
v 0.00098900 -0.00663501 0.04348570
v 0.00073500 0.00200742 0.04342760
v 0.00073500 0.00288940 0.04342530
v 0.00073500 0.00287536 0.04348310
v 0.00098900 0.00287536 0.04348310
v 0.00073500 0.00287536 0.04348310
v 0.00073500 0.00288940 0.04342530
v 0.00098900 0.00289174 0.04356400
v 0.00073500 0.00287536 0.04348310
v 0.00098900 0.00287536 0.04348310
v 0.00073500 0.00439467 0.04343820
v 0.00073500 0.00316154 0.04342530
v 0.00073500 0.00300879 0.04337910
v 0.00073500 0.00439467 0.04343820
v 0.00073500 0.00300879 0.04337910
v 0.00073500 0.00469901 0.04338140
v 0.00098900 0.00439467 0.04343820
v 0.00073500 0.00439467 0.04343820
v 0.00073500 0.00469901 0.04338140
v 0.00098900 0.00417930 0.04360850
v 0.00073500 0.00439467 0.04343820
v 0.00098900 0.00439467 0.04343820
v 0.00073500 -0.00635351 0.04342650
v 0.00073500 -0.00477157 0.04338670
v 0.00073500 -0.00480463 0.04343130
v 0.00098900 -0.00480463 0.04343130
v 0.00073500 -0.00480463 0.04343130
v 0.00073500 -0.00477157 0.04338670
v 0.00098900 -0.00481722 0.04349380
v 0.00073500 -0.00480463 0.04343130
v 0.00098900 -0.00480463 0.04343130
v 0.00073500 -0.00449591 0.04338670
v 0.00073500 -0.00293724 0.04339120
v 0.00073500 -0.00298596 0.04342760
v 0.00098900 -0.00298596 0.04342760
v 0.00073500 -0.00298596 0.04342760
v 0.00073500 -0.00293724 0.04339120
v 0.00098900 -0.00300161 0.04348840
v 0.00073500 -0.00298596 0.04342760
v 0.00098900 -0.00298596 0.04342760
v 0.00073500 -0.00023527 0.04342760
v 0.00073500 -0.00074327 0.04342760
v 0.00073500 -0.00018654 0.04339120
v 0.00073500 -0.00018654 0.04339120
v 0.00073500 -0.00074327 0.04342760
v 0.00073500 -0.00090538 0.04337910
v 0.00073500 -0.00090538 0.04337910
v 0.00073500 -0.00074327 0.04342760
v 0.00098900 -0.00090538 0.04337910
v 0.00098900 -0.00090538 0.04337910
v 0.00073500 -0.00074327 0.04342760
v 0.00098900 -0.00074327 0.04342760
v 0.00098900 -0.00023527 0.04342760
v 0.00073500 -0.00023527 0.04342760
v 0.00073500 -0.00018654 0.04339120
v 0.00098900 -0.00025092 0.04348840
v 0.00073500 -0.00023527 0.04342760
v 0.00098900 -0.00023527 0.04342760
v 0.00073500 0.00200742 0.04342760
v 0.00073500 0.00293388 0.04339060
v 0.00073500 0.00288940 0.04342530
v 0.00073500 0.00184531 0.04337910
v 0.00073500 0.00293388 0.04339060
v 0.00073500 0.00200742 0.04342760
v 0.00073500 0.00184531 0.04337910
v 0.00073500 0.00200742 0.04342760
v 0.00098900 0.00184531 0.04337910
v 0.00098900 0.00184531 0.04337910
v 0.00073500 0.00200742 0.04342760
v 0.00098900 0.00200742 0.04342760
v 0.00073500 -0.00657883 0.04339090
v 0.00073500 -0.00662214 0.04342650
v 0.00073500 -0.01248880 0.04091020
v 0.00098900 -0.00662214 0.04342650
v 0.00073500 -0.00662214 0.04342650
v 0.00073500 -0.00657883 0.04339090
v 0.00098900 -0.00663501 0.04348570
v 0.00073500 -0.00662214 0.04342650
v 0.00098900 -0.00662214 0.04342650
v 0.00073500 -0.00650509 0.04337910
v 0.00073500 -0.00477157 0.04338670
v 0.00073500 -0.00635351 0.04342650
v 0.00073500 -0.00650509 0.04337910
v 0.00073500 -0.00635351 0.04342650
v 0.00098900 -0.00650509 0.04337910
v 0.00098900 -0.00650509 0.04337910
v 0.00073500 -0.00635351 0.04342650
v 0.00098900 -0.00635351 0.04342650
v 0.00098900 0.00288940 0.04342530
v 0.00073500 0.00288940 0.04342530
v 0.00073500 0.00293388 0.04339060
v 0.00098900 0.00287536 0.04348310
v 0.00073500 0.00288940 0.04342530
v 0.00098900 0.00288940 0.04342530
v 0.00073500 0.00300879 0.04337910
v 0.00073500 0.00316154 0.04342530
v 0.00098900 0.00300879 0.04337910
v 0.00098900 0.00300879 0.04337910
v 0.00073500 0.00316154 0.04342530
v 0.00098900 0.00316154 0.04342530
v 0.00073500 -0.00464398 0.04335100
v 0.00073500 -0.00293724 0.04339120
v 0.00073500 -0.00449591 0.04338670
v 0.00073500 -0.00285545 0.04337910
v 0.00073500 -0.00293724 0.04339120
v 0.00073500 -0.00464398 0.04335100
v 0.00098900 -0.00293724 0.04339120
v 0.00073500 -0.00293724 0.04339120
v 0.00073500 -0.00285545 0.04337910
v 0.00098900 -0.00298596 0.04342760
v 0.00073500 -0.00293724 0.04339120
v 0.00098900 -0.00293724 0.04339120
v 0.00073500 -0.00018654 0.04339120
v 0.00073500 -0.00090538 0.04337910
v 0.00073500 -0.00010475 0.04337910
v 0.00098900 -0.00018654 0.04339120
v 0.00073500 -0.00018654 0.04339120
v 0.00073500 -0.00010475 0.04337910
v 0.00098900 -0.00023527 0.04342760
v 0.00073500 -0.00018654 0.04339120
v 0.00098900 -0.00018654 0.04339120
v 0.00073500 -0.00650509 0.04337910
v 0.00073500 -0.00657883 0.04339090
v 0.00073500 -0.01159070 0.04053820
v 0.00098900 -0.00657883 0.04339090
v 0.00073500 -0.00657883 0.04339090
v 0.00073500 -0.00650509 0.04337910
v 0.00073500 -0.01159070 0.04053820
v 0.00073500 -0.00657883 0.04339090
v 0.00073500 -0.01248880 0.04091020
v 0.00098900 -0.00662214 0.04342650
v 0.00073500 -0.00657883 0.04339090
v 0.00098900 -0.00657883 0.04339090
v 0.00073500 0.00184531 0.04337910
v 0.00073500 0.00300879 0.04337910
v 0.00073500 0.00293388 0.04339060
v 0.00098900 0.00293388 0.04339060
v 0.00073500 0.00293388 0.04339060
v 0.00073500 0.00300879 0.04337910
v 0.00098900 0.00288940 0.04342530
v 0.00073500 0.00293388 0.04339060
v 0.00098900 0.00293388 0.04339060
v 0.00073500 -0.00650509 0.04337910
v 0.00073500 -0.00464398 0.04335100
v 0.00073500 -0.00477157 0.04338670
v 0.00098900 -0.00477157 0.04338670
v 0.00073500 -0.00477157 0.04338670
v 0.00073500 -0.00464398 0.04335100
v 0.00098900 -0.00480463 0.04343130
v 0.00073500 -0.00477157 0.04338670
v 0.00098900 -0.00477157 0.04338670
v 0.00073500 -0.00464398 0.04335100
v 0.00073500 -0.00449591 0.04338670
v 0.00098900 -0.00464398 0.04335100
v 0.00098900 -0.00464398 0.04335100
v 0.00073500 -0.00449591 0.04338670
v 0.00098900 -0.00449591 0.04338670
v 0.00073500 0.00469901 0.04338140
v 0.00073500 0.01148720 0.04053820
v 0.00073500 0.00597954 0.04338140
v 0.00073500 0.00469901 0.04338140
v 0.00073500 0.00597954 0.04338140
v 0.00098900 0.00469901 0.04338140
v 0.00073500 0.00469901 0.04338140
v 0.00073500 0.00300879 0.04337910
v 0.00073500 0.01148720 0.04053820
v 0.00098900 0.00439467 0.04343820
v 0.00073500 0.00469901 0.04338140
v 0.00098900 0.00469901 0.04338140
v 0.00073500 0.00597954 0.04338140
v 0.00073500 0.01148720 0.04053820
v 0.00073500 0.01238520 0.04091020
v 0.00098900 0.00469901 0.04338140
v 0.00073500 0.00597954 0.04338140
v 0.00098900 0.00597954 0.04338140
v 0.00073500 -0.01159070 0.04053820
v 0.00073500 -0.00464398 0.04335100
v 0.00073500 -0.00650509 0.04337910
v 0.00098900 -0.00657883 0.04339090
v 0.00073500 -0.00650509 0.04337910
v 0.00098900 -0.00650509 0.04337910
v 0.00073500 -0.00090538 0.04337910
v 0.00073500 -0.00285545 0.04337910
v 0.00073500 -0.01159070 0.04053820
v 0.00073500 -0.00285545 0.04337910
v 0.00073500 -0.00090538 0.04337910
v 0.00098900 -0.00285545 0.04337910
v 0.00073500 -0.01159070 0.04053820
v 0.00073500 -0.00285545 0.04337910
v 0.00073500 -0.00464398 0.04335100
v 0.00098900 -0.00293724 0.04339120
v 0.00073500 -0.00285545 0.04337910
v 0.00098900 -0.00285545 0.04337910
v 0.00073500 -0.00010475 0.04337910
v 0.00073500 -0.00090538 0.04337910
v 0.00073500 -0.01159070 0.04053820
v 0.00098900 -0.00285545 0.04337910
v 0.00073500 -0.00090538 0.04337910
v 0.00098900 -0.00090538 0.04337910
v 0.00073500 0.00184531 0.04337910
v 0.00073500 -0.00010475 0.04337910
v 0.00073500 0.01148720 0.04053820
v 0.00073500 -0.00010475 0.04337910
v 0.00073500 0.00184531 0.04337910
v 0.00098900 -0.00010475 0.04337910
v 0.00073500 -0.00010475 0.04337910
v 0.00073500 -0.01159070 0.04053820
v 0.00073500 0.01148720 0.04053820
v 0.00098900 -0.00018654 0.04339120
v 0.00073500 -0.00010475 0.04337910
v 0.00098900 -0.00010475 0.04337910
v 0.00073500 0.01148720 0.04053820
v 0.00073500 0.00300879 0.04337910
v 0.00073500 0.00184531 0.04337910
v 0.00098900 -0.00010475 0.04337910
v 0.00073500 0.00184531 0.04337910
v 0.00098900 0.00184531 0.04337910
v 0.00098900 0.00293388 0.04339060
v 0.00073500 0.00300879 0.04337910
v 0.00098900 0.00300879 0.04337910
v 0.00098900 -0.00477157 0.04338670
v 0.00073500 -0.00464398 0.04335100
v 0.00098900 -0.00464398 0.04335100
v 0.00073500 -0.01159070 0.04053820
v 0.00073500 -0.01248880 0.04091020
v 0.00073500 -0.01222570 0.04070840
v 0.00073500 0.01148720 0.04053820
v 0.00073500 0.01212220 0.04070840
v 0.00073500 0.01238520 0.04091020
v 0.00073500 -0.01222570 0.04070840
v 0.00073500 -0.01191940 0.04058150
v 0.00073500 -0.01159070 0.04053820
v 0.00073500 0.01181590 0.04058150
v 0.00073500 0.01212220 0.04070840
v 0.00073500 0.01148720 0.04053820
v 0.00079022 -0.00475845 0.05261100
v 0.00084977 -0.00393472 0.05170340
v 0.00084977 -0.00464501 0.05273250
v 0.00079022 -0.00475845 0.05261100
v 0.00084977 -0.00464501 0.05273250
v 0.00095040 -0.00460360 0.05305640
v 0.00095040 -0.00460360 0.05305640
v 0.00079022 -0.00475845 0.05261100
v 0.00079022 -0.00475845 0.05261100
v 0.00079528 0.00464671 0.05263010
v 0.00084977 0.00454146 0.05273250
v 0.00084977 0.00383116 0.05170340
v 0.00094978 0.00450046 0.05305480
v 0.00084977 0.00454146 0.05273250
v 0.00079528 0.00464671 0.05263010
v 0.00094978 0.00450046 0.05305480
v 0.00079528 0.00464671 0.05263010
v 0.00079528 0.00464671 0.05263010
v 0.00084977 -0.00393472 0.05170340
v 0.00131839 -0.00353001 0.05206220
v 0.00084977 -0.00464501 0.05273250
v 0.00095040 -0.00460360 0.05305640
v 0.00084977 -0.00464501 0.05273250
v 0.00131839 -0.00416615 0.05298380
v 0.00131839 -0.00353001 0.05206220
v 0.00131839 -0.00416615 0.05298380
v 0.00084977 -0.00464501 0.05273250
v 0.00084977 0.00383116 0.05170340
v 0.00084977 0.00454146 0.05273250
v 0.00131839 0.00406259 0.05298380
v 0.00094978 0.00450046 0.05305480
v 0.00131839 0.00406259 0.05298380
v 0.00084977 0.00454146 0.05273250
v 0.00084977 -0.00393472 0.05170340
v 0.00084977 -0.00299857 0.05087410
v 0.00131839 -0.00269135 0.05131910
v 0.00084977 -0.00299857 0.05087410
v 0.00084977 -0.00393472 0.05170340
v 0.00131839 -0.00269135 0.05131910
v 0.00131839 -0.00353001 0.05206220
v 0.00084977 -0.00393472 0.05170340
v 0.00084977 0.00383116 0.05170340
v 0.00131839 0.00258779 0.05131910
v 0.00084977 0.00289501 0.05087410
v 0.00084977 0.00383116 0.05170340
v 0.00084977 0.00289501 0.05087410
v 0.00131839 0.00406259 0.05298380
v 0.00131839 0.00342645 0.05206220
v 0.00084977 0.00383116 0.05170340
v 0.00084977 0.00383116 0.05170340
v 0.00131839 0.00342645 0.05206220
v 0.00131839 0.00258779 0.05131910
v 0.00084977 -0.00299857 0.05087410
v 0.00084977 -0.00189127 0.05029290
v 0.00131839 -0.00169949 0.05079860
v 0.00084977 -0.00189127 0.05029290
v 0.00084977 -0.00299857 0.05087410
v 0.00131839 -0.00269135 0.05131910
v 0.00084977 -0.00299857 0.05087410
v 0.00131839 -0.00169949 0.05079860
v 0.00084977 -0.00299857 0.05087410
v 0.00084977 0.00289501 0.05087410
v 0.00131839 0.00258779 0.05131910
v 0.00084977 0.00178771 0.05029290
v 0.00084977 0.00289501 0.05087410
v 0.00084977 0.00178771 0.05029290
v 0.00084977 0.00289501 0.05087410
v 0.00084977 -0.00189127 0.05029290
v 0.00084977 -0.00067705 0.04999360
v 0.00131839 -0.00061187 0.05053050
v 0.00084977 -0.00067705 0.04999360
v 0.00084977 -0.00189127 0.05029290
v 0.00131839 -0.00169949 0.05079860
v 0.00084977 -0.00189127 0.05029290
v 0.00131839 -0.00061187 0.05053050
v 0.00084977 -0.00189127 0.05029290
v 0.00084977 0.00057350 0.04999360
v 0.00084977 0.00178771 0.05029290
v 0.00131839 0.00159593 0.05079860
v 0.00084977 0.00178771 0.05029290
v 0.00084977 0.00057350 0.04999360
v 0.00131839 0.00159593 0.05079860
v 0.00084977 0.00178771 0.05029290
v 0.00131839 0.00258779 0.05131910
v 0.00084977 0.00178771 0.05029290
v 0.00084977 -0.00067705 0.04999360
v 0.00084977 0.00057350 0.04999360
v 0.00131839 0.00050831 0.05053050
v 0.00084977 0.00057350 0.04999360
v 0.00084977 -0.00067705 0.04999360
v 0.00131839 -0.00061187 0.05053050
v 0.00084977 -0.00067705 0.04999360
v 0.00131839 0.00050831 0.05053050
v 0.00084977 -0.00067705 0.04999360
v 0.00131839 0.00050831 0.05053050
v 0.00084977 0.00057350 0.04999360
v 0.00131839 0.00159593 0.05079860
v 0.00084977 0.00057350 0.04999360
v 0.00135681 0.00439322 0.05387320
v 0.00131839 0.00406259 0.05298380
v 0.00094978 0.00450046 0.05305480
v 0.00135681 0.00439322 0.05387320
v 0.00094978 0.00450046 0.05305480
v 0.00095040 -0.00460360 0.05305640
v 0.00131839 -0.00416615 0.05298380
v 0.00135681 -0.00449678 0.05387320
v 0.00135681 -0.00449678 0.05387320
v 0.00095040 -0.00460360 0.05305640
v 0.00098900 -0.00079769 0.04656520
v 0.00098900 -0.00067362 0.04636620
v 0.00098900 -0.00071795 0.04655270
v 0.00098900 -0.00095688 0.04651540
v 0.00098900 -0.00067362 0.04636620
v 0.00098900 -0.00079769 0.04656520
v 0.00098900 0.00195300 0.04656520
v 0.00098900 0.00207707 0.04636620
v 0.00098900 0.00203274 0.04655270
v 0.00098900 0.00179381 0.04651540
v 0.00098900 0.00207707 0.04636620
v 0.00098900 0.00195300 0.04656520
v 0.00098900 -0.00071795 0.04655270
v 0.00098900 -0.00065592 0.04645330
v 0.00098900 -0.00067070 0.04651540
v 0.00098900 -0.00071795 0.04655270
v 0.00098900 -0.00067362 0.04636620
v 0.00098900 -0.00065592 0.04645330
v 0.00098900 0.00203274 0.04655270
v 0.00098900 0.00209477 0.04645330
v 0.00098900 0.00208000 0.04651540
v 0.00098900 0.00203274 0.04655270
v 0.00098900 0.00207707 0.04636620
v 0.00098900 0.00209477 0.04645330
v 0.00098900 -0.00105521 0.04636620
v 0.00098900 -0.00067362 0.04636620
v 0.00098900 -0.00095688 0.04651540
v 0.00098900 0.00169548 0.04636620
v 0.00098900 0.00207707 0.04636620
v 0.00098900 0.00179381 0.04651540
v 0.00098900 -0.00455970 0.04630770
v 0.00098900 -0.00463608 0.04641520
v 0.00098900 -0.00469080 0.04642240
v 0.00098900 -0.00455970 0.04630770
v 0.00098900 -0.00469080 0.04642240
v 0.00098900 -0.00476220 0.04641010
v 0.00098900 -0.00255814 0.04642240
v 0.00098900 -0.00242938 0.04624910
v 0.00098900 -0.00249200 0.04640980
v 0.00098900 -0.00266875 0.04639370
v 0.00098900 -0.00242938 0.04624910
v 0.00098900 -0.00255814 0.04642240
v 0.00098900 0.00404352 0.04641770
v 0.00098900 0.00417564 0.04631100
v 0.00098900 0.00411829 0.04640580
v 0.00098900 0.00389019 0.04637030
v 0.00098900 0.00415823 0.04622810
v 0.00098900 0.00404352 0.04641770
v 0.00098900 0.00404352 0.04641770
v 0.00098900 0.00415823 0.04622810
v 0.00098900 0.00417564 0.04631100
v 0.00098900 0.00516721 0.04633810
v 0.00098900 0.00505718 0.04641770
v 0.00098900 0.00498519 0.04640340
v 0.00098900 0.00512683 0.04639780
v 0.00098900 0.00505718 0.04641770
v 0.00098900 0.00516721 0.04633810
v 0.00098900 0.00696379 0.04631100
v 0.00098900 0.00690644 0.04640580
v 0.00098900 0.00683167 0.04641770
v 0.00098900 0.00694638 0.04622810
v 0.00098900 0.00683167 0.04641770
v 0.00098900 0.00667833 0.04637030
v 0.00098900 0.00696379 0.04631100
v 0.00098900 0.00683167 0.04641770
v 0.00098900 0.00694638 0.04622810
v 0.00098900 -0.00457053 0.04635790
v 0.00098900 -0.00459599 0.04639370
v 0.00098900 -0.00463608 0.04641520
v 0.00098900 -0.00457053 0.04635790
v 0.00098900 -0.00463608 0.04641520
v 0.00098900 -0.00455970 0.04630770
v 0.00098900 -0.00476220 0.04641010
v 0.00098900 -0.00483594 0.04637320
v 0.00098900 -0.00455970 0.04630770
v 0.00098900 -0.00249200 0.04640980
v 0.00098900 -0.00242938 0.04624910
v 0.00098900 -0.00244343 0.04637200
v 0.00098900 0.00411829 0.04640580
v 0.00098900 0.00417564 0.04631100
v 0.00098900 0.00416233 0.04637030
v 0.00098900 0.00695048 0.04637030
v 0.00098900 0.00690644 0.04640580
v 0.00098900 0.00696379 0.04631100
v 0.00098900 0.00516721 0.04633810
v 0.00098900 0.00498519 0.04640340
v 0.00098900 0.00490970 0.04636030
v 0.00098900 -0.00276181 0.04630770
v 0.00098900 -0.00246684 0.04617420
v 0.00098900 -0.00266875 0.04639370
v 0.00098900 -0.00266875 0.04639370
v 0.00098900 -0.00246684 0.04617420
v 0.00098900 -0.00242938 0.04624910
v 0.00098900 -0.00578640 0.04601500
v 0.00098900 -0.00530415 0.04638260
v 0.00098900 -0.00711609 0.04638260
v 0.00098900 -0.00724251 0.04601500
v 0.00098900 -0.00711609 0.04638260
v 0.00098900 -0.00726884 0.04633630
v 0.00098900 -0.00578640 0.04601500
v 0.00098900 -0.00711609 0.04638260
v 0.00098900 -0.00724251 0.04601500
v 0.00098900 -0.00625928 0.04356870
v 0.00098900 -0.00530415 0.04638260
v 0.00098900 -0.00578640 0.04601500
v 0.00098900 -0.00455970 0.04630770
v 0.00098900 -0.00483594 0.04637320
v 0.00098900 -0.00489857 0.04631760
v 0.00098900 -0.00244343 0.04637200
v 0.00098900 -0.00242938 0.04624910
v 0.00098900 -0.00242002 0.04631620
v 0.00098900 0.00389019 0.04637030
v 0.00098900 0.00379537 0.04622810
v 0.00098900 0.00415823 0.04622810
v 0.00098900 0.00694638 0.04622810
v 0.00098900 0.00667833 0.04637030
v 0.00098900 0.00658352 0.04622810
v 0.00098900 -0.00105521 0.04636620
v 0.00098900 -0.00155618 0.04377000
v 0.00098900 -0.00067362 0.04636620
v 0.00098900 -0.00193777 0.04377000
v 0.00098900 -0.00155618 0.04377000
v 0.00098900 -0.00105521 0.04636620
v 0.00098900 0.00169548 0.04636620
v 0.00098900 0.00119451 0.04377000
v 0.00098900 0.00207707 0.04636620
v 0.00098900 0.00081292 0.04377000
v 0.00098900 0.00119451 0.04377000
v 0.00098900 0.00169548 0.04636620
v 0.00098900 0.00490970 0.04636030
v 0.00098900 0.00484532 0.04629860
v 0.00098900 0.00516721 0.04633810
v 0.00098900 0.00516721 0.04633810
v 0.00098900 0.00484532 0.04629860
v 0.00098900 0.00480669 0.04622810
v 0.00098900 0.00516721 0.04633810
v 0.00098900 0.00480669 0.04622810
v 0.00098900 0.00480435 0.04611570
v 0.00098900 0.00480435 0.04611570
v 0.00098900 0.00516955 0.04509970
v 0.00098900 0.00516721 0.04633810
v 0.00098900 0.00516955 0.04509970
v 0.00098900 0.00561902 0.04509740
v 0.00098900 0.00516721 0.04633810
v 0.00098900 -0.00724251 0.04601500
v 0.00098900 -0.00726884 0.04633630
v 0.00098900 -0.00736190 0.04619760
v 0.00098900 -0.00489857 0.04631760
v 0.00098900 -0.00493661 0.04624910
v 0.00098900 -0.00455970 0.04630770
v 0.00098900 -0.00455970 0.04630770
v 0.00098900 -0.00493661 0.04624910
v 0.00098900 -0.00494831 0.04617420
v 0.00098900 -0.00455970 0.04630770
v 0.00098900 -0.00494831 0.04617420
v 0.00098900 -0.00453864 0.04585590
v 0.00098900 -0.00308955 0.04585590
v 0.00098900 -0.00246684 0.04617420
v 0.00098900 -0.00276181 0.04630770
v 0.00098900 0.00415823 0.04622810
v 0.00098900 0.00379537 0.04622810
v 0.00098900 0.00325460 0.04356400
v 0.00098900 0.00325460 0.04356400
v 0.00098900 0.00379537 0.04622810
v 0.00098900 0.00289174 0.04356400
v 0.00098900 0.00658352 0.04622810
v 0.00098900 0.00619960 0.04509740
v 0.00098900 0.00694638 0.04622810
v 0.00098900 0.00619960 0.04509740
v 0.00098900 0.00597954 0.04338140
v 0.00098900 0.00694638 0.04622810
v 0.00098900 -0.00736190 0.04619760
v 0.00098900 -0.00737726 0.04611780
v 0.00098900 -0.00724251 0.04601500
v 0.00098900 -0.00452459 0.04548360
v 0.00098900 -0.00453864 0.04585590
v 0.00098900 -0.00494831 0.04617420
v 0.00098900 -0.00452459 0.04548360
v 0.00098900 -0.00494831 0.04617420
v 0.00098900 -0.00481722 0.04349380
v 0.00098900 -0.00335408 0.04548360
v 0.00098900 -0.00246684 0.04617420
v 0.00098900 -0.00308955 0.04585590
v 0.00098900 -0.00335408 0.04548360
v 0.00098900 -0.00437945 0.04349380
v 0.00098900 -0.00246684 0.04617420
v 0.00098900 -0.00731756 0.04602650
v 0.00098900 -0.00737726 0.04611780
v 0.00098900 -0.00736248 0.04606070
v 0.00098900 -0.00724251 0.04601500
v 0.00098900 -0.00737726 0.04611780
v 0.00098900 -0.00731756 0.04602650
v 0.00098900 -0.00578640 0.04601500
v 0.00098900 -0.00661746 0.04356870
v 0.00098900 -0.00625928 0.04356870
v 0.00098900 -0.00308955 0.04585590
v 0.00098900 -0.00453864 0.04585590
v 0.00098900 -0.00335408 0.04548360
v 0.00098900 -0.00335408 0.04548360
v 0.00098900 -0.00453864 0.04585590
v 0.00098900 -0.00452459 0.04548360
v 0.00098900 -0.00481722 0.04349380
v 0.00098900 -0.00444499 0.04393390
v 0.00098900 -0.00452459 0.04548360
v 0.00098900 -0.00444499 0.04393390
v 0.00098900 -0.00437945 0.04349380
v 0.00098900 -0.00335408 0.04548360
v 0.00098900 0.00512507 0.04509740
v 0.00098900 0.00499631 0.04472510
v 0.00098900 0.00516955 0.04509970
v 0.00098900 0.00516955 0.04509970
v 0.00098900 0.00499631 0.04472510
v 0.00098900 0.00561902 0.04509740
v 0.00098900 0.00467325 0.04494750
v 0.00098900 0.00499631 0.04472510
v 0.00098900 0.00512507 0.04509740
v 0.00098900 0.00561902 0.04509740
v 0.00098900 0.00607318 0.04472510
v 0.00098900 0.00619960 0.04509740
v 0.00098900 0.00499631 0.04472510
v 0.00098900 0.00607318 0.04472510
v 0.00098900 0.00561902 0.04509740
v 0.00098900 0.00619960 0.04509740
v 0.00098900 0.00607318 0.04472510
v 0.00098900 0.00597954 0.04338140
v 0.00098900 0.00467325 0.04494750
v 0.00098900 0.00476455 0.04463150
v 0.00098900 0.00499631 0.04472510
v 0.00098900 0.00434961 0.04465840
v 0.00098900 0.00476455 0.04463150
v 0.00098900 0.00467325 0.04494750
v 0.00098900 0.00607318 0.04472510
v 0.00098900 0.00574310 0.04374890
v 0.00098900 0.00597954 0.04338140
v 0.00098900 0.00476455 0.04463150
v 0.00098900 0.00434961 0.04465840
v 0.00098900 0.00449534 0.04425460
v 0.00098900 0.00449534 0.04425460
v 0.00098900 0.00434961 0.04465840
v 0.00098900 0.00413716 0.04425460
v 0.00098900 0.00449534 0.04425460
v 0.00098900 0.00413716 0.04425460
v 0.00098900 0.00446139 0.04404330
v 0.00098900 0.00446139 0.04404330
v 0.00098900 0.00413716 0.04425460
v 0.00098900 0.00407981 0.04389410
v 0.00098900 0.00446139 0.04404330
v 0.00098900 0.00407981 0.04389410
v 0.00098900 0.00451875 0.04387770
v 0.00098900 -0.00437945 0.04349380
v 0.00098900 -0.00444499 0.04393390
v 0.00098900 -0.00481722 0.04349380
v 0.00098900 0.00451875 0.04387770
v 0.00098900 0.00407981 0.04389410
v 0.00098900 0.00417930 0.04360850
v 0.00098900 0.00439467 0.04343820
v 0.00098900 0.00464458 0.04378110
v 0.00098900 0.00451875 0.04387770
v 0.00098900 0.00451875 0.04387770
v 0.00098900 0.00417930 0.04360850
v 0.00098900 0.00439467 0.04343820
v 0.00098900 0.00469901 0.04338140
v 0.00098900 0.00482542 0.04374890
v 0.00098900 0.00464458 0.04378110
v 0.00098900 0.00469901 0.04338140
v 0.00098900 0.00464458 0.04378110
v 0.00098900 0.00439467 0.04343820
v 0.00098900 -0.00272201 0.04377000
v 0.00098900 -0.00285545 0.04337910
v 0.00098900 -0.00193777 0.04377000
v 0.00098900 -0.00272201 0.04377000
v 0.00098900 -0.00288588 0.04372080
v 0.00098900 -0.00285545 0.04337910
v 0.00098900 -0.00193777 0.04377000
v 0.00098900 -0.00090538 0.04337910
v 0.00098900 -0.00155618 0.04377000
v 0.00098900 -0.00193777 0.04377000
v 0.00098900 -0.00285545 0.04337910
v 0.00098900 -0.00090538 0.04337910
v 0.00098900 -0.00155618 0.04377000
v 0.00098900 -0.00090538 0.04337910
v 0.00098900 -0.00077194 0.04377000
v 0.00098900 -0.00077194 0.04377000
v 0.00098900 -0.00064553 0.04357340
v 0.00098900 -0.00069118 0.04375770
v 0.00098900 -0.00077194 0.04377000
v 0.00098900 -0.00074327 0.04342760
v 0.00098900 -0.00064553 0.04357340
v 0.00098900 -0.00077194 0.04377000
v 0.00098900 -0.00090538 0.04337910
v 0.00098900 -0.00074327 0.04342760
v 0.00098900 0.00002868 0.04377000
v 0.00098900 -0.00010475 0.04337910
v 0.00098900 0.00081292 0.04377000
v 0.00098900 0.00002868 0.04377000
v 0.00098900 -0.00013519 0.04372080
v 0.00098900 -0.00010475 0.04337910
v 0.00098900 0.00081292 0.04377000
v 0.00098900 0.00184531 0.04337910
v 0.00098900 0.00119451 0.04377000
v 0.00098900 0.00081292 0.04377000
v 0.00098900 -0.00010475 0.04337910
v 0.00098900 0.00184531 0.04337910
v 0.00098900 0.00119451 0.04377000
v 0.00098900 0.00184531 0.04337910
v 0.00098900 0.00197875 0.04377000
v 0.00098900 0.00197875 0.04377000
v 0.00098900 0.00210516 0.04357340
v 0.00098900 0.00205951 0.04375770
v 0.00098900 0.00197875 0.04377000
v 0.00098900 0.00200742 0.04342760
v 0.00098900 0.00210516 0.04357340
v 0.00098900 0.00197875 0.04377000
v 0.00098900 0.00184531 0.04337910
v 0.00098900 0.00200742 0.04342760
v 0.00098900 -0.00069118 0.04375770
v 0.00098900 -0.00062797 0.04365940
v 0.00098900 -0.00064319 0.04372080
v 0.00098900 -0.00069118 0.04375770
v 0.00098900 -0.00064553 0.04357340
v 0.00098900 -0.00062797 0.04365940
v 0.00098900 0.00205951 0.04375770
v 0.00098900 0.00212272 0.04365940
v 0.00098900 0.00210750 0.04372080
v 0.00098900 0.00205951 0.04375770
v 0.00098900 0.00210516 0.04357340
v 0.00098900 0.00212272 0.04365940
v 0.00098900 0.00469901 0.04338140
v 0.00098900 0.00574310 0.04374890
v 0.00098900 0.00482542 0.04374890
v 0.00098900 0.00597954 0.04338140
v 0.00098900 0.00574310 0.04374890
v 0.00098900 0.00469901 0.04338140
v 0.00098900 -0.00285545 0.04337910
v 0.00098900 -0.00288588 0.04372080
v 0.00098900 -0.00298420 0.04357340
v 0.00098900 -0.00010475 0.04337910
v 0.00098900 -0.00013519 0.04372080
v 0.00098900 -0.00023351 0.04357340
v 0.00098900 -0.00293724 0.04339120
v 0.00098900 -0.00298420 0.04357340
v 0.00098900 -0.00300161 0.04348840
v 0.00098900 -0.00285545 0.04337910
v 0.00098900 -0.00298420 0.04357340
v 0.00098900 -0.00293724 0.04339120
v 0.00098900 -0.00018654 0.04339120
v 0.00098900 -0.00023351 0.04357340
v 0.00098900 -0.00025092 0.04348840
v 0.00098900 -0.00010475 0.04337910
v 0.00098900 -0.00023351 0.04357340
v 0.00098900 -0.00018654 0.04339120
v 0.00098900 -0.00625928 0.04356870
v 0.00098900 -0.00661746 0.04356870
v 0.00098900 -0.00635351 0.04342650
v 0.00098900 -0.00650509 0.04337910
v 0.00098900 -0.00661746 0.04356870
v 0.00098900 -0.00663501 0.04348570
v 0.00098900 -0.00635351 0.04342650
v 0.00098900 -0.00661746 0.04356870
v 0.00098900 -0.00650509 0.04337910
v 0.00098900 0.00325460 0.04356400
v 0.00098900 0.00289174 0.04356400
v 0.00098900 0.00316154 0.04342530
v 0.00098900 0.00300879 0.04337910
v 0.00098900 0.00289174 0.04356400
v 0.00098900 0.00287536 0.04348310
v 0.00098900 0.00316154 0.04342530
v 0.00098900 0.00289174 0.04356400
v 0.00098900 0.00300879 0.04337910
v 0.00098900 -0.00481722 0.04349380
v 0.00098900 -0.00449591 0.04338670
v 0.00098900 -0.00437945 0.04349380
v 0.00098900 -0.00480463 0.04343130
v 0.00098900 -0.00464398 0.04335100
v 0.00098900 -0.00481722 0.04349380
v 0.00098900 -0.00481722 0.04349380
v 0.00098900 -0.00464398 0.04335100
v 0.00098900 -0.00449591 0.04338670
v 0.00098900 -0.00293724 0.04339120
v 0.00098900 -0.00300161 0.04348840
v 0.00098900 -0.00298596 0.04342760
v 0.00098900 -0.00018654 0.04339120
v 0.00098900 -0.00025092 0.04348840
v 0.00098900 -0.00023527 0.04342760
v 0.00098900 -0.00657883 0.04339090
v 0.00098900 -0.00663501 0.04348570
v 0.00098900 -0.00662214 0.04342650
v 0.00098900 -0.00650509 0.04337910
v 0.00098900 -0.00663501 0.04348570
v 0.00098900 -0.00657883 0.04339090
v 0.00098900 0.00293388 0.04339060
v 0.00098900 0.00287536 0.04348310
v 0.00098900 0.00288940 0.04342530
v 0.00098900 0.00300879 0.04337910
v 0.00098900 0.00287536 0.04348310
v 0.00098900 0.00293388 0.04339060
v 0.00098900 -0.00480463 0.04343130
v 0.00098900 -0.00477157 0.04338670
v 0.00098900 -0.00464398 0.04335100
v 0.00107202 -0.00239843 0.09514820
v 0.00107202 -0.00239843 0.10784800
v 0.00189605 -0.00184783 0.09514820
v 0.00251521 -0.00378337 0.10784800
v 0.00107202 -0.00239843 0.10784800
v 0.00137000 -0.00431149 0.10784800
v 0.00189605 -0.00184783 0.09514820
v 0.00107202 -0.00239843 0.10784800
v 0.00189605 -0.00184783 0.10784800
v 0.00251521 -0.00378337 0.10784800
v 0.00189605 -0.00184783 0.10784800
v 0.00107202 -0.00239843 0.10784800
v 0.00107202 0.00229487 0.09514820
v 0.00189605 0.00174427 0.10784800
v 0.00107202 0.00229487 0.10784800
v 0.00137000 0.00420793 0.10784800
v 0.00107202 0.00229487 0.10784800
v 0.00251521 0.00367981 0.10784800
v 0.00251521 0.00367981 0.10784800
v 0.00107202 0.00229487 0.10784800
v 0.00189605 0.00174427 0.10784800
v 0.00107202 0.00229487 0.09514820
v 0.00107202 -0.00239843 0.09514820
v 0.00189605 0.00174427 0.09514820
v 0.00189605 0.00174427 0.09514820
v 0.00107202 -0.00239843 0.09514820
v 0.00189605 -0.00184783 0.09514820
v 0.00189605 0.00174427 0.09514820
v 0.00189605 0.00174427 0.10784800
v 0.00107202 0.00229487 0.09514820
v 0.00200500 -0.00406787 0.05323820
v 0.00107634 -0.00438823 0.05416690
v 0.00136099 -0.00449678 0.05388220
v 0.00200500 -0.00406787 0.05323820
v 0.00137000 -0.00431149 0.09895820
v 0.00107634 -0.00438823 0.05416690
v 0.00107634 -0.00438823 0.05416690
v 0.00137000 -0.00431149 0.09895820
v 0.00136099 0.00439322 0.05388220
v 0.00107634 0.00428467 0.05416690
v 0.00200500 0.00396431 0.05323820
v 0.00137000 0.00420793 0.09895820
v 0.00200500 0.00396431 0.05323820
v 0.00107634 0.00428467 0.05416690
v 0.00107634 0.00428467 0.05416690
v 0.00137000 0.00420793 0.09895820
v 0.00131839 -0.00353001 0.05206220
v 0.00200500 -0.00337921 0.05219600
v 0.00131839 -0.00416615 0.05298380
v 0.00135681 -0.00449678 0.05387320
v 0.00131839 -0.00416615 0.05298380
v 0.00200500 -0.00406787 0.05323820
v 0.00200500 -0.00406787 0.05323820
v 0.00131839 -0.00416615 0.05298380
v 0.00131839 0.00406259 0.05298380
v 0.00200500 0.00327565 0.05219600
v 0.00131839 0.00342645 0.05206220
v 0.00135681 0.00439322 0.05387320
v 0.00200500 0.00396431 0.05323820
v 0.00131839 0.00406259 0.05298380
v 0.00200500 0.00396431 0.05323820
v 0.00131839 0.00406259 0.05298380
v 0.00131839 -0.00269135 0.05131910
v 0.00131839 -0.00353001 0.05206220
v 0.00131839 0.00342645 0.05206220
v 0.00200500 0.00232417 0.05138650
v 0.00131839 0.00258779 0.05131910
v 0.00131839 0.00342645 0.05206220
v 0.00131839 -0.00169949 0.05079860
v 0.00200500 -0.00242773 0.05138650
v 0.00131839 -0.00269135 0.05131910
v 0.00131839 -0.00269135 0.05131910
v 0.00131839 0.00258779 0.05131910
v 0.00131839 0.00159593 0.05079860
v 0.00131839 -0.00061187 0.05053050
v 0.00200500 -0.00128860 0.05087380
v 0.00131839 -0.00169949 0.05079860
v 0.00131839 -0.00169949 0.05079860
v 0.00131839 0.00159593 0.05079860
v 0.00200500 0.00118504 0.05087380
v 0.00131839 0.00050831 0.05053050
v 0.00131839 0.00159593 0.05079860
v 0.00131839 0.00050831 0.05053050
v 0.00200500 -0.00005178 0.05069820
v 0.00131839 -0.00061187 0.05053050
v 0.00131839 -0.00061187 0.05053050
v 0.00131839 0.00050831 0.05053050
v 0.00135681 -0.00449678 0.05387320
v 0.00200500 -0.00406787 0.05323820
v 0.00136099 -0.00449678 0.05388220
v 0.00135681 -0.00449678 0.05387320
v 0.00136099 -0.00449678 0.05388220
v 0.00135681 -0.00449678 0.05387320
v 0.00135681 -0.00449678 0.05387320
v 0.00136099 0.00439322 0.05388220
v 0.00200500 0.00396431 0.05323820
v 0.00135681 0.00439322 0.05387320
v 0.00136099 0.00439322 0.05388220
v 0.00135681 0.00439322 0.05387320
v -0.00034382 0.00439322 0.05387320
v 0.00135681 0.00439322 0.05387320
v 0.00135681 0.00439322 0.05387320
v 0.00137000 -0.00722728 0.10784800
v 0.00137000 -0.00562388 0.10022800
v 0.00137000 -0.00431149 0.10784800
v 0.00137000 -0.00722728 0.10784800
v 0.00137000 -0.00722728 0.10022800
v 0.00137000 -0.00562388 0.10022800
v 0.00137000 -0.00431149 0.10784800
v 0.00137000 -0.00562388 0.10022800
v 0.00137000 -0.00512852 0.10013300
v 0.00137000 -0.00431149 0.10784800
v 0.00137000 -0.00512852 0.10013300
v 0.00137000 -0.00470395 0.09986160
v 0.00137000 -0.00470395 0.09986160
v 0.00137000 -0.00441471 0.09944980
v 0.00137000 -0.00431149 0.10784800
v 0.00137000 -0.00431149 0.10784800
v 0.00137000 -0.00441471 0.09944980
v 0.00137000 -0.00431149 0.09895820
v 0.00200500 -0.00406787 0.05323820
v 0.00137000 -0.00431149 0.10784800
v 0.00137000 -0.00431149 0.09895820
v 0.00200500 -0.00406787 0.05323820
v 0.00251521 -0.00378337 0.10784800
v 0.00137000 -0.00431149 0.10784800
v 0.00137000 0.00552032 0.10022800
v 0.00137000 0.00712372 0.10784800
v 0.00137000 0.00420793 0.10784800
v 0.00137000 0.00552032 0.10022800
v 0.00137000 0.00420793 0.10784800
v 0.00137000 0.00502496 0.10013300
v 0.00137000 0.00502496 0.10013300
v 0.00137000 0.00420793 0.10784800
v 0.00137000 0.00460039 0.09986160
v 0.00137000 0.00460039 0.09986160
v 0.00137000 0.00420793 0.10784800
v 0.00137000 0.00431115 0.09944980
v 0.00137000 0.00431115 0.09944980
v 0.00137000 0.00420793 0.10784800
v 0.00137000 0.00420793 0.09895820
v 0.00137000 0.00420793 0.10784800
v 0.00251521 0.00367981 0.10784800
v 0.00137000 0.00420793 0.09895820
v 0.00137000 0.00712372 0.10022800
v 0.00137000 0.00712372 0.10784800
v 0.00137000 0.00552032 0.10022800
v 0.00137000 -0.00722728 0.10022800
v 0.00137000 -0.00562388 0.10022800
v 0.00137000 -0.00562388 0.10022800
v 0.00137000 -0.00512852 0.10013300
v 0.00137000 0.00552032 0.10022800
v 0.00137000 0.00712372 0.10022800
v 0.00137000 0.00552032 0.10022800
v 0.00137000 0.00502496 0.10013300
v 0.00137000 -0.00512852 0.10013300
v 0.00134143 -0.00508847 0.10011300
v 0.00137000 -0.00470395 0.09986160
v 0.00137000 -0.00512852 0.10013300
v 0.00137000 -0.00512852 0.10013300
v 0.00134143 0.00498491 0.10011300
v 0.00137000 0.00502496 0.10013300
v 0.00137000 0.00460039 0.09986160
v 0.00137000 0.00502496 0.10013300
v 0.00137000 0.00502496 0.10013300
v 0.00137000 -0.00441471 0.09944980
v 0.00137000 -0.00470395 0.09986160
v 0.00137000 -0.00470395 0.09986160
v 0.00137000 0.00460039 0.09986160
v 0.00137000 0.00431115 0.09944980
v 0.00137000 0.00460039 0.09986160
v 0.00137000 -0.00431149 0.09895820
v 0.00137000 -0.00441471 0.09944980
v 0.00137000 -0.00441471 0.09944980
v 0.00137000 0.00431115 0.09944980
v 0.00137000 0.00420793 0.09895820
v 0.00137000 0.00431115 0.09944980
v 0.00137000 0.00420793 0.09895820
v 0.00251521 0.00367981 0.10784800
v 0.00200500 0.00396431 0.05323820
v 0.00137000 0.01397680 0.04414360
v 0.00137000 0.01585610 0.04353860
v 0.00205661 0.01519450 0.04401490
v 0.00205661 0.01339750 0.04445080
v 0.00137000 0.01397680 0.04414360
v 0.00205661 0.01519450 0.04401490
v 0.00137000 0.01397680 0.04414360
v 0.00205661 0.01339750 0.04445080
v 0.00137000 0.01585610 0.04353860
v 0.00137000 0.01757030 0.04255920
v 0.00205661 0.01687650 0.04324670
v 0.00205661 0.01519450 0.04401490
v 0.00137000 0.01585610 0.04353860
v 0.00205661 0.01687650 0.04324670
v 0.00137000 0.01757030 0.04255920
v 0.00137000 0.01904570 0.04124740
v 0.00205661 0.01838280 0.04217410
v 0.00205661 0.01687650 0.04324670
v 0.00137000 0.01757030 0.04255920
v 0.00205661 0.01838280 0.04217410
v 0.00137000 0.01904570 0.04124740
v 0.00137000 0.02021900 0.03965960
v 0.00205661 0.01965890 0.04083580
v 0.00205661 0.01838280 0.04217410
v 0.00137000 0.01904570 0.04124740
v 0.00205661 0.01965890 0.04083580
v 0.00205661 0.01965890 0.04083580
v 0.00137000 0.02021900 0.03965960
v 0.00205661 0.02065860 0.03928020
v 0.00137000 0.02021900 0.03965960
v 0.00205661 0.02065860 0.03928020
v 0.00137000 -0.02157630 0.03593790
v 0.00137000 -0.02114340 0.03786410
v 0.00205661 -0.02166760 0.03666400
v 0.00137000 -0.02157630 0.03593790
v 0.00137000 -0.02114340 0.03786410
v 0.00205661 -0.02166760 0.03666400
v 0.00137000 -0.02114340 0.03786410
v 0.00205661 -0.02114670 0.03843820
v 0.00137000 -0.02114340 0.03786410
v 0.00137000 -0.02032260 0.03965960
v 0.00205661 -0.02114670 0.03843820
v 0.00137000 -0.02114340 0.03786410
v 0.00137000 -0.02114340 0.03786410
v 0.00137000 -0.02160290 0.03396380
v 0.00137000 -0.02157630 0.03593790
v 0.00205661 -0.02184340 0.03482320
v 0.00137000 -0.02160290 0.03396380
v 0.00137000 -0.02157630 0.03593790
v 0.00205661 -0.02184340 0.03482320
v 0.00137000 -0.02157630 0.03593790
v 0.00205661 -0.02166760 0.03666400
v 0.00137000 -0.02157630 0.03593790
v 0.00137000 -0.02122200 0.03202660
v 0.00137000 -0.02160290 0.03396380
v 0.00205661 -0.02166760 0.03298240
v 0.00137000 -0.02122200 0.03202660
v 0.00137000 -0.02160290 0.03396380
v 0.00205661 -0.02166760 0.03298240
v 0.00137000 -0.02160290 0.03396380
v 0.00205661 -0.02184340 0.03482320
v 0.00137000 -0.02160290 0.03396380
v 0.00137000 -0.02044990 0.03020960
v 0.00137000 -0.02122200 0.03202660
v 0.00205661 -0.02114670 0.03120820
v 0.00137000 -0.02044990 0.03020960
v 0.00137000 -0.02122200 0.03202660
v 0.00205661 -0.02114670 0.03120820
v 0.00137000 -0.02122200 0.03202660
v 0.00205661 -0.02166760 0.03298240
v 0.00137000 -0.02122200 0.03202660
v 0.00205661 -0.02029930 0.02956460
v 0.00137000 -0.02044990 0.03020960
v 0.00205661 -0.02114670 0.03120820
v 0.00137000 -0.01931980 0.02859080
v 0.00137000 -0.02044990 0.03020960
v 0.00205661 -0.02029930 0.02956460
v 0.00137000 -0.02044990 0.03020960
v 0.00137000 -0.02044990 0.03020960
v 0.00172780 -0.01182860 0.05063340
v 0.00200500 -0.01211680 0.05052810
v 0.00232980 -0.01186430 0.05024820
v 0.00172780 -0.01182860 0.05063340
v 0.00200500 -0.01211680 0.05052810
v 0.00232980 -0.01186430 0.05024820
v 0.00172780 -0.01072450 0.05031930
v 0.00172780 -0.01182860 0.05063340
v 0.00172780 -0.01182860 0.05063340
v 0.00172780 -0.01182860 0.05063340
v 0.00172780 0.00935752 0.04916760
v 0.00172780 0.00894285 0.04809720
v 0.00232980 0.00932314 0.04802610
v 0.00172780 0.00935752 0.04916760
v 0.00172780 0.00894285 0.04809720
v 0.00232980 0.00968645 0.04896390
v 0.00172780 0.00935752 0.04916760
v 0.00232980 0.00932314 0.04802610
v 0.00172780 0.01013090 0.05001590
v 0.00172780 0.00935752 0.04916760
v 0.00232980 0.00968645 0.04896390
v 0.00172780 0.00935752 0.04916760
v 0.00172780 0.00935752 0.04916760
v 0.00172780 0.00894285 0.04809720
v 0.00172780 0.00894285 0.04694930
v 0.00232980 0.00932314 0.04702040
v 0.00172780 0.00894285 0.04809720
v 0.00172780 0.00894285 0.04694930
v 0.00232980 0.00932314 0.04802610
v 0.00172780 0.00894285 0.04809720
v 0.00232980 0.00932314 0.04702040
v 0.00172780 0.00894285 0.04809720
v 0.00172780 0.00894285 0.04809720
v 0.00172780 0.00894285 0.04694930
v 0.00172780 0.00935752 0.04587890
v 0.00232980 0.00968645 0.04608250
v 0.00172780 0.00894285 0.04694930
v 0.00172780 0.00935752 0.04587890
v 0.00172780 0.00894285 0.04694930
v 0.00232980 0.00968645 0.04608250
v 0.00232980 0.00932314 0.04702040
v 0.00172780 0.00894285 0.04694930
v 0.00172780 0.00935752 0.04587890
v 0.00232980 0.01036400 0.04533930
v 0.00232980 0.00968645 0.04608250
v 0.00172780 0.00935752 0.04587890
v 0.00172780 0.01013090 0.04503060
v 0.00232980 0.01036400 0.04533930
v 0.00172780 0.00935752 0.04587890
v 0.00172780 0.00935752 0.04587890
v 0.00232980 -0.01186430 0.04479820
v 0.00200500 -0.01211680 0.04451840
v 0.00172780 -0.01182860 0.04441300
v 0.00172780 -0.01182860 0.04441300
v 0.00200500 -0.01211680 0.04451840
v 0.00172780 -0.01182860 0.04441300
v 0.00232980 -0.01089690 0.04507350
v 0.00232980 -0.01186430 0.04479820
v 0.00172780 -0.01072450 0.04472710
v 0.00232980 -0.01089690 0.04507350
v 0.00172780 -0.01182860 0.04441300
v 0.00172780 -0.01182860 0.04441300
v 0.00172780 -0.01182860 0.04441300
v 0.00172780 -0.02603320 0.04235440
v 0.00172780 -0.02708300 0.03996110
v 0.00232980 -0.02671710 0.03983550
v 0.00172780 -0.02603320 0.04235440
v 0.00137000 -0.02619290 0.04216340
v 0.00172780 -0.02708300 0.03996110
v 0.00172780 -0.02603320 0.04235440
v 0.00232980 -0.02671710 0.03983550
v 0.00232980 -0.02569290 0.04217030
v 0.00172780 -0.02460380 0.04454230
v 0.00172780 -0.02603320 0.04235440
v 0.00232980 -0.02569290 0.04217030
v 0.00172780 -0.02603320 0.04235440
v 0.00137000 -0.02488410 0.04425780
v 0.00172780 -0.02603320 0.04235440
v 0.00232980 0.02558940 0.04217030
v 0.00172780 0.02697940 0.03996110
v 0.00172780 0.02592960 0.04235440
v 0.00172780 0.02697940 0.03996110
v 0.00137000 0.02608940 0.04216340
v 0.00172780 0.02592960 0.04235440
v 0.00232980 0.02558940 0.04217030
v 0.00172780 0.02592960 0.04235440
v 0.00232980 0.02419490 0.04430460
v 0.00232980 0.02419490 0.04430460
v 0.00172780 0.02592960 0.04235440
v 0.00172780 0.02450020 0.04454230
v 0.00172780 0.02592960 0.04235440
v 0.00137000 0.02478050 0.04425780
v 0.00172780 0.02592960 0.04235440
v 0.00172780 -0.02708300 0.03996110
v 0.00172780 -0.02772450 0.03742770
v 0.00232980 -0.02734290 0.03736400
v 0.00172780 -0.02708300 0.03996110
v 0.00137000 -0.02716110 0.03989130
v 0.00172780 -0.02772450 0.03742770
v 0.00172780 -0.02708300 0.03996110
v 0.00232980 -0.02734290 0.03736400
v 0.00232980 -0.02671710 0.03983550
v 0.00172780 -0.02708300 0.03996110
v 0.00232980 0.02661350 0.03983550
v 0.00172780 0.02762100 0.03742770
v 0.00172780 0.02697940 0.03996110
v 0.00172780 0.02762100 0.03742770
v 0.00137000 0.02705750 0.03989130
v 0.00172780 0.02697940 0.03996110
v 0.00232980 0.02661350 0.03983550
v 0.00172780 0.02697940 0.03996110
v 0.00232980 0.02558940 0.04217030
v 0.00172780 0.02697940 0.03996110
v 0.00172780 -0.02772450 0.03742770
v 0.00172780 -0.02794030 0.03482320
v 0.00232980 -0.02755350 0.03482320
v 0.00172780 -0.02772450 0.03742770
v 0.00137000 -0.02799030 0.03503710
v 0.00172780 -0.02794030 0.03482320
v 0.00172780 -0.02772450 0.03742770
v 0.00232980 -0.02755350 0.03482320
v 0.00232980 -0.02734290 0.03736400
v 0.00172780 -0.02772450 0.03742770
v 0.00137000 -0.02776510 0.03749650
v 0.00172780 -0.02772450 0.03742770
v 0.00232980 0.02723940 0.03736400
v 0.00172780 0.02783680 0.03482320
v 0.00172780 0.02762100 0.03742770
v 0.00172780 0.02783680 0.03482320
v 0.00137000 0.02788680 0.03503710
v 0.00172780 0.02762100 0.03742770
v 0.00232980 0.02723940 0.03736400
v 0.00172780 0.02762100 0.03742770
v 0.00232980 0.02661350 0.03983550
v 0.00172780 0.02762100 0.03742770
v 0.00137000 0.02766150 0.03749650
v 0.00172780 0.02762100 0.03742770
v 0.00172780 -0.02794030 0.03482320
v 0.00232980 -0.02734290 0.03228240
v 0.00232980 -0.02755350 0.03482320
v 0.00172780 -0.02794030 0.03482320
v 0.00172780 -0.02772450 0.03221870
v 0.00232980 -0.02734290 0.03228240
v 0.00172780 -0.02794030 0.03482320
v 0.00137000 -0.02783140 0.03257240
v 0.00172780 -0.02794030 0.03482320
v 0.00232980 0.02744990 0.03482320
v 0.00172780 0.02783680 0.03482320
v 0.00232980 0.02723940 0.03736400
v 0.00172780 0.02783680 0.03482320
v 0.00232980 0.02744990 0.03482320
v 0.00172780 0.02762100 0.03221870
v 0.00172780 0.02783680 0.03482320
v 0.00137000 0.02772780 0.03257240
v 0.00172780 0.02783680 0.03482320
v 0.00189605 -0.00184783 0.09514820
v 0.00189605 -0.00184783 0.10784800
v 0.00244665 -0.00102380 0.09514820
v 0.00244665 -0.00102380 0.09514820
v 0.00189605 -0.00184783 0.10784800
v 0.00244665 -0.00102380 0.10784800
v 0.00346601 -0.00295488 0.10784800
v 0.00244665 -0.00102380 0.10784800
v 0.00189605 -0.00184783 0.10784800
v 0.00346601 -0.00295488 0.10784800
v 0.00189605 -0.00184783 0.10784800
v 0.00251521 -0.00378337 0.10784800
v 0.00189605 0.00174427 0.09514820
v 0.00244665 0.00092024 0.10784800
v 0.00189605 0.00174427 0.10784800
v 0.00346601 0.00285132 0.10784800
v 0.00189605 0.00174427 0.10784800
v 0.00244665 0.00092024 0.10784800
v 0.00251521 0.00367981 0.10784800
v 0.00189605 0.00174427 0.10784800
v 0.00346601 0.00285132 0.10784800
v 0.00189605 0.00174427 0.09514820
v 0.00189605 -0.00184783 0.09514820
v 0.00244665 0.00092024 0.09514820
v 0.00244665 0.00092024 0.09514820
v 0.00189605 -0.00184783 0.09514820
v 0.00244665 -0.00102380 0.09514820
v 0.00244665 0.00092024 0.09514820
v 0.00244665 0.00092024 0.10784800
v 0.00189605 0.00174427 0.09514820
v 0.00254818 -0.00376181 0.05292430
v 0.00251521 -0.00378337 0.10784800
v 0.00200500 -0.00406787 0.05323820
v 0.00200500 -0.00406787 0.05323820
v 0.00236280 -0.00360624 0.05256080
v 0.00254818 -0.00376181 0.05292430
v 0.00200500 -0.00406787 0.05323820
v 0.00251521 0.00367981 0.10784800
v 0.00230304 0.00380884 0.05301260
v 0.00200500 0.00396431 0.05323820
v 0.00200500 0.00396431 0.05323820
v 0.00230304 0.00380884 0.05301260
v 0.00232980 -0.01186430 0.05024820
v 0.00200500 -0.01211680 0.05052810
v 0.00246985 -0.01211680 0.05006320
v 0.00232980 -0.01339150 0.05020720
v 0.00246985 -0.01211680 0.05006320
v 0.00200500 -0.01211680 0.05052810
v 0.00232980 -0.01339150 0.05020720
v 0.00200500 -0.01211680 0.05052810
v 0.00172780 -0.01342350 0.05059270
v 0.00200500 -0.01211680 0.05052810
v 0.00232980 -0.01186430 0.04479820
v 0.00246985 -0.01211680 0.04498320
v 0.00200500 -0.01211680 0.04451840
v 0.00200500 -0.01211680 0.04451840
v 0.00246985 -0.01211680 0.04498320
v 0.00205661 -0.01257960 0.04453880
v 0.00200500 -0.01211680 0.04451840
v 0.00200500 -0.01211680 0.04451840
v 0.00205661 0.01339750 0.04445080
v 0.00205661 0.01519450 0.04401490
v 0.00252523 0.01537140 0.04452590
v 0.00252523 0.01347440 0.04498610
v 0.00246985 0.01201320 0.04498320
v 0.00205661 0.01339750 0.04445080
v 0.00205661 0.01339750 0.04445080
v 0.00246985 0.01201320 0.04498320
v 0.00200500 0.01201320 0.04451840
v 0.00252523 0.01347440 0.04498610
v 0.00205661 0.01339750 0.04445080
v 0.00252523 0.01537140 0.04452590
v 0.00205661 0.01339750 0.04445080
v 0.00205661 -0.01615740 0.04367090
v 0.00205661 -0.01440990 0.04427570
v 0.00252523 -0.01453740 0.04480120
v 0.00205661 -0.01615740 0.04367090
v 0.00205661 -0.01440990 0.04427570
v 0.00205661 -0.01440990 0.04427570
v 0.00252523 -0.01260530 0.04507900
v 0.00252523 -0.01453740 0.04480120
v 0.00205661 -0.01440990 0.04427570
v 0.00252523 -0.01260530 0.04507900
v 0.00205661 -0.01440990 0.04427570
v 0.00205661 -0.01440990 0.04427570
v 0.00205661 0.01519450 0.04401490
v 0.00205661 0.01687650 0.04324670
v 0.00252523 0.01714690 0.04371510
v 0.00252523 0.01537140 0.04452590
v 0.00205661 0.01519450 0.04401490
v 0.00252523 0.01714690 0.04371510
v 0.00205661 -0.01775880 0.04274630
v 0.00205661 -0.01615740 0.04367090
v 0.00252523 -0.01638200 0.04416280
v 0.00205661 -0.01775880 0.04274630
v 0.00205661 -0.01615740 0.04367090
v 0.00252523 -0.01638200 0.04416280
v 0.00205661 -0.01615740 0.04367090
v 0.00252523 -0.01453740 0.04480120
v 0.00205661 0.01687650 0.04324670
v 0.00205661 0.01838280 0.04217410
v 0.00252523 0.01873700 0.04258280
v 0.00252523 0.01714690 0.04371510
v 0.00205661 0.01687650 0.04324670
v 0.00252523 0.01873700 0.04258280
v 0.00205661 -0.01915630 0.04153530
v 0.00205661 -0.01775880 0.04274630
v 0.00252523 -0.01807250 0.04318680
v 0.00205661 -0.01915630 0.04153530
v 0.00137000 -0.01767380 0.04255920
v 0.00205661 -0.01775880 0.04274630
v 0.00252523 -0.01807250 0.04318680
v 0.00205661 -0.01775880 0.04274630
v 0.00252523 -0.01638200 0.04416280
v 0.00205661 -0.01775880 0.04274630
v 0.00205661 0.01838280 0.04217410
v 0.00205661 0.01965890 0.04083580
v 0.00252523 0.02008400 0.04117010
v 0.00252523 0.01873700 0.04258280
v 0.00205661 0.01838280 0.04217410
v 0.00252523 0.02008400 0.04117010
v 0.00205661 -0.02029930 0.04008180
v 0.00205661 -0.01915630 0.04153530
v 0.00252523 -0.01954770 0.04190860
v 0.00205661 -0.02029930 0.04008180
v 0.00137000 -0.01914930 0.04124740
v 0.00205661 -0.01915630 0.04153530
v 0.00252523 -0.01954770 0.04190860
v 0.00205661 -0.01915630 0.04153530
v 0.00252523 -0.01807250 0.04318680
v 0.00205661 -0.01915630 0.04153530
v 0.00205661 0.01965890 0.04083580
v 0.00205661 0.02065860 0.03928020
v 0.00252523 0.02113930 0.03952800
v 0.00252523 0.02008400 0.04117010
v 0.00205661 0.01965890 0.04083580
v 0.00252523 0.02113930 0.03952800
v 0.00205661 -0.02114670 0.03843820
v 0.00205661 -0.02029930 0.04008180
v 0.00252523 -0.02075430 0.04037420
v 0.00205661 -0.02114670 0.03843820
v 0.00205661 -0.02029930 0.04008180
v 0.00252523 -0.02075430 0.04037420
v 0.00205661 -0.02029930 0.04008180
v 0.00252523 -0.01954770 0.04190860
v 0.00205661 -0.02029930 0.04008180
v 0.00205661 0.02065860 0.03928020
v 0.00205661 0.02134580 0.03756350
v 0.00252523 0.02186470 0.03771590
v 0.00205661 0.02065860 0.03928020
v 0.00205661 0.02134580 0.03756350
v 0.00252523 0.02113930 0.03952800
v 0.00205661 0.02065860 0.03928020
v 0.00252523 0.02186470 0.03771590
v 0.00205661 -0.02166760 0.03666400
v 0.00205661 -0.02114670 0.03843820
v 0.00252523 -0.02164870 0.03863920
v 0.00252523 -0.02164870 0.03863920
v 0.00205661 -0.02114670 0.03843820
v 0.00252523 -0.02075430 0.04037420
v 0.00205661 0.02134580 0.03756350
v 0.00205661 0.02169580 0.03574780
v 0.00252523 0.02223420 0.03579920
v 0.00205661 0.02134580 0.03756350
v 0.00205661 0.02169580 0.03574780
v 0.00252523 0.02186470 0.03771590
v 0.00205661 0.02134580 0.03756350
v 0.00252523 0.02223420 0.03579920
v 0.00205661 0.02134580 0.03756350
v 0.00205661 -0.02184340 0.03482320
v 0.00205661 -0.02166760 0.03666400
v 0.00252523 -0.02219870 0.03676630
v 0.00252523 -0.02219870 0.03676630
v 0.00205661 -0.02166760 0.03666400
v 0.00252523 -0.02164870 0.03863920
v 0.00205661 0.02169580 0.03574780
v 0.00205661 0.02169580 0.03389860
v 0.00252523 0.02223420 0.03384720
v 0.00205661 0.02169580 0.03574780
v 0.00137000 0.02149940 0.03396380
v 0.00205661 0.02169580 0.03389860
v 0.00252523 0.02223420 0.03579920
v 0.00205661 0.02169580 0.03574780
v 0.00252523 0.02223420 0.03384720
v 0.00205661 0.02169580 0.03574780
v 0.00205661 -0.02166760 0.03298240
v 0.00205661 -0.02184340 0.03482320
v 0.00252523 -0.02238420 0.03482320
v 0.00252523 -0.02238420 0.03482320
v 0.00205661 -0.02184340 0.03482320
v 0.00252523 -0.02219870 0.03676630
v 0.00205661 0.02169580 0.03389860
v 0.00205661 0.02134580 0.03208290
v 0.00252523 0.02186470 0.03193060
v 0.00205661 0.02169580 0.03389860
v 0.00137000 0.02111840 0.03202660
v 0.00205661 0.02134580 0.03208290
v 0.00252523 0.02223420 0.03384720
v 0.00205661 0.02169580 0.03389860
v 0.00252523 0.02186470 0.03193060
v 0.00205661 0.02169580 0.03389860
v 0.00205661 -0.02114670 0.03120820
v 0.00205661 -0.02166760 0.03298240
v 0.00252523 -0.02219870 0.03288010
v 0.00252523 -0.02219870 0.03288010
v 0.00205661 -0.02166760 0.03298240
v 0.00252523 -0.02238420 0.03482320
v 0.00205661 0.02134580 0.03208290
v 0.00205661 0.02065860 0.03036620
v 0.00252523 0.02113930 0.03011840
v 0.00205661 0.02134580 0.03208290
v 0.00205661 0.02065860 0.03036620
v 0.00252523 0.02186470 0.03193060
v 0.00205661 0.02134580 0.03208290
v 0.00252523 0.02113930 0.03011840
v 0.00205661 -0.02029930 0.02956460
v 0.00205661 -0.02114670 0.03120820
v 0.00252523 -0.02164870 0.03100720
v 0.00252523 -0.02164870 0.03100720
v 0.00205661 -0.02114670 0.03120820
v 0.00252523 -0.02219870 0.03288010
v 0.00205661 0.02065860 0.03036620
v 0.00205661 0.01965890 0.02881060
v 0.00252523 0.02008400 0.02847630
v 0.00205661 0.02065860 0.03036620
v 0.00137000 0.02034630 0.03020960
v 0.00205661 0.01965890 0.02881060
v 0.00252523 0.02113930 0.03011840
v 0.00205661 0.02065860 0.03036620
v 0.00252523 0.02008400 0.02847630
v 0.00205661 0.02065860 0.03036620
v 0.00205661 -0.01915630 0.02811110
v 0.00205661 -0.02029930 0.02956460
v 0.00252523 -0.02075430 0.02927220
v 0.00205661 -0.01915630 0.02811110
v 0.00205661 -0.02029930 0.02956460
v 0.00252523 -0.02075430 0.02927220
v 0.00205661 -0.02029930 0.02956460
v 0.00252523 -0.02164870 0.03100720
v 0.00205661 0.01965890 0.02881060
v 0.00252523 0.01873700 0.02706360
v 0.00252523 0.02008400 0.02847630
v 0.00205661 0.01965890 0.02881060
v 0.00205661 0.01838280 0.02747230
v 0.00252523 0.01873700 0.02706360
v 0.00205661 0.01965890 0.02881060
v 0.00137000 0.01921620 0.02859080
v 0.00205661 0.01965890 0.02881060
v 0.00252523 -0.01954770 0.02773790
v 0.00205661 -0.01915630 0.02811110
v 0.00252523 -0.02075430 0.02927220
v 0.00252523 -0.01954770 0.02773790
v 0.00246985 -0.01826440 0.02673420
v 0.00205661 -0.01915630 0.02811110
v 0.00137000 -0.01788020 0.02723980
v 0.00205661 -0.01915630 0.02811110
v 0.00205661 -0.01915630 0.02811110
v 0.00200500 -0.01798320 0.02710430
v 0.00205661 -0.01915630 0.02811110
v 0.00205661 -0.01180190 0.02345840
v 0.00137000 -0.01189250 0.02371770
v 0.00205661 -0.01488480 0.02500670
v 0.00205661 -0.01180190 0.02345840
v 0.00205661 -0.01488480 0.02500670
v 0.00252523 -0.01515520 0.02453830
v 0.00137000 -0.01499050 0.02530170
v 0.00205661 -0.01488480 0.02500670
v 0.00205661 -0.01776710 0.02690240
v 0.00205661 -0.01488480 0.02500670
v 0.00205661 -0.01488480 0.02500670
v 0.00205661 -0.01488480 0.02500670
v 0.00205661 0.01478120 0.02500670
v 0.00205661 0.01169830 0.02345840
v 0.00252523 0.01191250 0.02296180
v 0.00205661 0.01478120 0.02500670
v 0.00137000 0.01178900 0.02371770
v 0.00205661 0.01169830 0.02345840
v 0.00252523 0.01505160 0.02453830
v 0.00205661 0.01478120 0.02500670
v 0.00252523 0.01191250 0.02296180
v 0.00205661 0.01766350 0.02690240
v 0.00205661 0.01478120 0.02500670
v 0.00252523 0.01505160 0.02453830
v 0.00205661 0.01478120 0.02500670
v 0.00137000 0.01488700 0.02530170
v 0.00205661 0.01478120 0.02500670
v 0.00205661 -0.01180190 0.02345840
v 0.00252523 -0.01201610 0.02296180
v 0.00205661 -0.00856009 0.02227850
v 0.00205661 -0.01180190 0.02345840
v 0.00205661 -0.00856009 0.02227850
v 0.00137000 -0.00862941 0.02251000
v 0.00252523 -0.01201610 0.02296180
v 0.00205661 -0.01180190 0.02345840
v 0.00205661 -0.01180190 0.02345840
v 0.00205661 0.01169830 0.02345840
v 0.00205661 0.00845653 0.02227850
v 0.00252523 0.00861164 0.02176040
v 0.00205661 0.01169830 0.02345840
v 0.00137000 0.00852585 0.02251000
v 0.00205661 0.00845653 0.02227850
v 0.00252523 0.01191250 0.02296180
v 0.00205661 0.01169830 0.02345840
v 0.00252523 0.00861164 0.02176040
v 0.00205661 0.01169830 0.02345840
v 0.00205661 -0.00856009 0.02227850
v 0.00252523 -0.00871520 0.02176040
v 0.00205661 -0.00520323 0.02148290
v 0.00137000 -0.00524668 0.02169540
v 0.00205661 -0.00856009 0.02227850
v 0.00205661 -0.00520323 0.02148290
v 0.00252523 -0.01201610 0.02296180
v 0.00252523 -0.00871520 0.02176040
v 0.00205661 -0.00856009 0.02227850
v 0.00205661 -0.00856009 0.02227850
v 0.00205661 0.00845653 0.02227850
v 0.00205661 0.00509967 0.02148290
v 0.00252523 0.00519358 0.02095030
v 0.00205661 0.00845653 0.02227850
v 0.00137000 0.00514312 0.02169540
v 0.00205661 0.00509967 0.02148290
v 0.00252523 0.00861164 0.02176040
v 0.00205661 0.00845653 0.02227850
v 0.00252523 0.00519358 0.02095030
v 0.00205661 0.00845653 0.02227850
v 0.00205661 -0.00520323 0.02148290
v 0.00252523 -0.00529714 0.02095030
v 0.00205661 -0.00180340 0.02108400
v 0.00137000 -0.00179150 0.02128520
v 0.00205661 -0.00520323 0.02148290
v 0.00205661 -0.00180340 0.02108400
v 0.00252523 -0.00871520 0.02176040
v 0.00252523 -0.00529714 0.02095030
v 0.00205661 -0.00520323 0.02148290
v 0.00205661 -0.00520323 0.02148290
v 0.00205661 0.00509967 0.02148290
v 0.00205661 0.00169984 0.02108400
v 0.00252523 0.00173178 0.02054410
v 0.00137000 0.00168794 0.02128520
v 0.00205661 0.00169984 0.02108400
v 0.00205661 0.00509967 0.02148290
v 0.00205661 0.00509967 0.02148290
v 0.00252523 0.00173178 0.02054410
v 0.00252523 0.00519358 0.02095030
v 0.00205661 0.00509967 0.02148290
v 0.00205661 -0.00180340 0.02108400
v 0.00252523 -0.00183534 0.02054410
v 0.00205661 0.00169984 0.02108400
v 0.00205661 -0.00180340 0.02108400
v 0.00205661 0.00169984 0.02108400
v 0.00252523 -0.00529714 0.02095030
v 0.00252523 -0.00183534 0.02054410
v 0.00205661 -0.00180340 0.02108400
v 0.00205661 -0.00180340 0.02108400
v 0.00252523 0.00173178 0.02054410
v 0.00205661 0.00169984 0.02108400
v 0.00252523 -0.00183534 0.02054410
v 0.00259191 0.00362901 0.05291780
v 0.00230304 0.00380884 0.05301260
v 0.00251521 0.00367981 0.10784800
v 0.00230304 0.00380884 0.05301260
v 0.00259191 0.00362901 0.05291780
v 0.00236280 0.00350268 0.05256080
v 0.00230304 0.00380884 0.05301260
v 0.00262707 -0.01192430 0.04960010
v 0.00232980 -0.01089690 0.04997300
v 0.00232980 -0.01186430 0.05024820
v 0.00232980 -0.01186430 0.05024820
v 0.00232980 -0.01089690 0.04997300
v 0.00232980 -0.01186430 0.05024820
v 0.00246985 -0.01211680 0.05006320
v 0.00262707 -0.01192430 0.04960010
v 0.00232980 -0.01590630 0.04978750
v 0.00232980 -0.01339150 0.05020720
v 0.00232980 -0.01590630 0.04978750
v 0.00262707 -0.01574650 0.04915650
v 0.00232980 -0.01339150 0.05020720
v 0.00262707 -0.01333780 0.04955850
v 0.00246985 -0.01211680 0.05006320
v 0.00232980 -0.01339150 0.05020720
v 0.00232980 -0.01339150 0.05020720
v 0.00232980 0.01580270 0.04978750
v 0.00172780 0.01589770 0.05016260
v 0.00232980 0.01328800 0.05020720
v 0.00262707 0.01323420 0.04955850
v 0.00232980 0.01580270 0.04978750
v 0.00232980 0.01328800 0.05020720
v 0.00232980 0.01328800 0.05020720
v 0.00200500 0.01201320 0.05052810
v 0.00246985 0.01201320 0.05006320
v 0.00232980 0.01328800 0.05020720
v 0.00246985 0.01201320 0.05006320
v 0.00232980 0.01328800 0.05020720
v 0.00172780 0.01331990 0.05059270
v 0.00232980 0.01328800 0.05020720
v 0.00232980 0.01036400 0.04970710
v 0.00232980 0.01126430 0.05015540
v 0.00172780 0.01115840 0.05052750
v 0.00232980 0.01036400 0.04970710
v 0.00262707 0.01075630 0.04918770
v 0.00232980 0.01126430 0.05015540
v 0.00232980 0.01126430 0.05015540
v 0.00246985 0.01201320 0.05006320
v 0.00246985 0.01201320 0.05006320
v 0.00232980 0.01126430 0.05015540
v 0.00262707 0.01144240 0.04952930
v 0.00232980 0.01126430 0.05015540
v 0.00232980 0.01126430 0.05015540
v 0.00262707 -0.01118710 0.04939030
v 0.00232980 -0.01009440 0.04936690
v 0.00232980 -0.01089690 0.04997300
v 0.00232980 -0.01009440 0.04936690
v 0.00172780 -0.00980844 0.04962750
v 0.00232980 -0.01089690 0.04997300
v 0.00262707 -0.01192430 0.04960010
v 0.00262707 -0.01118710 0.04939030
v 0.00232980 -0.01089690 0.04997300
v 0.00232980 -0.01089690 0.04997300
v 0.00172780 -0.01600120 0.05016260
v 0.00232980 -0.01831760 0.04895970
v 0.00232980 -0.01590630 0.04978750
v 0.00232980 -0.01831760 0.04895970
v 0.00262707 -0.01805610 0.04836360
v 0.00232980 -0.01590630 0.04978750
v 0.00232980 -0.01590630 0.04978750
v 0.00232980 -0.01590630 0.04978750
v 0.00232980 0.01821410 0.04895970
v 0.00172780 0.01836950 0.04931400
v 0.00232980 0.01580270 0.04978750
v 0.00262707 0.01564290 0.04915650
v 0.00232980 0.01821410 0.04895970
v 0.00232980 0.01580270 0.04978750
v 0.00232980 0.01580270 0.04978750
v 0.00232980 0.01580270 0.04978750
v 0.00232980 0.00968645 0.04896390
v 0.00232980 0.01036400 0.04970710
v 0.00232980 0.00968645 0.04896390
v 0.00262707 0.01023990 0.04862120
v 0.00232980 0.01036400 0.04970710
v 0.00232980 0.01036400 0.04970710
v 0.00232980 0.01036400 0.04970710
v 0.00262707 -0.01057540 0.04892840
v 0.00232980 -0.00956491 0.04851180
v 0.00232980 -0.01009440 0.04936690
v 0.00232980 -0.00956491 0.04851180
v 0.00172780 -0.00920415 0.04865160
v 0.00232980 -0.01009440 0.04936690
v 0.00262707 -0.01057540 0.04892840
v 0.00232980 -0.01009440 0.04936690
v 0.00262707 -0.01118710 0.04939030
v 0.00232980 -0.01009440 0.04936690
v 0.00232980 0.00968645 0.04896390
v 0.00232980 0.00932314 0.04802610
v 0.00262707 0.00996299 0.04790650
v 0.00262707 0.00996299 0.04790650
v 0.00232980 0.00968645 0.04896390
v 0.00172780 -0.01847300 0.04931400
v 0.00232980 -0.02055980 0.04774630
v 0.00232980 -0.01831760 0.04895970
v 0.00232980 -0.02055980 0.04774630
v 0.00262707 -0.02020380 0.04720130
v 0.00232980 -0.01831760 0.04895970
v 0.00232980 -0.01831760 0.04895970
v 0.00232980 -0.01831760 0.04895970
v 0.00232980 0.02045630 0.04774630
v 0.00172780 0.02066790 0.04807020
v 0.00232980 0.01821410 0.04895970
v 0.00262707 0.01795260 0.04836360
v 0.00232980 0.02045630 0.04774630
v 0.00232980 0.01821410 0.04895970
v 0.00232980 0.01821410 0.04895970
v 0.00232980 0.01821410 0.04895970
v 0.00232980 -0.00938011 0.04752320
v 0.00172780 -0.00899322 0.04752320
v 0.00232980 -0.00956491 0.04851180
v 0.00262707 -0.01017190 0.04827670
v 0.00232980 -0.00938011 0.04752320
v 0.00232980 -0.00956491 0.04851180
v 0.00232980 -0.00956491 0.04851180
v 0.00262707 -0.01057540 0.04892840
v 0.00232980 -0.00956491 0.04851180
v 0.00232980 0.00932314 0.04802610
v 0.00232980 0.00932314 0.04702040
v 0.00262707 0.00996299 0.04714000
v 0.00262707 0.00996299 0.04790650
v 0.00232980 0.00932314 0.04802610
v 0.00262707 0.00996299 0.04714000
v 0.00172780 -0.02077140 0.04807020
v 0.00232980 -0.02257180 0.04618030
v 0.00232980 -0.02055980 0.04774630
v 0.00232980 -0.02257180 0.04618030
v 0.00262707 -0.02213090 0.04570140
v 0.00232980 -0.02055980 0.04774630
v 0.00232980 -0.02055980 0.04774630
v 0.00232980 -0.02055980 0.04774630
v 0.00232980 0.02246820 0.04618030
v 0.00172780 0.02273020 0.04646500
v 0.00232980 0.02045630 0.04774630
v 0.00262707 0.02010030 0.04720130
v 0.00232980 0.02246820 0.04618030
v 0.00232980 0.02045630 0.04774630
v 0.00232980 0.02045630 0.04774630
v 0.00232980 0.02045630 0.04774630
v 0.00172780 -0.00920415 0.04639490
v 0.00232980 -0.00938011 0.04752320
v 0.00232980 -0.00956491 0.04653460
v 0.00232980 -0.00938011 0.04752320
v 0.00262707 -0.01003100 0.04752320
v 0.00232980 -0.00956491 0.04653460
v 0.00232980 -0.00938011 0.04752320
v 0.00232980 -0.00938011 0.04752320
v 0.00232980 0.00968645 0.04608250
v 0.00262707 0.01023990 0.04642520
v 0.00232980 0.00932314 0.04702040
v 0.00262707 0.00996299 0.04714000
v 0.00232980 0.00932314 0.04702040
v 0.00172780 -0.00980844 0.04541890
v 0.00232980 -0.00956491 0.04653460
v 0.00232980 -0.01009440 0.04567950
v 0.00232980 -0.00956491 0.04653460
v 0.00262707 -0.01017190 0.04676980
v 0.00232980 -0.01009440 0.04567950
v 0.00232980 -0.00956491 0.04653460
v 0.00232980 -0.00956491 0.04653460
v 0.00172780 -0.02283380 0.04646500
v 0.00232980 -0.02429850 0.04430460
v 0.00232980 -0.02257180 0.04618030
v 0.00232980 -0.02429850 0.04430460
v 0.00262707 -0.02378480 0.04390480
v 0.00232980 -0.02257180 0.04618030
v 0.00232980 -0.02257180 0.04618030
v 0.00232980 -0.02257180 0.04618030
v 0.00232980 0.02419490 0.04430460
v 0.00232980 0.02246820 0.04618030
v 0.00262707 0.02202730 0.04570140
v 0.00232980 0.02419490 0.04430460
v 0.00232980 0.02246820 0.04618030
v 0.00232980 0.02246820 0.04618030
v 0.00232980 0.02246820 0.04618030
v 0.00232980 0.01036400 0.04533930
v 0.00262707 0.01075630 0.04585880
v 0.00232980 0.00968645 0.04608250
v 0.00232980 0.00968645 0.04608250
v 0.00232980 -0.01009440 0.04567950
v 0.00262707 -0.01057540 0.04611810
v 0.00232980 -0.01089690 0.04507350
v 0.00232980 -0.01009440 0.04567950
v 0.00232980 -0.01089690 0.04507350
v 0.00232980 -0.01009440 0.04567950
v 0.00262707 -0.01057540 0.04611810
v 0.00232980 -0.01009440 0.04567950
v 0.00232980 0.01036400 0.04533930
v 0.00232980 0.01126430 0.04489100
v 0.00232980 0.01126430 0.04489100
v 0.00262707 0.01144240 0.04551710
v 0.00232980 0.01036400 0.04533930
v 0.00232980 0.01036400 0.04533930
v 0.00232980 -0.01089690 0.04507350
v 0.00262707 -0.01118710 0.04565610
v 0.00232980 -0.01186430 0.04479820
v 0.00232980 -0.01089690 0.04507350
v 0.00262707 -0.01057540 0.04611810
v 0.00262707 -0.01118710 0.04565610
v 0.00232980 0.01126430 0.04489100
v 0.00246985 0.01201320 0.04498320
v 0.00232980 0.01126430 0.04489100
v 0.00246985 0.01201320 0.04498320
v 0.00172780 0.01115840 0.04451890
v 0.00232980 0.01126430 0.04489100
v 0.00232980 0.01126430 0.04489100
v 0.00232980 -0.01186430 0.04479820
v 0.00262707 -0.01192430 0.04544640
v 0.00246985 -0.01211680 0.04498320
v 0.00262707 -0.01118710 0.04565610
v 0.00262707 -0.01192430 0.04544640
v 0.00232980 -0.01186430 0.04479820
v 0.00232980 -0.02569290 0.04217030
v 0.00232980 -0.02429850 0.04430460
v 0.00232980 -0.02569290 0.04217030
v 0.00262707 -0.02512040 0.04186050
v 0.00232980 -0.02429850 0.04430460
v 0.00232980 -0.02429850 0.04430460
v 0.00232980 -0.02429850 0.04430460
v 0.00262707 0.02368120 0.04390480
v 0.00232980 0.02558940 0.04217030
v 0.00232980 0.02419490 0.04430460
v 0.00232980 0.02419490 0.04430460
v 0.00232980 -0.02671710 0.03983550
v 0.00262707 -0.02610140 0.03962410
v 0.00232980 -0.02569290 0.04217030
v 0.00232980 -0.02569290 0.04217030
v 0.00262707 0.02501690 0.04186050
v 0.00232980 0.02661350 0.03983550
v 0.00232980 0.02558940 0.04217030
v 0.00232980 0.02558940 0.04217030
v 0.00232980 -0.02734290 0.03736400
v 0.00262707 -0.02670090 0.03725690
v 0.00232980 -0.02671710 0.03983550
v 0.00232980 -0.02671710 0.03983550
v 0.00262707 0.02599780 0.03962410
v 0.00232980 0.02723940 0.03736400
v 0.00232980 0.02661350 0.03983550
v 0.00232980 0.02661350 0.03983550
v 0.00232980 -0.02755350 0.03482320
v 0.00262707 -0.02690250 0.03482320
v 0.00232980 -0.02734290 0.03736400
v 0.00232980 -0.02734290 0.03736400
v 0.00262707 0.02659730 0.03725690
v 0.00232980 0.02744990 0.03482320
v 0.00232980 0.02723940 0.03736400
v 0.00232980 0.02723940 0.03736400
v 0.00232980 -0.02734290 0.03228240
v 0.00262707 -0.02670090 0.03238960
v 0.00232980 -0.02755350 0.03482320
v 0.00232980 -0.02755350 0.03482320
v 0.00232980 0.02744990 0.03482320
v 0.00232980 0.02723940 0.03228240
v 0.00232980 0.02744990 0.03482320
v 0.00262707 0.02679900 0.03482320
v 0.00232980 0.02723940 0.03228240
v 0.00232980 0.02744990 0.03482320
v 0.00232980 -0.02671710 0.02981090
v 0.00232980 -0.02734290 0.03228240
v 0.00232980 -0.02671710 0.02981090
v 0.00262707 -0.02610140 0.03002230
v 0.00232980 -0.02734290 0.03228240
v 0.00232980 -0.02734290 0.03228240
v 0.00172780 0.02697940 0.02968530
v 0.00232980 0.02723940 0.03228240
v 0.00232980 0.02661350 0.02981090
v 0.00232980 0.02723940 0.03228240
v 0.00262707 0.02659730 0.03238960
v 0.00232980 0.02661350 0.02981090
v 0.00232980 0.02723940 0.03228240
v 0.00232980 0.02723940 0.03228240
v 0.00172780 -0.02708300 0.02968530
v 0.00232980 -0.02569290 0.02747620
v 0.00232980 -0.02671710 0.02981090
v 0.00232980 -0.02569290 0.02747620
v 0.00262707 -0.02512040 0.02778600
v 0.00232980 -0.02671710 0.02981090
v 0.00232980 -0.02671710 0.02981090
v 0.00232980 -0.02671710 0.02981090
v 0.00172780 0.02592960 0.02729200
v 0.00232980 0.02661350 0.02981090
v 0.00232980 0.02558940 0.02747620
v 0.00232980 0.02661350 0.02981090
v 0.00262707 0.02599780 0.03002230
v 0.00232980 0.02558940 0.02747620
v 0.00232980 0.02661350 0.02981090
v 0.00232980 0.02661350 0.02981090
v 0.00172780 -0.02603320 0.02729200
v 0.00232980 -0.02429850 0.02534180
v 0.00232980 -0.02569290 0.02747620
v 0.00232980 -0.02429850 0.02534180
v 0.00262707 -0.02378480 0.02574160
v 0.00232980 -0.02569290 0.02747620
v 0.00232980 -0.02569290 0.02747620
v 0.00232980 -0.02569290 0.02747620
v 0.00172780 0.02450020 0.02510420
v 0.00232980 0.02558940 0.02747620
v 0.00232980 0.02419490 0.02534180
v 0.00232980 0.02558940 0.02747620
v 0.00262707 0.02501690 0.02778600
v 0.00232980 0.02419490 0.02534180
v 0.00232980 0.02558940 0.02747620
v 0.00232980 0.02558940 0.02747620
v 0.00232980 -0.02429850 0.02534180
v 0.00172780 -0.02460380 0.02510420
v 0.00232980 -0.02257180 0.02346610
v 0.00232980 -0.02257180 0.02346610
v 0.00262707 -0.02213090 0.02394500
v 0.00232980 -0.02429850 0.02534180
v 0.00232980 -0.02429850 0.02534180
v 0.00232980 -0.02429850 0.02534180
v 0.00172780 0.02273020 0.02318150
v 0.00232980 0.02419490 0.02534180
v 0.00232980 0.02246820 0.02346610
v 0.00232980 0.02419490 0.02534180
v 0.00262707 0.02368120 0.02574160
v 0.00232980 0.02246820 0.02346610
v 0.00232980 0.02419490 0.02534180
v 0.00232980 0.02419490 0.02534180
v 0.00232980 -0.02257180 0.02346610
v 0.00246985 -0.02133820 0.02268970
v 0.00232980 -0.02257180 0.02346610
v 0.00200500 -0.02161950 0.02231960
v 0.00246985 -0.02133820 0.02268970
v 0.00172780 -0.02283380 0.02318150
v 0.00232980 -0.02257180 0.02346610
v 0.00232980 -0.02257180 0.02346610
v 0.00232980 0.02246820 0.02346610
v 0.00246985 0.02123470 0.02268970
v 0.00200500 0.02151600 0.02231960
v 0.00262707 0.02202730 0.02394500
v 0.00246985 0.02123470 0.02268970
v 0.00232980 0.02246820 0.02346610
v 0.00232980 0.02246820 0.02346610
v 0.00232980 0.02246820 0.02346610
v 0.00232980 -0.02100270 0.02219340
v 0.00172780 -0.02123190 0.02188170
v 0.00232980 -0.01773980 0.02006160
v 0.00232980 -0.01773980 0.02006160
v 0.00262707 -0.01741440 0.02062540
v 0.00232980 -0.02100270 0.02219340
v 0.00232980 -0.02100270 0.02219340
v 0.00246985 -0.02133820 0.02268970
v 0.00262707 -0.02061720 0.02271790
v 0.00246985 -0.02133820 0.02268970
v 0.00232980 -0.02100270 0.02219340
v 0.00232980 -0.02100270 0.02219340
v 0.00232980 -0.02100270 0.02219340
v 0.00262707 0.01894110 0.02162750
v 0.00232980 0.01592170 0.01913380
v 0.00232980 0.01929710 0.02108250
v 0.00232980 0.01592170 0.01913380
v 0.00172780 0.01609640 0.01878860
v 0.00232980 0.01929710 0.02108250
v 0.00232980 0.01929710 0.02108250
v 0.00246985 0.02123470 0.02268970
v 0.00232980 0.01929710 0.02108250
v 0.00246985 0.02123470 0.02268970
v 0.00172780 0.01950870 0.02075870
v 0.00232980 0.01929710 0.02108250
v 0.00232980 0.01929710 0.02108250
v 0.00232980 -0.01773980 0.02006160
v 0.00172780 -0.01793330 0.01972660
v 0.00232980 -0.01426220 0.01830170
v 0.00262707 -0.01400070 0.01889790
v 0.00232980 -0.01773980 0.02006160
v 0.00232980 -0.01426220 0.01830170
v 0.00232980 -0.01773980 0.02006160
v 0.00232980 -0.01773980 0.02006160
v 0.00232980 0.01235240 0.01756810
v 0.00172780 0.01248810 0.01720580
v 0.00232980 0.01592170 0.01913380
v 0.00262707 0.01562780 0.01971460
v 0.00232980 0.01235240 0.01756810
v 0.00232980 0.01592170 0.01913380
v 0.00232980 0.01592170 0.01913380
v 0.00232980 0.01592170 0.01913380
v 0.00232980 -0.01426220 0.01830170
v 0.00172780 -0.01441760 0.01794750
v 0.00232980 -0.01061210 0.01693510
v 0.00262707 -0.01041780 0.01755640
v 0.00232980 -0.01426220 0.01830170
v 0.00232980 -0.01061210 0.01693510
v 0.00232980 -0.01426220 0.01830170
v 0.00232980 -0.01426220 0.01830170
v 0.00232980 0.00863253 0.01640460
v 0.00172780 0.00872751 0.01602960
v 0.00232980 0.01235240 0.01756810
v 0.00262707 0.01212420 0.01817770
v 0.00232980 0.00863253 0.01640460
v 0.00232980 0.01235240 0.01756810
v 0.00232980 0.01235240 0.01756810
v 0.00232980 0.01235240 0.01756810
v 0.00232980 -0.01061210 0.01693510
v 0.00172780 -0.01072760 0.01656590
v 0.00232980 -0.00683375 0.01597830
v 0.00262707 -0.00670896 0.01661720
v 0.00232980 -0.01061210 0.01693510
v 0.00232980 -0.00683375 0.01597830
v 0.00232980 -0.01061210 0.01693510
v 0.00232980 -0.01061210 0.01693510
v 0.00232980 0.00480725 0.01565740
v 0.00172780 0.00486039 0.01527420
v 0.00232980 0.00863253 0.01640460
v 0.00262707 0.00847274 0.01703570
v 0.00232980 0.00480725 0.01565740
v 0.00232980 0.00863253 0.01640460
v 0.00232980 0.00863253 0.01640460
v 0.00232980 0.00863253 0.01640460
v 0.00232980 -0.00683375 0.01597830
v 0.00172780 -0.00690792 0.01559860
v 0.00232980 -0.00297311 0.01544300
v 0.00262707 -0.00291936 0.01609170
v 0.00232980 -0.00683375 0.01597830
v 0.00232980 -0.00297311 0.01544300
v 0.00232980 -0.00683375 0.01597830
v 0.00232980 -0.00683375 0.01597830
v 0.00232980 0.00092298 0.01533560
v 0.00172780 0.00093364 0.01494880
v 0.00232980 0.00480725 0.01565740
v 0.00262707 0.00471784 0.01630220
v 0.00232980 0.00092298 0.01533560
v 0.00232980 0.00480725 0.01565740
v 0.00232980 0.00480725 0.01565740
v 0.00232980 0.00480725 0.01565740
v 0.00232980 -0.00297311 0.01544300
v 0.00172780 -0.00300506 0.01505740
v 0.00232980 0.00092298 0.01533560
v 0.00262707 0.00090505 0.01598630
v 0.00232980 -0.00297311 0.01544300
v 0.00232980 0.00092298 0.01533560
v 0.00232980 -0.00297311 0.01544300
v 0.00232980 -0.00297311 0.01544300
v 0.00232980 0.00092298 0.01533560
v 0.00232980 0.00092298 0.01533560
v 0.00296480 -0.00005178 0.05113650
v 0.00236280 -0.00005178 0.05074970
v 0.00296480 0.00118635 0.05133260
v 0.00236280 -0.00005178 0.05074970
v 0.00236280 0.00130590 0.05096470
v 0.00296480 0.00118635 0.05133260
v 0.00236280 -0.00140946 0.05096470
v 0.00236280 -0.00005178 0.05074970
v 0.00296480 -0.00005178 0.05113650
v 0.00236280 -0.00005178 0.05074970
v 0.00236280 -0.00005178 0.05074970
v 0.00236280 -0.00005178 0.05074970
v 0.00236280 -0.00005178 0.05074970
v 0.00244665 -0.00102380 0.09514820
v 0.00244665 -0.00102380 0.10784800
v 0.00264000 -0.00005178 0.09514820
v 0.00264000 -0.00005178 0.09514820
v 0.00244665 -0.00102380 0.10784800
v 0.00264000 -0.00005178 0.10784800
v 0.00450005 -0.00068234 0.10784800
v 0.00264000 -0.00005178 0.10784800
v 0.00244665 -0.00102380 0.10784800
v 0.00414587 -0.00189270 0.10784800
v 0.00244665 -0.00102380 0.10784800
v 0.00346601 -0.00295488 0.10784800
v 0.00450005 -0.00068234 0.10784800
v 0.00244665 -0.00102380 0.10784800
v 0.00414587 -0.00189270 0.10784800
v 0.00244665 0.00092024 0.09514820
v 0.00264000 -0.00005178 0.10784800
v 0.00244665 0.00092024 0.10784800
v 0.00450005 0.00057878 0.10784800
v 0.00244665 0.00092024 0.10784800
v 0.00264000 -0.00005178 0.10784800
v 0.00346601 0.00285132 0.10784800
v 0.00244665 0.00092024 0.10784800
v 0.00414587 0.00178914 0.10784800
v 0.00414587 0.00178914 0.10784800
v 0.00244665 0.00092024 0.10784800
v 0.00450005 0.00057878 0.10784800
v 0.00244665 0.00092024 0.09514820
v 0.00244665 -0.00102380 0.09514820
v 0.00264000 -0.00005178 0.09514820
v 0.00264000 -0.00005178 0.09514820
v 0.00264000 -0.00005178 0.10784800
v 0.00244665 0.00092024 0.09514820
v 0.00262707 -0.01192430 0.04960010
v 0.00246985 -0.01211680 0.05006320
v 0.00264000 -0.01211680 0.04942820
v 0.00246985 -0.01211680 0.05006320
v 0.00246985 0.01201320 0.05006320
v 0.00264000 0.01201320 0.04942820
v 0.00246985 0.01201320 0.05006320
v 0.00246985 -0.01211680 0.04498320
v 0.00252523 -0.01260530 0.04507900
v 0.00246985 -0.01211680 0.04498320
v 0.00264000 -0.01211680 0.04561820
v 0.00252523 -0.01260530 0.04507900
v 0.00262707 -0.01192430 0.04544640
v 0.00246985 -0.01211680 0.04498320
v 0.00252523 0.01347440 0.04498610
v 0.00264000 0.01201320 0.04561820
v 0.00246985 0.01201320 0.04498320
v 0.00246985 0.01201320 0.04498320
v 0.00246985 0.01816090 0.02673420
v 0.00252523 0.01873700 0.02706360
v 0.00246985 0.01816090 0.02673420
v 0.00264000 0.01854510 0.02622870
v 0.00252523 0.01873700 0.02706360
v 0.00246985 0.01816090 0.02673420
v 0.00252523 0.01505160 0.02453830
v 0.00246985 0.01816090 0.02673420
v 0.00252523 0.01505160 0.02453830
v 0.00252523 0.01798650 0.02646860
v 0.00200500 0.01787960 0.02710430
v 0.00246985 0.01816090 0.02673420
v 0.00246985 0.01816090 0.02673420
v 0.00246985 0.01816090 0.02673420
v 0.00246985 -0.02133820 0.02268970
v 0.00264000 -0.02095400 0.02319530
v 0.00246985 -0.02133820 0.02268970
v 0.00264000 0.02085050 0.02319530
v 0.00246985 0.02123470 0.02268970
v 0.00246985 0.02123470 0.02268970
v 0.00282650 -0.00356237 0.05294220
v 0.00251521 -0.00378337 0.10784800
v 0.00254818 -0.00376181 0.05292430
v 0.00346601 -0.00295488 0.10784800
v 0.00251521 -0.00378337 0.10784800
v 0.00282650 -0.00356237 0.05294220
v 0.00251521 0.00367981 0.10784800
v 0.00284972 0.00344064 0.05295120
v 0.00259191 0.00362901 0.05291780
v 0.00251521 0.00367981 0.10784800
v 0.00327500 0.00305907 0.08621930
v 0.00284972 0.00344064 0.05295120
v 0.00346601 0.00285132 0.10784800
v 0.00327500 0.00305907 0.08621930
v 0.00251521 0.00367981 0.10784800
v 0.00252523 -0.01453740 0.04480120
v 0.00252523 -0.01260530 0.04507900
v 0.00264000 -0.01417320 0.04542050
v 0.00252523 -0.01260530 0.04507900
v 0.00252523 0.01537140 0.04452590
v 0.00264000 0.01406970 0.04542050
v 0.00252523 0.01347440 0.04498610
v 0.00252523 0.01347440 0.04498610
v 0.00252523 -0.01453740 0.04480120
v 0.00264000 -0.01615430 0.04483470
v 0.00252523 -0.01638200 0.04416280
v 0.00252523 -0.01453740 0.04480120
v 0.00252523 0.01714690 0.04371510
v 0.00264000 0.01605080 0.04483470
v 0.00252523 0.01537140 0.04452590
v 0.00252523 0.01537140 0.04452590
v 0.00252523 -0.01638200 0.04416280
v 0.00264000 -0.01798760 0.04388220
v 0.00252523 -0.01807250 0.04318680
v 0.00252523 -0.01638200 0.04416280
v 0.00252523 0.01873700 0.04258280
v 0.00264000 0.01788400 0.04388220
v 0.00252523 0.01714690 0.04371510
v 0.00252523 0.01714690 0.04371510
v 0.00252523 -0.01807250 0.04318680
v 0.00264000 -0.01960580 0.04259790
v 0.00252523 -0.01954770 0.04190860
v 0.00252523 -0.01807250 0.04318680
v 0.00252523 0.02008400 0.04117010
v 0.00264000 0.01950230 0.04259790
v 0.00252523 0.01873700 0.04258280
v 0.00252523 0.01873700 0.04258280
v 0.00252523 -0.01954770 0.04190860
v 0.00264000 -0.02094980 0.04102890
v 0.00252523 -0.02075430 0.04037420
v 0.00252523 -0.01954770 0.04190860
v 0.00252523 0.02113930 0.03952800
v 0.00264000 0.02084620 0.04102890
v 0.00252523 0.02008400 0.04117010
v 0.00252523 0.02008400 0.04117010
v 0.00252523 -0.02075430 0.04037420
v 0.00264000 -0.02197020 0.03923260
v 0.00252523 -0.02164870 0.03863920
v 0.00252523 -0.02075430 0.04037420
v 0.00252523 0.02186470 0.03771590
v 0.00264000 0.02186660 0.03923260
v 0.00252523 0.02113930 0.03952800
v 0.00252523 0.02113930 0.03952800
v 0.00252523 -0.02164870 0.03863920
v 0.00264000 -0.02262970 0.03727480
v 0.00252523 -0.02219870 0.03676630
v 0.00252523 -0.02164870 0.03863920
v 0.00252523 0.02223420 0.03579920
v 0.00264000 0.02252620 0.03727480
v 0.00252523 0.02186470 0.03771590
v 0.00252523 0.02186470 0.03771590
v 0.00252523 -0.02219870 0.03676630
v 0.00264000 -0.02290420 0.03522720
v 0.00252523 -0.02238420 0.03482320
v 0.00252523 -0.02219870 0.03676630
v 0.00252523 0.02223420 0.03384720
v 0.00264000 0.02280070 0.03522720
v 0.00252523 0.02223420 0.03579920
v 0.00252523 0.02223420 0.03579920
v 0.00252523 -0.02238420 0.03482320
v 0.00264000 -0.02278360 0.03316480
v 0.00252523 -0.02219870 0.03288010
v 0.00252523 -0.02238420 0.03482320
v 0.00252523 0.02186470 0.03193060
v 0.00264000 0.02268010 0.03316480
v 0.00252523 0.02223420 0.03384720
v 0.00252523 0.02223420 0.03384720
v 0.00252523 -0.02219870 0.03288010
v 0.00264000 -0.02227240 0.03116310
v 0.00252523 -0.02164870 0.03100720
v 0.00252523 -0.02219870 0.03288010
v 0.00252523 0.02113930 0.03011840
v 0.00264000 0.02216880 0.03116310
v 0.00252523 0.02186470 0.03193060
v 0.00252523 0.02186470 0.03193060
v 0.00252523 -0.02164870 0.03100720
v 0.00264000 -0.02138910 0.02929550
v 0.00252523 -0.02075430 0.02927220
v 0.00252523 -0.02164870 0.03100720
v 0.00252523 0.02008400 0.02847630
v 0.00264000 0.02128560 0.02929550
v 0.00252523 0.02113930 0.03011840
v 0.00252523 0.02113930 0.03011840
v 0.00252523 -0.02075430 0.02927220
v 0.00264000 -0.02016630 0.02763040
v 0.00252523 -0.01954770 0.02773790
v 0.00252523 -0.02075430 0.02927220
v 0.00252523 0.02008400 0.02847630
v 0.00252523 0.01873700 0.02706360
v 0.00264000 0.02006270 0.02763040
v 0.00252523 0.02008400 0.02847630
v 0.00252523 -0.01954770 0.02773790
v 0.00264000 -0.01864870 0.02622870
v 0.00252523 -0.01954770 0.02773790
v 0.00252523 0.01873700 0.02706360
v 0.00252523 0.01191250 0.02296180
v 0.00264000 0.01229930 0.02255480
v 0.00252523 0.01505160 0.02453830
v 0.00252523 0.01505160 0.02453830
v 0.00264000 0.01553090 0.02420700
v 0.00252523 0.01505160 0.02453830
v 0.00252523 -0.01201610 0.02296180
v 0.00264000 -0.00899913 0.02129500
v 0.00252523 -0.00871520 0.02176040
v 0.00264000 -0.01240290 0.02255480
v 0.00252523 -0.01201610 0.02296180
v 0.00252523 -0.01201610 0.02296180
v 0.00252523 0.00861164 0.02176040
v 0.00264000 0.00889557 0.02129500
v 0.00252523 0.01191250 0.02296180
v 0.00252523 0.01191250 0.02296180
v 0.00252523 -0.00871520 0.02176040
v 0.00264000 -0.00547059 0.02044530
v 0.00252523 -0.00529714 0.02095030
v 0.00252523 -0.00871520 0.02176040
v 0.00252523 0.00519358 0.02095030
v 0.00264000 0.00536703 0.02044530
v 0.00252523 0.00861164 0.02176040
v 0.00252523 0.00861164 0.02176040
v 0.00252523 -0.00529714 0.02095030
v 0.00264000 -0.00186649 0.02001740
v 0.00252523 -0.00183534 0.02054410
v 0.00252523 -0.00529714 0.02095030
v 0.00252523 0.00519358 0.02095030
v 0.00252523 0.00173178 0.02054410
v 0.00264000 0.00176293 0.02001740
v 0.00252523 0.00519358 0.02095030
v 0.00252523 -0.00183534 0.02054410
v 0.00252523 0.00173178 0.02054410
v 0.00252523 0.00173178 0.02054410
v 0.00254818 -0.00376181 0.05292430
v 0.00282650 -0.00356237 0.05294220
v 0.00259191 0.00362901 0.05291780
v 0.00284972 0.00344064 0.05295120
v 0.00264000 -0.01129020 0.04923960
v 0.00262707 -0.01118710 0.04939030
v 0.00262707 -0.01192430 0.04960010
v 0.00262707 -0.01192430 0.04960010
v 0.00262707 -0.01057540 0.04892840
v 0.00262707 -0.01118710 0.04939030
v 0.00264000 -0.01062740 0.04871100
v 0.00262707 -0.01057540 0.04892840
v 0.00262707 -0.01057540 0.04892840
v 0.00262707 0.00996299 0.04714000
v 0.00264000 0.01015600 0.04794710
v 0.00262707 0.00996299 0.04790650
v 0.00262707 0.00996299 0.04790650
v 0.00264000 0.01015600 0.04709930
v 0.00262707 0.00996299 0.04714000
v 0.00262707 0.00996299 0.04714000
v 0.00262707 -0.01057540 0.04611810
v 0.00264000 -0.01129020 0.04580690
v 0.00262707 -0.01118710 0.04565610
v 0.00264000 -0.01062740 0.04633550
v 0.00262707 -0.01057540 0.04611810
v 0.00262707 -0.01057540 0.04611810
v 0.00262707 -0.01118710 0.04565610
v 0.00262707 -0.01192430 0.04544640
v 0.00262707 -0.01192430 0.04544640
v 0.00450005 0.00057878 0.10784800
v 0.00264000 -0.00005178 0.10784800
v 0.00450005 -0.00068234 0.10784800
v 0.00327500 -0.00316263 0.08621930
v 0.00282650 -0.00356237 0.05294220
v 0.00304885 -0.00337780 0.05310970
v 0.00282650 -0.00356237 0.05294220
v 0.00296480 -0.00329325 0.05278820
v 0.00304885 -0.00337780 0.05310970
v 0.00327500 -0.00316263 0.08621930
v 0.00346601 -0.00295488 0.10784800
v 0.00282650 -0.00356237 0.05294220
v 0.00282650 -0.00356237 0.05294220
v 0.00327500 0.00305907 0.08621930
v 0.00305610 0.00326779 0.05311950
v 0.00284972 0.00344064 0.05295120
v 0.00296480 0.00318969 0.05278820
v 0.00284972 0.00344064 0.05295120
v 0.00305610 0.00326779 0.05311950
v 0.00284972 0.00344064 0.05295120
v 0.00296480 -0.00128991 0.05133260
v 0.00326207 -0.00108876 0.05195170
v 0.00296480 -0.00240684 0.05190180
v 0.00296480 -0.00128991 0.05133260
v 0.00296480 -0.00240684 0.05190180
v 0.00236280 -0.00263425 0.05158880
v 0.00326207 -0.00108876 0.05195170
v 0.00326207 -0.00202423 0.05242840
v 0.00296480 -0.00240684 0.05190180
v 0.00296480 -0.00240684 0.05190180
v 0.00326207 -0.00202423 0.05242840
v 0.00296480 -0.00240684 0.05190180
v 0.00296480 -0.00240684 0.05190180
v 0.00296480 0.00118635 0.05133260
v 0.00296480 0.00230328 0.05190180
v 0.00326207 0.00192067 0.05242840
v 0.00296480 0.00230328 0.05190180
v 0.00296480 0.00118635 0.05133260
v 0.00296480 0.00230328 0.05190180
v 0.00326207 0.00266307 0.05317080
v 0.00326207 0.00192067 0.05242840
v 0.00236280 0.00253069 0.05158880
v 0.00296480 0.00230328 0.05190180
v 0.00296480 0.00230328 0.05190180
v 0.00296480 0.00230328 0.05190180
v 0.00296480 -0.00128991 0.05133260
v 0.00296480 -0.00005178 0.05113650
v 0.00326207 -0.00005178 0.05178750
v 0.00296480 -0.00128991 0.05133260
v 0.00296480 -0.00005178 0.05113650
v 0.00326207 -0.00005178 0.05178750
v 0.00326207 -0.00108876 0.05195170
v 0.00296480 -0.00128991 0.05133260
v 0.00296480 -0.00128991 0.05133260
v 0.00296480 -0.00005178 0.05113650
v 0.00296480 0.00118635 0.05133260
v 0.00326207 0.00098520 0.05195170
v 0.00326207 0.00098520 0.05195170
v 0.00296480 0.00118635 0.05133260
v 0.00326207 0.00192067 0.05242840
v 0.00326207 -0.00005178 0.05178750
v 0.00296480 -0.00005178 0.05113650
v 0.00326207 0.00098520 0.05195170
v 0.00304885 -0.00337780 0.05310970
v 0.00324583 -0.00319215 0.05372510
v 0.00327500 -0.00316263 0.08621930
v 0.00304885 -0.00337780 0.05310970
v 0.00326207 -0.00276663 0.05317080
v 0.00324583 -0.00319215 0.05372510
v 0.00304885 -0.00337780 0.05310970
v 0.00327500 0.00305907 0.08621930
v 0.00324520 0.00308924 0.05371950
v 0.00305610 0.00326779 0.05311950
v 0.00305610 0.00326779 0.05311950
v 0.00324520 0.00308924 0.05371950
v 0.00305610 0.00326779 0.05311950
v 0.00327500 0.00305907 0.05450820
v 0.00324520 0.00308924 0.05371950
v 0.00327500 0.00305907 0.08621930
v 0.00327500 0.00266536 0.05350070
v 0.00324520 0.00308924 0.05371950
v 0.00327500 0.00305907 0.05450820
v 0.00324520 0.00308924 0.05371950
v 0.00327500 -0.00316263 0.08621930
v 0.00324583 -0.00319215 0.05372510
v 0.00327500 -0.00316263 0.05450820
v 0.00324583 -0.00319215 0.05372510
v 0.00327500 -0.00276892 0.05350070
v 0.00327500 -0.00316263 0.05450820
v 0.00324583 -0.00319215 0.05372510
v 0.00326207 -0.00108876 0.05195170
v 0.00327500 -0.00111766 0.05215250
v 0.00326207 -0.00202423 0.05242840
v 0.00326207 -0.00202423 0.05242840
v 0.00326207 -0.00202423 0.05242840
v 0.00327500 -0.00205983 0.05268390
v 0.00326207 -0.00202423 0.05242840
v 0.00326207 0.00192067 0.05242840
v 0.00327500 0.00101410 0.05215250
v 0.00326207 0.00098520 0.05195170
v 0.00326207 0.00192067 0.05242840
v 0.00327500 0.00195627 0.05268390
v 0.00326207 0.00192067 0.05242840
v 0.00326207 -0.00005178 0.05178750
v 0.00327500 -0.00005178 0.05196820
v 0.00326207 -0.00108876 0.05195170
v 0.00326207 -0.00108876 0.05195170
v 0.00326207 0.00098520 0.05195170
v 0.00326207 -0.00005178 0.05178750
v 0.00326207 0.00098520 0.05195170
v 0.00327500 -0.00316263 0.05450820
v 0.00327500 -0.00243139 0.08586290
v 0.00327500 -0.00316263 0.08621930
v 0.00333781 -0.00309769 0.08713540
v 0.00346601 -0.00295488 0.10784800
v 0.00327500 -0.00316263 0.08621930
v 0.00343756 -0.00238747 0.08724490
v 0.00333781 -0.00309769 0.08713540
v 0.00327500 -0.00316263 0.08621930
v 0.00327500 -0.00316263 0.08621930
v 0.00327500 0.00232994 0.08586380
v 0.00327500 0.00305907 0.05450820
v 0.00327500 0.00305907 0.08621930
v 0.00346601 0.00285132 0.10784800
v 0.00333782 0.00299413 0.08713540
v 0.00327500 0.00305907 0.08621930
v 0.00344884 0.00193446 0.08712500
v 0.00327500 0.00305907 0.08621930
v 0.00333782 0.00299413 0.08713540
v 0.00327500 0.00305907 0.08621930
v 0.00327500 -0.00165784 0.08562180
v 0.00327500 -0.00316263 0.05450820
v 0.00327500 -0.00316263 0.05450820
v 0.00327500 -0.00316263 0.05450820
v 0.00327500 -0.00005052 0.08543810
v 0.00327500 -0.00316263 0.05450820
v 0.00327500 0.00155526 0.08562190
v 0.00327500 0.00305907 0.05450820
v 0.00327500 0.00305907 0.05450820
v 0.00327500 0.00305907 0.05450820
v 0.00327500 0.00305907 0.05450820
v 0.00349907 -0.00291610 0.08790960
v 0.00346601 -0.00295488 0.10784800
v 0.00333781 -0.00309769 0.08713540
v 0.00341731 -0.00293736 0.08751990
v 0.00333781 -0.00309769 0.08713540
v 0.00333781 -0.00309769 0.08713540
v 0.00349907 0.00281254 0.08790960
v 0.00333782 0.00299413 0.08713540
v 0.00346601 0.00285132 0.10784800
v 0.00341896 0.00279097 0.08749320
v 0.00333782 0.00299413 0.08713540
v 0.00333782 0.00299413 0.08713540
v 0.00382398 -0.00247871 0.08867660
v 0.00414587 -0.00189270 0.10784800
v 0.00346601 -0.00295488 0.10784800
v 0.00346601 -0.00295488 0.10784800
v 0.00370810 -0.00264787 0.08847380
v 0.00346601 -0.00295488 0.10784800
v 0.00414587 0.00178914 0.10784800
v 0.00382400 0.00237512 0.08867660
v 0.00346601 0.00285132 0.10784800
v 0.00346601 0.00285132 0.10784800
v 0.00370810 0.00254430 0.08847380
v 0.00346601 0.00285132 0.10784800
v 0.00439428 -0.00119947 0.08879820
v 0.00450005 -0.00068234 0.10784800
v 0.00414587 -0.00189270 0.10784800
v 0.00414587 -0.00189270 0.10784800
v 0.00388478 -0.00237949 0.08874550
v 0.00414587 -0.00189270 0.10784800
v 0.00395233 -0.00226934 0.08879820
v 0.00414587 -0.00189270 0.10784800
v 0.00450005 0.00057878 0.10784800
v 0.00439428 0.00109591 0.08879820
v 0.00414587 0.00178914 0.10784800
v 0.00414587 0.00178914 0.10784800
v 0.00395235 0.00216575 0.08879820
v 0.00414587 0.00178914 0.10784800
v 0.00454500 -0.00005178 0.08879820
v 0.00450005 0.00057878 0.10784800
v 0.00450005 -0.00068234 0.10784800
v 0.00454500 -0.00005178 0.08879820
v 0.00450005 -0.00068234 0.10784800
v 0.00450005 0.00057878 0.10784800
v 0.00454500 -0.00005178 0.08879820
v 0.00431542 -0.00086135 0.08860070
v 0.00454500 -0.00005178 0.08879820
v 0.00454500 -0.00005178 0.08879820
v 0.00430086 0.00085424 0.08860260
v 0.00454500 -0.00005178 0.08879820
v 0.00435866 -0.00046238 0.08859550
v 0.00454500 -0.00005178 0.08879820
v 0.00435872 0.00035849 0.08859540
v 0.00454500 -0.00005178 0.08879820
v 0.00437411 -0.00005173 0.08859390
v 0.00454500 -0.00005178 0.08879820
v -0.00400869 -0.00141350 0.08861710
v -0.00385169 -0.00194681 0.08865420
v -0.00376049 -0.00219460 0.08868940
v -0.00404286 0.00116215 0.08861130
v -0.00394952 0.00153188 0.08862890
v -0.00377091 0.00206420 0.08868450
v -0.00384294 0.00186781 0.08865700
v -0.00400093 -0.00048351 0.08838420
v -0.00395122 -0.00100696 0.08839950
v -0.00396373 0.00080132 0.08839530
v -0.00390138 0.00123081 0.08841760
v -0.00401416 -0.00005189 0.08838080
v -0.00400087 0.00038030 0.08838420
v -0.00387211 -0.00149195 0.08842970
v -0.00369254 -0.00236151 0.08873420
v -0.00373752 -0.00206770 0.08850610
v -0.00365945 -0.00233949 0.08857800
v -0.00371201 0.00221151 0.08871820
v -0.00373004 0.00199117 0.08851190
v -0.00382137 0.00162694 0.08845400
v -0.00366836 0.00220635 0.08856790
v -0.00361798 0.00236932 0.08863640
v -0.00339837 -0.00059879 0.08724910
v -0.00340310 -0.00005225 0.08723420
v -0.00338066 -0.00126959 0.08731380
v -0.00338511 0.00103419 0.08729660
v -0.00336286 0.00159596 0.08738900
v -0.00339835 0.00049570 0.08724910
v -0.00330499 -0.00269824 0.08773370
v -0.00330237 0.00263388 0.08775530
v -0.00326651 -0.00135283 0.08696980
v -0.00335256 -0.00190727 0.08743740
v -0.00333460 0.00212715 0.08753350
v -0.00325530 0.00171134 0.08706450
v -0.00327765 -0.00063548 0.08688780
v -0.00326931 0.00110807 0.08694790
v -0.00328063 -0.00005239 0.08686880
v -0.00327764 0.00053242 0.08688790
v -0.00244000 -0.01453170 0.04922720
v -0.00244000 0.01442820 0.04922720
v -0.00244000 -0.01688020 0.04862960
v -0.00244000 0.01677670 0.04862960
v -0.00244000 0.01899400 0.04765190
v -0.00244000 0.02101920 0.04632100
v -0.00244000 -0.01909760 0.04765190
v -0.00244000 -0.02112270 0.04632100
v -0.00244000 0.02279640 0.04467360
v -0.00244000 -0.02289990 0.04467360
v -0.00244000 0.02427670 0.04275500
v -0.00244000 -0.02438030 0.04275500
v -0.00244000 0.02541940 0.04061800
v -0.00244000 -0.02552300 0.04061800
v -0.00244000 0.02619310 0.03832150
v -0.00244000 -0.02629660 0.03832150
v -0.00244000 0.02657630 0.03592870
v -0.00244000 -0.02667990 0.03592870
v -0.00244000 0.02655860 0.03350540
v -0.00244000 -0.02666220 0.03350540
v -0.00244000 0.02614050 0.03111850
v -0.00244000 -0.02624410 0.03111850
v -0.00244000 0.02533350 0.02883350
v -0.00244000 -0.02543700 0.02883350
v -0.00244000 0.02415970 0.02671340
v -0.00244000 -0.02426330 0.02671340
v -0.00244000 0.02265150 0.02481660
v 0.00137000 0.01777660 0.02723980
v -0.00244000 -0.02275510 0.02481660
v -0.00232523 0.01798650 0.02646860
v -0.00244000 0.01553090 0.02420700
v -0.00117000 -0.01788020 0.02723980
v -0.00244000 0.01775490 0.02109690
v -0.00244000 -0.01785850 0.02109690
v -0.00244000 -0.01455420 0.01934550
v -0.00244000 -0.01108000 0.01796150
v -0.00244000 -0.00747652 0.01696120
v -0.00244000 -0.00378603 0.01635620
v -0.00244000 0.01445070 0.01934550
v -0.00244000 0.00737296 0.01696120
v -0.00244000 0.01097640 0.01796150
v -0.00244000 0.00368247 0.01635620
v -0.00244000 -0.00005178 0.01615380
v -0.00117000 -0.01698170 0.04993440
v -0.00117000 -0.02172250 0.02218410
v -0.00117000 -0.02356660 0.02382700
v -0.00117000 -0.01851310 0.02000860
v 0.00137000 -0.02356660 0.02382700
v 0.00137000 -0.02172250 0.02218410
v -0.00117000 -0.01508740 0.01819280
v -0.00117000 0.02161890 0.02218410
v -0.00117000 0.02346300 0.02382700
v -0.00117000 0.02503000 0.02573600
v -0.00117000 0.01840960 0.02000860
v 0.00137000 0.02161890 0.02218410
v 0.00137000 0.01840960 0.02000860
v -0.00117000 -0.01926670 0.04899700
v 0.00137000 -0.01698170 0.04993440
v -0.00117000 0.01687820 0.04993440
v 0.00137000 0.01687820 0.04993440
v -0.00117000 -0.02137850 0.04771650
v 0.00137000 -0.01926670 0.04899700
v -0.00117000 0.01916310 0.04899700
v 0.00137000 0.01916310 0.04899700
v -0.00117000 -0.02326620 0.04612390
v 0.00137000 -0.02137850 0.04771650
v -0.00117000 0.02127500 0.04771650
v 0.00137000 0.02127500 0.04771650
v 0.00137000 -0.02326620 0.04612390
v -0.00117000 0.02316270 0.04612390
v 0.00137000 0.02316270 0.04612390
v -0.00117000 -0.02729210 0.03016220
v -0.00117000 -0.02638550 0.02786490
v 0.00137000 -0.02729210 0.03016220
v -0.00117000 0.02718860 0.03016220
v 0.00137000 0.02718860 0.03016220
v -0.00117000 -0.02513360 0.02573600
v 0.00137000 -0.02638550 0.02786490
v -0.00117000 0.02628200 0.02786490
v 0.00137000 0.02628200 0.02786490
v 0.00137000 -0.02513360 0.02573600
v 0.00137000 0.02503000 0.02573600
v 0.00137000 0.02346300 0.02382700
v -0.00117000 0.01498380 0.01819280
v 0.00137000 0.01498380 0.01819280
v -0.00117000 -0.01148540 0.01675790
v 0.00137000 -0.01851310 0.02000860
v 0.00137000 -0.01508740 0.01819280
v -0.00117000 0.01138190 0.01675790
v 0.00137000 0.01138190 0.01675790
v -0.00117000 -0.00774949 0.01572080
v 0.00137000 -0.01148540 0.01675790
v -0.00117000 0.00764593 0.01572080
v 0.00137000 0.00764593 0.01572080
v -0.00117000 -0.00392332 0.01509370
v 0.00137000 -0.00774949 0.01572080
v -0.00117000 0.00381976 0.01509370
v 0.00137000 0.00381976 0.01509370
v -0.00117000 -0.00005178 0.01488380
v 0.00137000 -0.00392332 0.01509370
v 0.00137000 -0.00005178 0.01488380
v 0.00264000 0.01052380 0.04871100
v 0.00264000 0.01052380 0.04633550
v 0.00264000 0.01118670 0.04580690
v 0.00264000 -0.02629660 0.03832150
v 0.00264000 -0.02552300 0.04061800
v 0.00264000 -0.02667990 0.03592870
v 0.00264000 -0.02438030 0.04275500
v 0.00264000 0.02427670 0.04275500
v 0.00264000 0.02279640 0.04467360
v 0.00264000 0.02541940 0.04061800
v 0.00264000 0.02101920 0.04632100
v 0.00264000 -0.02666220 0.03350540
v 0.00264000 0.02619310 0.03832150
v 0.00264000 -0.02624410 0.03111850
v 0.00264000 0.02657630 0.03592870
v 0.00264000 -0.02543700 0.02883350
v 0.00264000 0.02655860 0.03350540
v 0.00381798 -0.00247288 0.08863640
v 0.00391201 -0.00231507 0.08871820
v 0.00386836 -0.00230991 0.08856790
v 0.00350237 -0.00273744 0.08775530
v 0.00385945 0.00223593 0.08857800
v 0.00389254 0.00225795 0.08873420
v 0.00396049 0.00209104 0.08868940
v 0.00350499 0.00259468 0.08773370
v 0.00393752 0.00196414 0.08850610
v 0.00264000 -0.01453170 0.04922720
v 0.00264000 -0.01688020 0.04862960
v 0.00264000 -0.01025950 0.04709930
v 0.00264000 0.01677670 0.04862960
v 0.00264000 0.01442820 0.04922720
v 0.00264000 0.01899400 0.04765190
v 0.00264000 -0.02112270 0.04632100
v 0.00264000 -0.01909760 0.04765190
v 0.00264000 -0.02289990 0.04467360
v 0.00264000 0.02614050 0.03111850
v 0.00264000 0.02533350 0.02883350
v 0.00264000 0.02415970 0.02671340
v 0.00264000 -0.02426330 0.02671340
v 0.00264000 0.02265150 0.02481660
v 0.00252523 -0.01809000 0.02646860
v 0.00264000 -0.02275510 0.02481660
v 0.00264000 -0.01563440 0.02420700
v 0.00264000 -0.01785850 0.02109690
v 0.00264000 -0.01455420 0.01934550
v 0.00264000 0.01445070 0.01934550
v 0.00264000 0.01775490 0.02109690
v 0.00264000 0.01097640 0.01796150
v 0.00264000 -0.01108000 0.01796150
v 0.00264000 0.00368247 0.01635620
v 0.00264000 0.00737296 0.01696120
v 0.00264000 -0.00378603 0.01635620
v 0.00264000 -0.00747652 0.01696120
v 0.00264000 -0.00005178 0.01615380
v 0.00264000 -0.01025950 0.04794710
v 0.00264000 0.01118670 0.04923960
v 0.00397091 -0.00216776 0.08868450
v 0.00424286 -0.00126571 0.08861130
v 0.00414952 -0.00163544 0.08862890
v 0.00404294 -0.00197137 0.08865700
v 0.00405169 0.00184325 0.08865420
v 0.00420869 0.00130994 0.08861710
v 0.00346651 0.00124927 0.08696980
v 0.00355256 0.00180371 0.08743740
v 0.00345530 -0.00181490 0.08706450
v 0.00353460 -0.00223071 0.08753350
v 0.00347765 0.00053192 0.08688780
v 0.00346931 -0.00121163 0.08694790
v 0.00347764 -0.00063598 0.08688790
v 0.00348063 -0.00005117 0.08686880
v 0.00356286 -0.00169952 0.08738900
v 0.00402137 -0.00173050 0.08845400
v 0.00358066 0.00116603 0.08731380
v 0.00407211 0.00138839 0.08842970
v 0.00359835 -0.00059926 0.08724910
v 0.00358511 -0.00113775 0.08729660
v 0.00359837 0.00049523 0.08724910
v 0.00360310 -0.00005131 0.08723420
v 0.00393004 -0.00209473 0.08851190
v 0.00410138 -0.00133437 0.08841760
v 0.00416373 -0.00090488 0.08839530
v 0.00415122 0.00090340 0.08839950
v 0.00420093 0.00037995 0.08838420
v 0.00420087 -0.00048386 0.08838420
v 0.00421416 -0.00005167 0.08838080
vn -0.99999800 0.00000000 -0.00189488
vn -0.98988200 -0.14187800 0.00226676
vn -0.98988200 0.14187800 0.00226676
vn -0.93115800 -0.23343700 -0.28009300
vn -0.98988200 -0.14187800 0.00226676
vn -0.99999800 0.00000000 -0.00189488
vn -0.99999800 0.00000000 -0.00189488
vn -0.98988200 0.14187800 0.00226676
vn -0.93202700 0.23294700 -0.27759900
vn -0.79256100 -0.00050592 -0.60979200
vn -0.81778500 -0.12933200 -0.56080400
vn -0.82250100 0.11913600 -0.55614700
vn -0.79256100 -0.00050592 -0.60979200
vn -0.79256100 -0.00050592 -0.60979200
vn -0.81070800 -0.07776740 -0.58026300
vn -0.79256100 -0.00050592 -0.60979200
vn -0.80880300 0.07203140 -0.58365100
vn -0.79256100 -0.00050592 -0.60979200
vn -0.78372100 -0.00043855 -0.62111300
vn -0.79256100 -0.00050592 -0.60979200
vn 0.00000000 -0.00000000 1.00000000
vn 0.00000000 -0.00000000 1.00000000
vn 0.00000000 -0.00000000 1.00000000
vn 0.00000000 -0.00000000 1.00000000
vn 0.00000000 -0.00000000 1.00000000
vn 0.00000000 -0.00000000 1.00000000
vn -0.91020900 -0.41414200 0.00225555
vn -0.98988200 -0.14187800 0.00226676
vn 0.00000000 -0.00000000 1.00000000
vn 0.00000000 -0.00000000 1.00000000
vn 0.00000000 -0.00000000 1.00000000
vn 0.00000000 -0.00000000 1.00000000
vn 0.00000000 -0.00000000 1.00000000
vn 0.00000000 -0.00000000 1.00000000
vn -0.98988200 0.14187800 0.00226676
vn -0.91020900 0.41414200 0.00225553
vn 0.00000000 -0.00000000 1.00000000
vn 0.00000000 -0.00000000 1.00000000
vn 0.00000000 -0.00000000 1.00000000
vn 0.00000000 -0.00000000 1.00000000
vn 0.00000000 -0.00000000 1.00000000
vn 0.00000000 -0.00000000 1.00000000
vn -0.86963800 -0.48367000 -0.09895670
vn -0.75707000 -0.65333100 0.00188370
vn -0.91020900 -0.41414200 0.00225555
vn -0.89355700 -0.43979400 -0.09020820
vn -0.91020900 -0.41414200 0.00225555
vn -0.91020900 -0.41414200 0.00225555
vn 0.00000000 -0.00000000 1.00000000
vn 0.00000000 -0.00000000 1.00000000
vn 0.00000000 -0.00000000 1.00000000
vn -0.86524300 0.49381500 -0.08661180
vn -0.91020900 0.41414200 0.00225553
vn -0.84067900 0.54152800 0.00228311
vn -0.91020900 0.41414200 0.00225553
vn -0.89387100 0.43957700 -0.08812400
vn -0.87065100 0.48606800 -0.07553580
vn -0.91020900 0.41414200 0.00225553
vn -0.91020900 0.41414200 0.00225553
vn -0.63988300 -0.76847200 0.00029784
vn -0.75707000 -0.65333100 0.00188370
vn -0.71893600 -0.69507600 0.00034280
vn -0.71893600 -0.69507600 0.00034280
vn -0.75707000 -0.65333100 0.00188370
vn -0.87040300 -0.47880200 -0.11465700
vn -0.54297100 -0.83975100 0.00074289
vn -0.75707000 -0.65333100 0.00188370
vn -0.63988300 -0.76847200 0.00029784
vn 0.00000000 -0.00000000 1.00000000
vn 0.00000000 -0.00000000 1.00000000
vn 0.00000000 -0.00000000 1.00000000
vn 0.00000000 -0.00000000 1.00000000
vn 0.00000000 -0.00000000 1.00000000
vn 0.00000000 -0.00000000 1.00000000
vn -0.85639800 -0.51110000 -0.07320750
vn -0.75707000 -0.65333100 0.00188370
vn -0.75707000 -0.65333100 0.00188370
vn -0.71893400 0.69507800 0.00034283
vn -0.84067900 0.54152800 0.00228311
vn -0.71607300 0.69802500 0.00038086
vn -0.87182300 0.47653100 -0.11332500
vn -0.84067900 0.54152800 0.00228311
vn -0.71893400 0.69507800 0.00034283
vn -0.32060500 0.94719200 0.00626673
vn -0.32060500 0.94719200 0.00626673
vn -0.32060500 0.94719200 0.00626673
vn -0.65695000 0.75393400 0.00074407
vn -0.54334600 0.83950900 0.00073094
vn -0.60017800 0.79986700 0.00015094
vn 0.00000000 -0.00000000 1.00000000
vn 0.00000000 -0.00000000 1.00000000
vn 0.00000000 -0.00000000 1.00000000
vn 0.00000000 -0.00000000 1.00000000
vn 0.00000000 -0.00000000 1.00000000
vn 0.00000000 -0.00000000 1.00000000
vn -0.84067900 0.54152800 0.00228311
vn -0.85760600 0.50872900 -0.07553960
vn -0.84067900 0.54152800 0.00228311
vn -0.97824000 -0.09426650 -0.18482300
vn -0.99697000 -0.04937160 -0.06010300
vn -0.98894400 -0.09995800 -0.10953700
vn -0.97609200 -0.09924520 -0.19337700
vn -0.98894400 -0.09995800 -0.10953700
vn -0.98894400 -0.09995800 -0.10953700
vn -0.97779700 0.10935200 -0.17875900
vn -0.98809300 0.11718500 -0.09970360
vn -0.99679800 0.04962590 -0.06270460
vn -0.97752100 0.07546450 -0.19687100
vn -0.98809300 0.11718500 -0.09970360
vn -0.98809300 0.11718500 -0.09970360
vn -0.70256600 -0.71161800 0.00001494
vn -0.63988300 -0.76847200 0.00029784
vn -0.71094500 -0.70324700 -0.00000000
vn -0.99796700 -0.02425020 -0.05893580
vn -0.99931700 -0.02640970 -0.02585050
vn -0.99697000 -0.04937160 -0.06010300
vn -0.69036100 -0.72346500 0.00006964
vn -0.63988300 -0.76847200 0.00029784
vn -0.70256600 -0.71161800 0.00001494
vn -0.66644700 -0.74555200 0.00026987
vn -0.63988300 -0.76847200 0.00029784
vn -0.69036100 -0.72346500 0.00006964
vn -0.63246900 -0.77458600 0.00080700
vn -0.63988300 -0.76847200 0.00029784
vn -0.66644700 -0.74555200 0.00026987
vn -0.58185100 -0.81329500 0.00094370
vn -0.63988300 -0.76847200 0.00029784
vn -0.63246900 -0.77458600 0.00080700
vn -0.58185100 -0.81329500 0.00094370
vn -0.54297100 -0.83975100 0.00074289
vn -0.63988300 -0.76847200 0.00029784
vn -0.99697000 -0.04937160 -0.06010300
vn -0.70282800 0.71136000 0.00001453
vn -0.71132500 0.70286300 0.00000000
vn -0.67112600 0.74134400 0.00029484
vn -0.99826800 0.02085250 -0.05500580
vn -0.99679800 0.04962590 -0.06270460
vn -0.99935100 0.02574880 -0.02520360
vn -0.67112600 0.74134400 0.00029484
vn -0.69050300 0.72332900 0.00006826
vn -0.70282800 0.71136000 0.00001453
vn -0.67112600 0.74134400 0.00029484
vn -0.67333200 0.73934000 0.00020960
vn -0.69050300 0.72332900 0.00006826
vn -0.65241200 0.75786500 0.00047269
vn -0.67333200 0.73934000 0.00020960
vn -0.67112600 0.74134400 0.00029484
vn -0.67112600 0.74134400 0.00029484
vn -0.63973500 0.76859500 0.00065435
vn -0.65241200 0.75786500 0.00047269
vn -0.99679800 0.04962590 -0.06270460
vn -0.99032800 -0.07751510 -0.11507700
vn -0.97492100 -0.15371600 -0.16093400
vn -0.99931700 -0.02640970 -0.02585050
vn -0.99782400 -0.01465350 -0.06429150
vn -0.99931700 -0.02640970 -0.02585050
vn -0.99777600 0.00049676 -0.06665850
vn -0.99931700 -0.02640970 -0.02585050
vn -0.99931700 -0.02640970 -0.02585050
vn -0.97600500 0.15024700 -0.15760900
vn -0.99032900 0.07748130 -0.11509100
vn -0.99935100 0.02574880 -0.02520360
vn -0.99935100 0.02574880 -0.02520360
vn -0.99799500 0.01524080 -0.06142730
vn -0.99935100 0.02574880 -0.02520360
vn -0.99935100 0.02574880 -0.02520360
vn -0.88994000 0.31291000 -0.33180600
vn -0.83228100 0.30920800 -0.46010800
vn -0.97600500 0.15024700 -0.15760900
vn -0.97600500 0.15024700 -0.15760900
vn -0.83230900 -0.30912400 -0.46011400
vn -0.88704600 -0.31684800 -0.33579400
vn -0.97492100 -0.15371600 -0.16093400
vn -0.97492100 -0.15371600 -0.16093400
vn -0.72470100 0.46063000 -0.51247300
vn -0.88994000 0.31291000 -0.33180600
vn -0.68605200 -0.49759500 -0.53078400
vn -0.88704600 -0.31684800 -0.33579400
vn -0.64279000 0.00000116 -0.76604300
vn -0.64278400 -0.23672300 -0.72855400
vn -0.64279000 0.00000140 -0.76604200
vn -0.96589700 -0.07914800 -0.24653400
vn -0.98967800 0.00000000 -0.14330800
vn -0.96592500 0.00000000 -0.25882100
vn -0.64278400 -0.23672300 -0.72855400
vn -0.64278400 -0.23672300 -0.72855400
vn -0.64279000 0.00000116 -0.76604300
vn -0.64278400 -0.23672300 -0.72855400
vn -0.64278400 -0.23672300 -0.72855400
vn -0.98968600 -0.04527330 -0.13591200
vn -0.96589700 -0.07914800 -0.24653400
vn -0.96589700 -0.07914800 -0.24653400
vn -0.64278400 0.23672100 -0.72855500
vn -0.64279000 0.00000140 -0.76604200
vn -0.64278400 0.23672100 -0.72855500
vn -0.96592500 0.00000000 -0.25882100
vn -0.96589700 0.07914800 -0.24653400
vn -0.64278400 0.23672100 -0.72855500
vn -0.64278400 0.23672100 -0.72855500
vn -0.39510900 0.54526800 -0.73930400
vn -0.64278400 0.23672100 -0.72855500
vn -0.96589700 0.07914800 -0.24653400
vn -0.98968600 0.04527330 -0.13591200
vn -0.96589700 0.07914800 -0.24653400
vn -0.64279000 0.00000116 -0.76604300
vn -0.64279000 0.00000140 -0.76604200
vn -0.64278400 0.23672100 -0.72855500
vn -0.34497100 -0.68277200 -0.64406300
vn -0.68605200 -0.49759500 -0.53078400
vn -0.39517300 -0.54566900 -0.73897500
vn -0.68605200 -0.49759500 -0.53078400
vn -0.51197900 0.58457400 -0.62940500
vn -0.72470100 0.46063000 -0.51247300
vn -0.51197900 0.58457400 -0.62940500
vn -0.27891200 0.70338800 -0.65379900
vn -0.51197900 0.58457400 -0.62940500
vn -0.04978140 -0.81724200 -0.57414000
vn -0.34497100 -0.68277200 -0.64406300
vn -0.08263460 -0.80202400 -0.59154800
vn -0.04816690 -0.78888000 -0.61265700
vn -0.34497100 -0.68277200 -0.64406300
vn -0.21880600 -0.71594300 -0.66298500
vn -0.34497100 -0.68277200 -0.64406300
vn -0.04816690 -0.78888000 -0.61265700
vn -0.21880600 -0.71594300 -0.66298500
vn -0.34497100 -0.68277200 -0.64406300
vn -0.06369090 0.80106400 -0.59518000
vn -0.27891200 0.70338800 -0.65379900
vn -0.03859340 0.81666000 -0.57582800
vn -0.60017800 0.79986700 0.00015094
vn -0.54334600 0.83950900 0.00073094
vn -0.57958500 0.81491200 0.00007314
vn -0.19340400 0.77666600 -0.59948700
vn -0.27891200 0.70338800 -0.65379900
vn -0.06369090 0.80106400 -0.59518000
vn -0.21015700 0.71479000 -0.66701600
vn -0.27891200 0.70338800 -0.65379900
vn -0.19340400 0.77666600 -0.59948700
vn -0.21015700 0.71479000 -0.66701600
vn -0.27891200 0.70338800 -0.65379900
vn -0.18323200 -0.26128600 -0.94771100
vn -0.17199400 -0.32343700 -0.93048700
vn -0.17919000 0.00000000 -0.98381400
vn -0.20477700 -0.51291200 -0.83365900
vn -0.17199400 -0.32343700 -0.93048700
vn -0.18323200 -0.26128600 -0.94771100
vn -0.20477700 -0.51291200 -0.83365900
vn -0.17199400 -0.32343700 -0.93048700
vn -0.64278400 -0.23672300 -0.72855400
vn -0.18323200 0.26128600 -0.94771100
vn -0.17919000 0.00000000 -0.98381400
vn -0.17199400 0.32343700 -0.93048700
vn -0.18323200 0.26128600 -0.94771100
vn -0.17199400 0.32343700 -0.93048700
vn -0.20477700 0.51291200 -0.83365900
vn -0.20477700 0.51291200 -0.83365900
vn -0.17199400 0.32343700 -0.93048700
vn -0.18323200 -0.26128600 -0.94771100
vn -0.17919000 0.00000000 -0.98381400
vn -0.17364700 0.00000000 -0.98480800
vn -0.17364700 0.00000000 -0.98480800
vn -0.17919000 0.00000000 -0.98381400
vn -0.18323200 0.26128600 -0.94771100
vn 0.98078500 -0.19509000 -0.00000000
vn 0.98078500 -0.19509000 -0.00000000
vn 0.98078500 -0.19509000 -0.00000000
vn 0.98078500 0.19509000 0.00000000
vn 0.98078500 0.19509000 0.00000000
vn 0.98078500 0.19509000 0.00000000
vn 0.98078500 0.19509000 0.00000000
vn 0.98078500 0.19509000 0.00000000
vn 0.98078500 0.19509000 0.00000000
vn 0.98078500 -0.19509000 -0.00000000
vn 0.98078500 -0.19509000 -0.00000000
vn 0.98078500 -0.19509000 -0.00000000
vn 0.00000000 -0.00000000 1.00000000
vn 0.00000000 -0.00000000 1.00000000
vn 0.00000000 -0.00000000 1.00000000
vn -0.09648520 -0.88344400 -0.45849400
vn -0.04978140 -0.81724200 -0.57414000
vn -0.07248090 -0.87247500 -0.48325300
vn -0.07248090 -0.87247500 -0.48325300
vn -0.04978140 -0.81724200 -0.57414000
vn -0.51898400 -0.85478400 -0.00000824
vn -0.54297100 -0.83975100 0.00074289
vn -0.58185100 -0.81329500 0.00094370
vn -0.14428800 0.89456800 -0.42300000
vn -0.06369090 0.80106400 -0.59518000
vn -0.03859340 0.81666000 -0.57582800
vn -0.57958500 0.81491200 0.00007314
vn -0.54334600 0.83950900 0.00073094
vn -0.51898400 0.85478400 -0.00000824
vn -0.14428800 0.89456800 -0.42300000
vn -0.03859340 0.81666000 -0.57582800
vn -0.17621700 0.90327000 -0.39121600
vn 0.97314900 0.18386100 -0.13848200
vn 0.97314900 0.18386100 -0.13848200
vn 0.97314900 0.18386100 -0.13848200
vn 0.08589230 0.79085300 -0.60594800
vn -0.06369090 0.80106400 -0.59518000
vn -0.14428800 0.89456800 -0.42300000
vn -0.62974600 -0.60868400 -0.48262200
vn -0.62974600 -0.60868400 -0.48262200
vn -0.62974600 -0.60868400 -0.48262200
vn -0.04816690 -0.78888000 -0.61265700
vn 0.12191700 -0.78056300 -0.61307200
vn -0.07248090 -0.87247500 -0.48325300
vn -0.07248090 -0.87247500 -0.48325300
vn -0.04816690 -0.78888000 -0.61265700
vn -0.62974600 0.60868400 -0.48262200
vn -0.62974600 0.60868400 -0.48262200
vn -0.62974600 0.60868400 -0.48262200
vn -0.21880600 -0.71594300 -0.66298500
vn -0.20477700 -0.51291200 -0.83365900
vn -1.00000000 0.00000000 0.00000000
vn -0.99522000 -0.07713150 0.05989130
vn -0.99706400 -0.07583890 -0.01061420
vn -0.97258800 -0.19714500 0.12331800
vn -0.98604200 -0.16266300 0.03553150
vn -0.99706400 -0.07583890 -0.01061420
vn -0.97258800 -0.19714500 0.12331800
vn -0.99706400 -0.07583890 -0.01061420
vn -0.20477700 0.51291200 -0.83365900
vn -0.21015700 0.71479000 -0.66701600
vn -0.99522700 0.07756460 0.05921980
vn -1.00000000 0.00000000 0.00000000
vn -0.99997800 0.00580444 0.00320741
vn -0.99997800 0.00580444 0.00320741
vn -0.98843900 0.13627600 0.06646040
vn -1.00000000 0.00000000 0.00000000
vn -1.00000000 0.00000000 0.00000000
vn -1.00000000 0.00000000 0.00000000
vn -1.00000000 0.00000000 0.00000000
vn -1.00000000 0.00000000 0.00000000
vn -0.99522500 -0.05590130 0.08001050
vn -1.00000000 0.00000000 0.00000000
vn -1.00000000 0.00000000 0.00000000
vn -1.00000000 0.00000000 0.00000000
vn -0.99523100 0.05583650 0.07998980
vn -1.00000000 0.00000000 0.00000000
vn -1.00000000 0.00000000 0.00000000
vn -1.00000000 0.00000000 0.00000000
vn -0.99521600 -0.02969030 0.09308070
vn -1.00000000 0.00000000 0.00000000
vn -0.99520400 0.02903980 0.09340770
vn -0.99213200 0.00782386 -0.12495300
vn -1.00000000 0.00000000 0.00000000
vn -1.00000000 0.00000000 0.00000000
vn -0.95950000 -0.16718000 0.22673800
vn -0.96306500 -0.19345700 0.18729500
vn -0.98604200 -0.16266300 0.03553150
vn -0.96065400 -0.25871400 0.10105200
vn -0.98604200 -0.16266300 0.03553150
vn -0.97258800 -0.19714500 0.12331800
vn -0.95950000 -0.16718000 0.22673800
vn -0.98604200 -0.16266300 0.03553150
vn -0.96615700 -0.23873500 0.09770000
vn -0.96615700 -0.23873500 0.09770000
vn -0.98604200 -0.16266300 0.03553150
vn -0.96065400 -0.25871400 0.10105200
vn -0.96108800 0.08916700 0.26145600
vn -0.95407000 0.10262500 0.28145800
vn -0.95538000 0.10020300 0.27786400
vn -0.96121700 0.25354400 0.10852200
vn -0.98843900 0.13627600 0.06646040
vn -0.93948700 0.32170200 -0.11778100
vn -0.96566800 0.20927800 0.15391100
vn -0.98843900 0.13627600 0.06646040
vn -0.96121700 0.25354400 0.10852200
vn -0.96566800 0.20927800 0.15391100
vn -0.98843900 0.13627600 0.06646040
vn -0.73007200 -0.32824600 0.59937400
vn -0.79431200 -0.20267900 0.57270400
vn -0.80046100 -0.32910100 0.50095300
vn -0.79431200 -0.20267900 0.57270400
vn -0.78281400 -0.19131400 0.59211600
vn -0.96108800 0.08916700 0.26145600
vn -0.95538000 0.10020300 0.27786400
vn -0.97504300 0.05770540 0.21438400
vn -0.76169600 0.59319800 0.26064400
vn -0.84827000 0.38183200 0.36693700
vn -0.83648300 0.30436900 0.45569300
vn -0.85016000 0.39291300 0.35049600
vn -0.84827000 0.38183200 0.36693700
vn -0.75574900 0.50798300 0.41327500
vn -0.75569100 0.60558500 0.24939600
vn -0.74393300 0.60673800 0.28005700
vn -0.97701200 0.16323900 0.13711600
vn -0.96566800 0.20927800 0.15391100
vn -0.75569100 0.60558500 0.24939600
vn -0.73345200 0.66706000 0.13068700
vn -0.74393300 0.60673800 0.28005700
vn -0.75574900 -0.44697800 0.47859600
vn -0.75574900 -0.56009000 0.33932600
vn -0.75574900 -0.44697800 0.47859700
vn -0.97595300 -0.14931000 0.15881300
vn -0.97258800 -0.19714500 0.12331800
vn -0.75152200 -0.56397700 0.34226300
vn -0.76637000 -0.55400400 0.32520100
vn -0.75574900 -0.56009000 0.33932600
vn -0.75574900 -0.44697800 0.47859600
vn -0.75152200 -0.56397700 0.34226300
vn -0.75574900 -0.56009000 0.33932600
vn -0.75574900 0.37764600 0.53500200
vn -0.75574900 0.50798300 0.41327500
vn -0.75574900 0.50798300 0.41327500
vn -0.97713200 0.12340500 0.17316200
vn -0.97701200 0.16323900 0.13711600
vn -0.75574900 0.50798300 0.41327500
vn -0.75574900 0.50798300 0.41327500
vn -0.74393300 0.60673800 0.28005700
vn -0.97701200 0.16323900 0.13711600
vn -0.75574900 -0.30127900 0.58144200
vn -0.75574900 -0.30127900 0.58144200
vn -0.75574900 -0.44697800 0.47859700
vn -0.97595300 -0.14931000 0.15881300
vn -0.97599400 -0.09887710 0.19405800
vn -0.75574900 -0.30127900 0.58144200
vn -0.75574900 -0.44697800 0.47859600
vn -0.75574900 -0.44697800 0.47859700
vn -0.97595300 -0.14931000 0.15881300
vn -0.75575000 0.21929900 0.61704900
vn -0.75574900 0.37764600 0.53500200
vn -0.75574900 0.37764500 0.53500200
vn -0.97695300 0.07509750 0.19980600
vn -0.97713200 0.12340500 0.17316200
vn -0.75574900 0.37764500 0.53500200
vn -0.75574900 0.37764600 0.53500200
vn -0.75574900 0.50798300 0.41327500
vn -0.75574700 -0.13049800 0.64173000
vn -0.74465200 -0.13867300 0.65288800
vn -0.75574900 -0.30127900 0.58144200
vn -0.97599400 -0.09887710 0.19405800
vn -0.97342800 -0.04897740 0.22369600
vn -0.74465200 -0.13867300 0.65288800
vn -0.75574900 -0.30127900 0.58144200
vn -0.75574900 -0.30127900 0.58144200
vn -0.97599400 -0.09887710 0.19405800
vn -0.75573600 0.03847380 0.65374500
vn -0.75575000 0.21929900 0.61704900
vn -0.75575100 0.21929800 0.61704900
vn -0.96981000 0.06380650 0.23536500
vn -0.97695300 0.07509750 0.19980600
vn -0.75575100 0.21929800 0.61704900
vn -0.75575000 0.21929900 0.61704900
vn -0.75574900 0.37764500 0.53500200
vn -0.97695300 0.07509750 0.19980600
vn -0.75574700 -0.13049800 0.64173000
vn -0.71863200 -0.03168170 0.69466900
vn -0.74465200 -0.13867300 0.65288800
vn -0.97342800 -0.04897740 0.22369600
vn -0.99248800 -0.01147790 0.12180500
vn -0.96552200 -0.02891880 0.25871100
vn -0.97342800 -0.04897740 0.22369600
vn -0.96981000 0.06380650 0.23536500
vn -0.96495000 0.04493100 0.25855800
vn -0.99280700 0.01300330 0.11901400
vn -0.75573600 0.03847380 0.65374500
vn -0.60755500 0.07634690 0.79059900
vn -0.72743900 -0.03014430 0.68551000
vn -0.75575100 0.21929800 0.61704900
vn -0.75573600 0.03847380 0.65374500
vn -0.96981000 0.06380650 0.23536500
vn -0.75574900 -0.15438900 -0.63640200
vn -0.75574700 -0.02963870 -0.65419300
vn -0.75575000 -0.15438900 -0.63640100
vn -0.97618900 -0.05488370 -0.20986400
vn -0.97174900 -0.03369110 -0.23360100
vn -0.99506700 -0.01754770 -0.09763620
vn -0.74088700 -0.05150770 -0.66965100
vn -0.72347000 0.00537699 -0.69033500
vn -0.75574700 -0.02963870 -0.65419300
vn -0.96556900 -0.02718070 -0.25872400
vn -0.99239900 -0.00946724 -0.12269900
vn -0.97174900 -0.03369110 -0.23360100
vn -0.75574900 -0.15438900 -0.63640200
vn -0.74088700 -0.05150770 -0.66965100
vn -0.75574700 -0.02963870 -0.65419300
vn -0.97174900 -0.03369110 -0.23360100
vn -0.75574900 0.21418500 -0.61884500
vn -0.75574700 0.09257510 -0.64828700
vn -0.74938800 0.09522550 -0.65524800
vn -0.97606500 0.06757780 -0.20671200
vn -0.99508000 0.02019350 -0.09699540
vn -0.97441700 0.03020240 -0.22270900
vn -0.75574700 0.09257510 -0.64828700
vn -0.71422900 0.02562200 -0.69944300
vn -0.74938800 0.09522550 -0.65524800
vn -0.97441700 0.03020240 -0.22270900
vn -0.96577000 0.01797010 -0.25877800
vn -0.97441700 0.03020240 -0.22270900
vn -0.75575000 -0.27203900 -0.59568200
vn -0.75575000 -0.27203900 -0.59568200
vn -0.75575000 -0.15438900 -0.63640100
vn -0.97618900 -0.05488370 -0.20986400
vn -0.99506100 -0.03584000 -0.09256760
vn -0.97623100 -0.09355360 -0.19550000
vn -0.75575000 -0.27203900 -0.59568200
vn -0.75574900 -0.15438900 -0.63640200
vn -0.75575000 -0.15438900 -0.63640100
vn -0.97618900 -0.05488370 -0.20986400
vn -0.75574900 0.21418500 -0.61884500
vn -0.75574900 0.21418500 -0.61884400
vn -0.75574900 0.32743000 -0.56712600
vn -0.97606500 0.06757780 -0.20671200
vn -0.97602500 0.10560900 -0.19032000
vn -0.99508600 0.03826290 -0.09132120
vn -0.74938800 0.09522550 -0.65524800
vn -0.75574900 0.21418500 -0.61884400
vn -0.75574900 0.21418500 -0.61884500
vn -0.97606500 0.06757780 -0.20671200
vn -0.75575000 -0.37985600 -0.53343400
vn -0.75575000 -0.37985700 -0.53343400
vn -0.75575000 -0.27203900 -0.59568200
vn -0.97623100 -0.09355360 -0.19550000
vn -0.99505500 -0.05284560 -0.08410290
vn -0.97627400 -0.12876700 -0.17409500
vn -0.75575000 -0.37985700 -0.53343400
vn -0.75575000 -0.27203900 -0.59568200
vn -0.75575000 -0.27203900 -0.59568200
vn -0.97623100 -0.09355360 -0.19550000
vn -0.75574900 0.32743000 -0.56712600
vn -0.75574900 0.32743000 -0.56712600
vn -0.75575000 0.42884200 -0.49491100
vn -0.99509200 0.05491060 -0.08231920
vn -0.97602500 0.10560900 -0.19032000
vn -0.97598500 0.13987800 -0.16699600
vn -0.75574900 0.21418500 -0.61884400
vn -0.75574900 0.32743000 -0.56712600
vn -0.75574900 0.32743000 -0.56712600
vn -0.97602500 0.10560900 -0.19032000
vn -0.75575000 -0.47394500 -0.45190500
vn -0.75575000 -0.47394500 -0.45190500
vn -0.75575000 -0.37985600 -0.53343400
vn -0.97627400 -0.12876700 -0.17409500
vn -0.99504800 -0.06793980 -0.07254630
vn -0.97631600 -0.15925800 -0.14643700
vn -0.75575000 -0.47394500 -0.45190500
vn -0.75575000 -0.37985700 -0.53343400
vn -0.75575000 -0.37985600 -0.53343400
vn -0.97627400 -0.12876700 -0.17409500
vn -0.75575000 0.42884200 -0.49491100
vn -0.75575000 0.42884200 -0.49491100
vn -0.75575000 0.51475500 -0.40480800
vn -0.99509800 0.06953160 -0.07032280
vn -0.97598500 0.13987800 -0.16699600
vn -0.97594600 0.16912800 -0.13757000
vn -0.75574900 0.32743000 -0.56712600
vn -0.75575000 0.42884200 -0.49491100
vn -0.75575000 0.42884200 -0.49491100
vn -0.97598500 0.13987800 -0.16699600
vn -0.75575000 -0.55090400 -0.35404400
vn -0.75575000 -0.55090400 -0.35404400
vn -0.75575000 -0.47394500 -0.45190500
vn -0.97631600 -0.15925800 -0.14643700
vn -0.99504200 -0.08056580 -0.05831490
vn -0.97635900 -0.18393500 -0.11354000
vn -0.75575000 -0.55090400 -0.35404400
vn -0.75575000 -0.47394500 -0.45190500
vn -0.75575000 -0.47394500 -0.45190500
vn -0.97631600 -0.15925800 -0.14643700
vn -0.75575000 0.51475500 -0.40480800
vn -0.75575000 0.51475500 -0.40480800
vn -0.75575000 0.58206300 -0.30007500
vn -0.99510400 0.08159410 -0.05577350
vn -0.97594600 0.16912800 -0.13757000
vn -0.97590700 0.19229000 -0.10310000
vn -0.75575000 0.42884200 -0.49491100
vn -0.75575000 0.51475500 -0.40480800
vn -0.75575000 0.51475500 -0.40480800
vn -0.97594600 0.16912800 -0.13757000
vn -0.75575000 -0.60795100 -0.24338700
vn -0.75575000 -0.60795100 -0.24338700
vn -0.75575000 -0.55090400 -0.35404400
vn -0.97635900 -0.18393500 -0.11354000
vn -0.99503500 -0.09025800 -0.04192700
vn -0.97640100 -0.20192000 -0.07660550
vn -0.75575000 -0.60795100 -0.24338700
vn -0.75575000 -0.55090400 -0.35404400
vn -0.75575000 -0.55090400 -0.35404400
vn -0.97635900 -0.18393500 -0.11354000
vn -0.75575000 0.58206300 -0.30007500
vn -0.75575000 0.58206300 -0.30007500
vn -0.75575000 0.62833400 -0.18449600
vn -0.99511000 0.09066310 -0.03920670
vn -0.97590700 0.19229000 -0.10310000
vn -0.97586900 0.20850900 -0.06482910
vn -0.75575000 0.51475500 -0.40480800
vn -0.75575000 0.58206300 -0.30007500
vn -0.75575000 0.58206300 -0.30007500
vn -0.97590700 0.19229000 -0.10310000
vn -0.75574900 -0.64302700 -0.12393300
vn -0.75574900 -0.64302700 -0.12393300
vn -0.75575000 -0.60795100 -0.24338700
vn -0.97640100 -0.20192000 -0.07660550
vn -0.99502900 -0.09665520 -0.02397850
vn -0.97644400 -0.21257900 -0.03697640
vn -0.75574900 -0.64302700 -0.12393300
vn -0.75575000 -0.60795100 -0.24338700
vn -0.75575000 -0.60795100 -0.24338700
vn -0.97640100 -0.20192000 -0.07660550
vn -0.75575000 0.62833400 -0.18449600
vn -0.75574900 0.62833400 -0.18449600
vn -0.75574900 0.65189600 -0.06224820
vn -0.99511500 0.09641140 -0.02122910
vn -0.97586900 0.20850900 -0.06482910
vn -0.97583300 0.21718100 -0.02414170
vn -0.75575000 0.58206300 -0.30007500
vn -0.75574900 0.62833400 -0.18449600
vn -0.75575000 0.62833400 -0.18449600
vn -0.97586900 0.20850900 -0.06482910
vn -0.75574900 -0.65486100 0.00000001
vn -0.75574900 -0.65486100 0.00000004
vn -0.75574900 -0.64302700 -0.12393300
vn -0.97644400 -0.21257900 -0.03697640
vn -0.99502300 -0.09951690 -0.00512517
vn -0.97648700 -0.21554200 0.00391020
vn -0.75574900 -0.65486100 0.00000004
vn -0.75574900 -0.64302700 -0.12393300
vn -0.75574900 -0.64302700 -0.12393300
vn -0.97644400 -0.21257900 -0.03697640
vn -0.75574900 0.65189600 -0.06224820
vn -0.75574900 0.65189600 -0.06224880
vn -0.75574900 0.65189600 0.06224830
vn -0.99512100 0.09863400 -0.00249864
vn -0.97583300 0.21718100 -0.02414170
vn -0.97579700 0.21798000 0.01748700
vn -0.75574900 0.62833400 -0.18449600
vn -0.75574900 0.65189600 -0.06224880
vn -0.75574900 0.65189600 -0.06224820
vn -0.97583300 0.21718100 -0.02414170
vn -0.75575000 -0.64302600 0.12393300
vn -0.75575000 -0.64302600 0.12393300
vn -0.75574900 -0.65486100 0.00000001
vn -0.97648700 -0.21554200 0.00391020
vn -0.99501600 -0.09873280 0.01394270
vn -0.97652900 -0.21072300 0.04457600
vn -0.75575000 -0.64302600 0.12393300
vn -0.75574900 -0.65486100 0.00000004
vn -0.75574900 -0.65486100 0.00000001
vn -0.97648700 -0.21554200 0.00391020
vn -0.75574900 0.65189600 0.06224830
vn -0.75574900 0.65189600 0.06224830
vn -0.75575000 0.62833300 0.18449600
vn -0.99512600 0.09725520 0.01630090
vn -0.97579700 0.21798000 0.01748700
vn -0.97576100 0.21086100 0.05854530
vn -0.75574900 0.65189600 -0.06224880
vn -0.75574900 0.65189600 0.06224830
vn -0.75574900 0.65189600 0.06224830
vn -0.97579700 0.21798000 0.01748700
vn -0.75575000 -0.60795100 0.24338700
vn -0.75575000 -0.60795100 0.24338700
vn -0.75575000 -0.64302600 0.12393300
vn -0.97652900 -0.21072300 0.04457600
vn -0.99501000 -0.09432530 0.03252610
vn -0.97657100 -0.19831300 0.08355470
vn -0.75575000 -0.60795100 0.24338700
vn -0.75575000 -0.64302600 0.12393300
vn -0.75575000 -0.64302600 0.12393300
vn -0.97652900 -0.21072300 0.04457600
vn -0.75575000 0.62833300 0.18449600
vn -0.75575000 0.62833400 0.18449500
vn -0.75575000 0.58206300 0.30007500
vn -0.99513100 0.09233020 0.03448430
vn -0.97576100 0.21086100 0.05854530
vn -0.97572700 0.19607000 0.09753760
vn -0.75574900 0.65189600 0.06224830
vn -0.75575000 0.62833400 0.18449500
vn -0.75575000 0.62833300 0.18449600
vn -0.97576100 0.21086100 0.05854530
vn -0.75574900 -0.55090400 0.35404500
vn -0.75575000 -0.55090400 0.35404400
vn -0.75575000 -0.60795100 0.24338700
vn -0.97657100 -0.19831300 0.08355470
vn -0.99500400 -0.08644910 0.04994140
vn -0.97661300 -0.17877500 0.11944500
vn -0.75575000 -0.55090400 0.35404400
vn -0.75575000 -0.60795100 0.24338700
vn -0.75575000 -0.60795100 0.24338700
vn -0.97657100 -0.19831300 0.08355470
vn -0.75575000 0.58206300 0.30007500
vn -0.75575000 0.58206400 0.30007400
vn -0.75575000 0.51475500 0.40480800
vn -0.99513600 0.08404240 0.05138920
vn -0.97572700 0.19607000 0.09753760
vn -0.97569400 0.17413100 0.13304200
vn -0.75575000 0.62833400 0.18449500
vn -0.75575000 0.58206400 0.30007400
vn -0.75575000 0.58206300 0.30007500
vn -0.97572700 0.19607000 0.09753760
vn -0.75574600 -0.47233100 0.45359800
vn -0.75000100 -0.47766500 0.45753000
vn -0.75574900 -0.55090400 0.35404500
vn -0.97661300 -0.17877500 0.11944500
vn -0.99499800 -0.07538760 0.06554690
vn -0.97522200 -0.15841900 0.15441900
vn -0.75000100 -0.47766500 0.45753000
vn -0.75575000 -0.55090400 0.35404400
vn -0.75574900 -0.55090400 0.35404500
vn -0.97661300 -0.17877500 0.11944500
vn -0.75575000 0.51475500 0.40480800
vn -0.75574900 0.51475500 0.40480800
vn -0.75574700 0.43017500 0.49375800
vn -0.99514100 0.07269800 0.06640120
vn -0.97569400 0.17413100 0.13304200
vn -0.97203500 0.16442700 0.16766600
vn -0.75575000 0.58206400 0.30007400
vn -0.75574900 0.51475500 0.40480800
vn -0.75575000 0.51475500 0.40480800
vn -0.97569400 0.17413100 0.13304200
vn -0.75574600 -0.47233100 0.45359800
vn -0.86544900 -0.29776600 0.40290600
vn -0.75000100 -0.47766500 0.45753000
vn -0.97522200 -0.15841900 0.15441900
vn -0.99325500 -0.06917910 0.09304890
vn -0.97522200 -0.15841900 0.15441900
vn -0.72272400 0.40669900 0.55880700
vn -0.75574700 0.43017500 0.49375800
vn -0.59661300 0.52566300 0.60640800
vn -0.99339100 0.06912700 0.09163100
vn -0.97203500 0.16442700 0.16766600
vn -0.96037900 0.15573600 0.23112500
vn -0.75574900 0.51475500 0.40480800
vn -0.75574700 0.43017500 0.49375800
vn -0.97203500 0.16442700 0.16766600
vn -0.75347700 0.32911300 0.56917200
vn -0.75575000 0.32743000 0.56712600
vn -0.75575100 0.25937700 0.60130200
vn -0.97700500 0.08243350 0.19663800
vn -0.99470600 0.04207570 0.09375400
vn -0.97644100 0.10583200 0.18804900
vn -0.96037900 0.15573600 0.23112500
vn -0.97644100 0.10583200 0.18804900
vn -0.95092500 0.15712800 0.26655500
vn -0.72272400 0.40669900 0.55880700
vn -0.61556000 0.45631300 0.64254500
vn -0.75347700 0.32911300 0.56917200
vn -0.75575000 0.32743000 0.56712600
vn -0.75347700 0.32911300 0.56917200
vn -0.97644100 0.10583200 0.18804900
vn -0.99472400 0.05291170 0.08788680
vn -0.97644100 0.10583200 0.18804900
vn -0.75575100 0.25937700 0.60130200
vn -0.75575100 0.25937600 0.60130200
vn -0.75575400 0.18781400 0.62734500
vn -0.97708000 0.05945960 0.20439900
vn -0.99469200 0.03055320 0.09825190
vn -0.97700500 0.08243350 0.19663800
vn -0.75575000 0.32743000 0.56712600
vn -0.75575100 0.25937600 0.60130200
vn -0.75575100 0.25937700 0.60130200
vn -0.97700500 0.08243350 0.19663800
vn -0.75575100 -0.25937600 0.60130200
vn -0.75575400 -0.18781500 0.62734500
vn -0.75575400 -0.18781500 0.62734500
vn -0.97700500 -0.08243350 0.19663800
vn -0.99469200 -0.03055320 0.09825190
vn -0.97708000 -0.05945960 0.20439900
vn -0.75575100 -0.25937600 0.60130200
vn -0.75575100 -0.25937600 0.60130200
vn -0.75575400 -0.18781500 0.62734500
vn -0.89838500 -0.22058300 0.37980000
vn -0.75575100 -0.25937600 0.60130200
vn -0.75575100 -0.25937600 0.60130200
vn -0.99470600 -0.04207570 0.09375400
vn -0.97700500 -0.08243350 0.19663800
vn -0.97700500 -0.08243350 0.19663800
vn -0.75575400 0.18781400 0.62734500
vn -0.75575400 0.18781400 0.62734500
vn -0.75575000 0.11385700 0.64488700
vn -0.97712100 0.03588350 0.20963400
vn -0.99468500 0.01852250 0.10128400
vn -0.97708000 0.05945960 0.20439900
vn -0.75575100 0.25937600 0.60130200
vn -0.75575400 0.18781400 0.62734500
vn -0.75575400 0.18781400 0.62734500
vn -0.97708000 0.05945960 0.20439900
vn -0.75575400 -0.18781500 0.62734500
vn -0.75574900 -0.11385700 0.64488700
vn -0.75575000 -0.11386500 0.64488500
vn -0.97708000 -0.05945960 0.20439900
vn -0.99468500 -0.01852250 0.10128400
vn -0.97712100 -0.03588350 0.20963400
vn -0.75575400 -0.18781500 0.62734500
vn -0.75575400 -0.18781500 0.62734500
vn -0.75575000 -0.11386500 0.64488500
vn -0.97708000 -0.05945960 0.20439900
vn -0.75574900 0.11386500 0.64488600
vn -0.75574600 0.03823660 0.65374700
vn -0.75575000 0.11385700 0.64488700
vn -0.97712100 0.03588350 0.20963400
vn -0.97714700 0.01240190 0.21220300
vn -0.99468500 0.00601923 0.10278600
vn -0.75575400 0.18781400 0.62734500
vn -0.75574900 0.11386500 0.64488600
vn -0.75575000 0.11385700 0.64488700
vn -0.97712100 0.03588350 0.20963400
vn -0.75574900 -0.11385700 0.64488700
vn -0.75574600 -0.03823620 0.65374800
vn -0.75574600 -0.03821140 0.65374900
vn -0.97712100 -0.03588350 0.20963400
vn -0.99468500 -0.00601923 0.10278600
vn -0.97714700 -0.01240190 0.21220300
vn -0.75575000 -0.11386500 0.64488500
vn -0.75574900 -0.11385700 0.64488700
vn -0.75574600 -0.03821140 0.65374900
vn -0.97712100 -0.03588350 0.20963400
vn -0.75574600 0.03823660 0.65374700
vn -0.75574600 0.03821190 0.65374900
vn -0.75574600 -0.03823620 0.65374800
vn -0.97714700 -0.01240190 0.21220300
vn -0.97714700 0.01240190 0.21220300
vn -0.75574900 0.11386500 0.64488600
vn -0.75574600 0.03821190 0.65374900
vn -0.75574600 0.03823660 0.65374700
vn -0.97714700 0.01240190 0.21220300
vn -0.75574600 -0.03821140 0.65374900
vn -0.75574600 -0.03823620 0.65374800
vn -0.75574600 0.03821190 0.65374900
vn -0.83648300 0.30436900 0.45569300
vn -0.81369900 0.20303600 0.54467500
vn -0.77710900 0.16264100 0.60798800
vn -0.83648300 0.30436900 0.45569300
vn -0.80129400 0.39363500 0.45053300
vn -0.83648300 0.30436900 0.45569300
vn -0.48035400 -0.87707500 0.00021750
vn -0.54297100 -0.83975100 0.00074289
vn -0.51898400 -0.85478400 -0.00000824
vn -0.45524300 -0.89036700 0.00044337
vn -0.54297100 -0.83975100 0.00074289
vn -0.48035400 -0.87707500 0.00021750
vn -0.45524300 -0.89036700 0.00044337
vn -0.30594000 -0.95075900 -0.04957970
vn -0.54297100 -0.83975100 0.00074289
vn 0.00000000 -0.00000000 1.00000000
vn 0.00000000 -0.00000000 1.00000000
vn 0.00000000 -0.00000000 1.00000000
vn -0.30594000 -0.95075900 -0.04957970
vn -0.41877000 -0.90809300 0.00000000
vn -0.54297100 -0.83975100 0.00074289
vn 0.00000000 -0.00000000 1.00000000
vn 0.00000000 -0.00000000 1.00000000
vn 0.00000000 -0.00000000 1.00000000
vn -0.51898400 0.85478400 -0.00000824
vn -0.54334600 0.83950900 0.00073094
vn -0.48035400 0.87707500 0.00021750
vn -0.48035400 0.87707500 0.00021750
vn -0.54334600 0.83950900 0.00073094
vn -0.45525000 0.89036300 0.00041741
vn -0.45525000 0.89036300 0.00041741
vn -0.54334600 0.83950900 0.00073094
vn -0.36957300 0.92920200 0.00032089
vn 0.00000000 -0.00000000 1.00000000
vn 0.00000000 -0.00000000 1.00000000
vn 0.00000000 -0.00000000 1.00000000
vn -0.36957300 0.92920200 0.00032089
vn -0.54334600 0.83950900 0.00073094
vn -0.41835900 0.90828100 0.00070648
vn 0.00000000 -0.00000000 1.00000000
vn 0.00000000 -0.00000000 1.00000000
vn 0.00000000 -0.00000000 1.00000000
vn -0.81369900 0.20303600 0.54467500
vn -0.73612900 0.04726220 0.67518900
vn -0.79039500 -0.45779200 0.40706500
vn -0.67227600 -0.59163900 0.44498100
vn -0.80046100 -0.32910100 0.50095300
vn -0.79039500 -0.45779200 0.40706500
vn -0.76637000 -0.55400400 0.32520100
vn -0.80046100 -0.32910100 0.50095300
vn -0.70710800 0.00102420 0.70710500
vn -0.70634800 -0.04637520 0.70634400
vn -0.71863200 -0.03168170 0.69466900
vn -0.95845600 -0.00282533 0.28522700
vn -0.96552200 -0.02891880 0.25871100
vn -0.56682200 -0.09360300 0.81850500
vn -0.49897600 -0.00764747 0.86658200
vn -0.70710800 0.00102420 0.70710500
vn -0.90929600 -0.06135710 0.41160200
vn -0.95845600 -0.00282533 0.28522700
vn -0.97014200 -0.02992900 0.24068300
vn -0.70634800 -0.04637520 0.70634400
vn -0.70710800 0.00102420 0.70710500
vn -0.99179300 0.00394574 0.12779000
vn -0.95845600 -0.00282533 0.28522700
vn -0.95845600 -0.00282533 0.28522700
vn -0.74465200 -0.13867300 0.65288800
vn -0.71863200 -0.03168170 0.69466900
vn -0.70634800 -0.04637520 0.70634400
vn -0.96495000 0.04493100 0.25855800
vn -0.95845600 0.00282533 0.28522700
vn -0.99179300 -0.00394574 0.12779000
vn -0.72743900 -0.03014430 0.68551000
vn -0.49897600 0.00764747 0.86658200
vn -0.70710800 -0.00102420 0.70710500
vn -0.96495000 0.04493100 0.25855800
vn -0.50800200 0.04684480 0.86008100
vn -0.72743900 -0.03014430 0.68551000
vn -0.72743900 -0.03014430 0.68551000
vn -0.56682300 0.09360210 0.81850500
vn -0.70710800 -0.00102420 0.70710500
vn -0.97014200 0.02992920 0.24068300
vn -0.95845600 0.00282533 0.28522700
vn -0.90929600 0.06135740 0.41160100
vn -0.95845600 0.00282533 0.28522700
vn -0.71422900 0.02562200 -0.69944300
vn -0.72347000 0.00537699 -0.69033500
vn -0.70678000 0.03046940 -0.70677700
vn -0.96556900 -0.02718070 -0.25872400
vn -0.96577000 0.01797010 -0.25877800
vn -0.74938800 0.09522550 -0.65524800
vn -0.71422900 0.02562200 -0.69944300
vn -0.70678000 0.03046940 -0.70677700
vn -0.70692200 -0.02292980 -0.70691900
vn -0.72347000 0.00537699 -0.69033500
vn -0.74088700 -0.05150770 -0.66965100
vn -0.70678000 0.03046940 -0.70677700
vn -0.72347000 0.00537699 -0.69033500
vn -0.70692200 -0.02292980 -0.70691900
vn -0.96556900 -0.02718070 -0.25872400
vn -0.72272400 0.40669900 0.55880700
vn -0.50700900 0.52685200 0.68217900
vn -0.96037900 0.15573600 0.23112500
vn -0.72272400 0.40669900 0.55880700
vn -0.96988900 -0.17140300 -0.17302000
vn -0.95533600 -0.18050700 -0.23399000
vn -0.90937300 -0.29882300 -0.28938800
vn -0.56391500 -0.57613600 -0.59166500
vn -0.70710800 -0.42634000 -0.56412100
vn -0.49761300 -0.52654400 -0.68929900
vn -0.55466300 -0.44251100 -0.70465200
vn -0.70710800 -0.42634000 -0.56412100
vn -0.90955200 -0.21592900 -0.35509300
vn -0.95533600 -0.18050700 -0.23399000
vn -0.96992700 -0.12851100 -0.20670600
vn -0.99179500 -0.07595280 -0.10282600
vn -0.95533600 -0.18050700 -0.23399000
vn -0.95533600 -0.18050700 -0.23399000
vn -0.90937300 0.29882300 -0.28938800
vn -0.94483100 0.19121500 -0.26595500
vn -0.96988900 0.17140300 -0.17302000
vn -0.56391500 0.57613600 -0.59166500
vn -0.50030100 0.53621100 -0.67983600
vn -0.70674000 0.45336400 -0.54312000
vn -0.59144700 0.46112200 -0.66148100
vn -0.70674000 0.45336400 -0.54312000
vn -0.97127100 0.13475200 -0.19614700
vn -0.94483100 0.19121500 -0.26595500
vn -0.90864400 0.20820300 -0.36196300
vn -0.94483100 0.19121500 -0.26595500
vn -0.99280000 0.07947020 -0.08962910
vn -0.94483100 0.19121500 -0.26595500
vn -0.73345200 0.66706000 0.13068700
vn -0.70863600 0.67157500 0.21638300
vn -0.74393300 0.60673800 0.28005700
vn -0.70863600 0.67157500 0.21638300
vn -0.73345200 0.66706000 0.13068700
vn -0.65249900 -0.67750700 0.33945600
vn -0.76637000 -0.55400400 0.32520100
vn -0.75152200 -0.56397700 0.34226300
vn -0.76637000 -0.55400400 0.32520100
vn -0.65249900 -0.67750700 0.33945600
vn 0.83147000 0.55557000 0.00000000
vn 0.83147000 0.55557000 0.00000000
vn 0.83147000 0.55557000 0.00000000
vn 0.83147000 0.55557000 0.00000000
vn 0.83147000 0.55557000 0.00000000
vn 0.83147000 0.55557000 0.00000000
vn 0.83147000 -0.55557000 -0.00000000
vn 0.83147000 -0.55557000 -0.00000000
vn 0.83147000 -0.55557000 -0.00000000
vn 0.00000000 -0.00000000 1.00000000
vn 0.00000000 -0.00000000 1.00000000
vn 0.00000000 -0.00000000 1.00000000
vn 0.00000000 -0.00000000 1.00000000
vn 0.00000000 -0.00000000 1.00000000
vn 0.00000000 -0.00000000 1.00000000
vn 0.83147000 -0.55557000 -0.00000000
vn 0.83147000 -0.55557000 -0.00000000
vn 0.83147000 -0.55557000 -0.00000000
vn -0.90963200 -0.10197800 0.40270200
vn -0.90929600 -0.06135710 0.41160200
vn -0.54063900 -0.20651500 0.81551300
vn -0.30867100 -0.22888700 0.92321900
vn -0.56682200 -0.09360300 0.81850500
vn -0.29594500 -0.09340650 0.95062700
vn -0.56682200 -0.09360300 0.81850500
vn -0.56682200 -0.09360300 0.81850500
vn -0.29594500 0.09340610 0.95062700
vn -0.54063900 0.20651600 0.81551200
vn -0.56682300 0.09360210 0.81850500
vn -0.90963300 0.10197800 0.40270200
vn -0.96816200 0.06147480 0.24265700
vn -0.90929600 0.06135740 0.41160100
vn -0.56682300 0.09360210 0.81850500
vn -0.90929600 0.06135740 0.41160100
vn -0.96816300 -0.06147490 0.24265700
vn -0.90963200 -0.16687000 0.38042500
vn -0.90963200 -0.10197800 0.40270200
vn -0.54064300 -0.33792800 0.77039600
vn -0.31235100 -0.37457700 0.87300000
vn -0.54063900 -0.20651500 0.81551300
vn -0.90963200 -0.10197800 0.40270200
vn -0.54063900 -0.20651500 0.81551300
vn -0.90963200 0.16687000 0.38042600
vn -0.96816200 0.10059200 0.22922400
vn -0.90963300 0.10197800 0.40270200
vn -0.30867100 0.22888800 0.92321900
vn -0.54064300 0.33792700 0.77039700
vn -0.54063900 0.20651600 0.81551200
vn -0.54063900 0.20651600 0.81551200
vn -0.90963300 0.10197800 0.40270200
vn -0.96816200 -0.10059200 0.22922400
vn -0.90963200 -0.22721000 0.34777100
vn -0.90963200 -0.16687000 0.38042500
vn -0.54063800 -0.46012300 0.70427100
vn -0.31777200 -0.51013400 0.79924000
vn -0.54064300 -0.33792800 0.77039600
vn -0.90963200 -0.16687000 0.38042500
vn -0.54064300 -0.33792800 0.77039600
vn -0.90963200 0.22721000 0.34777100
vn -0.96816100 0.13696500 0.20953400
vn -0.90963200 0.16687000 0.38042600
vn -0.31235100 0.37457700 0.87300000
vn -0.54063800 0.46012400 0.70427000
vn -0.54064300 0.33792700 0.77039700
vn -0.90963200 0.16687000 0.38042600
vn -0.54064300 0.33792700 0.77039700
vn -0.96816100 -0.13696500 0.20953400
vn -0.90963200 -0.28135300 0.30563100
vn -0.90963200 -0.22721000 0.34777100
vn -0.54064100 -0.56976600 0.61893000
vn -0.32472900 -0.63194500 0.70370200
vn -0.54063800 -0.46012300 0.70427100
vn -0.90963200 -0.22721000 0.34777100
vn -0.54063800 -0.46012300 0.70427100
vn -0.90963200 0.28135300 0.30563100
vn -0.96816000 0.16960100 0.18412500
vn -0.90963200 0.22721000 0.34777100
vn -0.31777200 0.51013400 0.79924000
vn -0.54064000 0.56976600 0.61893100
vn -0.54063800 0.46012400 0.70427000
vn -0.90963200 0.22721000 0.34777100
vn -0.54063800 0.46012400 0.70427000
vn -0.96816000 -0.16960100 0.18412500
vn -0.90963200 -0.32782200 0.25515400
vn -0.90963200 -0.28135300 0.30563100
vn -0.54064200 -0.66386700 0.51670800
vn -0.33277500 -0.73684100 0.58849500
vn -0.54064100 -0.56976600 0.61893000
vn -0.90963200 -0.28135300 0.30563100
vn -0.54064100 -0.56976600 0.61893000
vn -0.90963200 0.32782200 0.25515400
vn -0.96815900 0.19760800 0.15368800
vn -0.90963200 0.28135300 0.30563100
vn -0.32472900 0.63194500 0.70370200
vn -0.54064200 0.66386700 0.51670800
vn -0.54064000 0.56976600 0.61893100
vn -0.90963200 0.28135300 0.30563100
vn -0.54064000 0.56976600 0.61893100
vn -0.54064100 -0.73986000 0.40039200
vn -0.54064100 -0.73986000 0.40039200
vn -0.54064200 -0.66386700 0.51670800
vn -0.96815900 -0.19760800 0.15368800
vn -0.90963200 -0.36534700 0.19771600
vn -0.90963200 -0.32782200 0.25515400
vn -0.54064200 -0.66386700 0.51670800
vn -0.54064100 -0.73986000 0.40039200
vn -0.90963200 -0.32782200 0.25515400
vn -0.90963200 0.36534700 0.19771600
vn -0.96815700 0.22022200 0.11905500
vn -0.90963200 0.32782200 0.25515400
vn -0.33277500 0.73684100 0.58849500
vn -0.54064100 0.73986000 0.40039200
vn -0.54064200 0.66386700 0.51670800
vn -0.90963200 0.32782200 0.25515400
vn -0.54064200 0.66386700 0.51670800
vn -0.54064000 -0.79567300 0.27315500
vn -0.54064000 -0.79567300 0.27315500
vn -0.54064100 -0.73986000 0.40039200
vn -0.96815700 -0.22022200 0.11905500
vn -0.90963200 -0.39290600 0.13488500
vn -0.90963200 -0.36534700 0.19771600
vn -0.54064100 -0.73986000 0.40039200
vn -0.54064000 -0.79567300 0.27315500
vn -0.54064100 -0.73986000 0.40039200
vn -0.90963200 -0.36534700 0.19771600
vn -0.54064100 0.73986000 0.40039200
vn -0.54064000 0.79567300 0.27315500
vn -0.54064100 0.73986000 0.40039200
vn -0.90963200 0.39290600 0.13488500
vn -0.96815600 0.23682500 0.08117020
vn -0.90963200 0.36534700 0.19771600
vn -0.54064100 0.73986000 0.40039200
vn -0.54064100 0.73986000 0.40039200
vn -0.90963200 0.36534700 0.19771600
vn -0.54064000 -0.82978000 0.13846500
vn -0.54064000 -0.82978000 0.13846600
vn -0.54064000 -0.79567300 0.27315500
vn -0.96815600 -0.23682600 0.08117000
vn -0.90963200 -0.40974900 0.06837500
vn -0.90963200 -0.39290600 0.13488500
vn -0.54064000 -0.79567300 0.27315500
vn -0.54064000 -0.82978000 0.13846600
vn -0.54064000 -0.79567300 0.27315500
vn -0.90963200 -0.39290600 0.13488500
vn -0.54064000 0.79567300 0.27315500
vn -0.54064000 0.82978000 0.13846600
vn -0.54064000 0.79567300 0.27315500
vn -0.90963200 0.40974900 0.06837490
vn -0.96815300 0.24696700 0.04106770
vn -0.90963200 0.39290600 0.13488500
vn -0.54064100 0.73986000 0.40039200
vn -0.54064000 0.79567300 0.27315500
vn -0.54064000 0.79567300 0.27315500
vn -0.90963200 0.39290600 0.13488500
vn -0.54064000 -0.84125400 0.00000015
vn -0.54064000 -0.84125400 0.00000014
vn -0.54064000 -0.82978000 0.13846500
vn -0.96815300 -0.24696700 0.04106780
vn -0.90963200 -0.41541500 0.00000011
vn -0.90963200 -0.40974900 0.06837500
vn -0.54064000 -0.82978000 0.13846500
vn -0.54064000 -0.84125400 0.00000014
vn -0.54064000 -0.82978000 0.13846600
vn -0.90963200 -0.40974900 0.06837500
vn -0.54064000 0.82978000 0.13846600
vn -0.54064000 0.84125400 -0.00000002
vn -0.54064000 0.82978000 0.13846600
vn -0.90963200 0.41541500 -0.00000007
vn -0.96815100 0.25036700 -0.00015857
vn -0.90963200 0.40974900 0.06837490
vn -0.54064000 0.79567300 0.27315500
vn -0.54064000 0.82978000 0.13846600
vn -0.54064000 0.82978000 0.13846600
vn -0.90963200 0.40974900 0.06837490
vn -0.33441900 -0.92758900 -0.16656000
vn -0.54064000 -0.84125400 0.00000015
vn -0.54064000 -0.82978000 -0.13846600
vn -0.90963200 -0.41541500 0.00000011
vn -0.96815100 -0.25036700 -0.00015846
vn -0.90963200 -0.40974900 -0.06837500
vn -0.54064000 -0.84125400 0.00000014
vn -0.54064000 -0.84125400 0.00000015
vn -0.90963200 -0.41541500 0.00000011
vn -0.54064000 0.84125400 -0.00000001
vn -0.54064000 0.82978000 -0.13846500
vn -0.54064000 0.84125400 -0.00000002
vn -0.90963200 0.40974900 -0.06837490
vn -0.96814800 0.24693300 -0.04138340
vn -0.90963200 0.41541500 -0.00000007
vn -0.54064000 0.82978000 0.13846600
vn -0.54064000 0.84125400 -0.00000001
vn -0.54064000 0.84125400 -0.00000002
vn -0.90963200 0.41541500 -0.00000007
vn -0.90963200 -0.40974900 -0.06837500
vn -0.96814800 -0.24693300 -0.04138350
vn -0.90963200 -0.39290600 -0.13488500
vn -0.32625600 -0.89015000 -0.31810500
vn -0.54064000 -0.82978000 -0.13846600
vn -0.54064000 -0.79567300 -0.27315500
vn -0.54064000 -0.82978000 -0.13846600
vn -0.90963200 -0.40974900 -0.06837500
vn -0.33441900 0.92758900 -0.16656000
vn -0.54064000 0.79567300 -0.27315500
vn -0.54064000 0.82978000 -0.13846500
vn -0.90963200 0.39290600 -0.13488500
vn -0.96814600 0.23675800 -0.08148210
vn -0.90963200 0.40974900 -0.06837490
vn -0.54064000 0.84125400 -0.00000001
vn -0.54064000 0.82978000 -0.13846500
vn -0.90963200 0.40974900 -0.06837490
vn -0.90963200 -0.39290600 -0.13488500
vn -0.96814600 -0.23675800 -0.08148220
vn -0.90963200 -0.36534600 -0.19771600
vn -0.31903300 -0.82848100 -0.46025800
vn -0.54064000 -0.79567300 -0.27315500
vn -0.54064100 -0.73986000 -0.40039300
vn -0.90963200 -0.39290600 -0.13488500
vn -0.54064000 -0.79567300 -0.27315500
vn -0.90963200 0.36534700 -0.19771600
vn -0.96814300 0.22012100 -0.11936000
vn -0.90963200 0.39290600 -0.13488500
vn -0.32625600 0.89014900 -0.31810500
vn -0.54064100 0.73986000 -0.40039300
vn -0.54064000 0.79567300 -0.27315500
vn -0.54064000 0.79567300 -0.27315500
vn -0.90963200 0.39290600 -0.13488500
vn -0.90963200 -0.36534600 -0.19771600
vn -0.96814300 -0.22012100 -0.11936000
vn -0.90963200 -0.32782200 -0.25515300
vn -0.31329200 -0.74436100 -0.58972400
vn -0.54064100 -0.73986000 -0.40039300
vn -0.54063900 -0.66386800 -0.51670900
vn -0.90963200 -0.36534600 -0.19771600
vn -0.54064100 -0.73986000 -0.40039300
vn -0.90963200 0.32782200 -0.25515400
vn -0.96813900 0.19747300 -0.15398500
vn -0.90963200 0.36534700 -0.19771600
vn -0.31903300 0.82848100 -0.46025800
vn -0.54064000 0.66386800 -0.51670900
vn -0.54064100 0.73986000 -0.40039300
vn -0.90963200 0.36534700 -0.19771600
vn -0.54064100 0.73986000 -0.40039300
vn -0.90963200 -0.32782200 -0.25515300
vn -0.96813900 -0.19747300 -0.15398500
vn -0.90937300 -0.29882300 -0.28938800
vn -0.29980000 -0.65263600 -0.69583500
vn -0.54063900 -0.66386800 -0.51670900
vn -0.56391500 -0.57613600 -0.59166500
vn -0.90963200 -0.32782200 -0.25515300
vn -0.54063900 -0.66386800 -0.51670900
vn -0.90937300 0.29882300 -0.28938800
vn -0.90963200 0.32782200 -0.25515400
vn -0.54064000 0.66386800 -0.51670900
vn -0.31329200 0.74436100 -0.58972400
vn -0.56391500 0.57613600 -0.59166500
vn -0.90963200 0.32782200 -0.25515400
vn -0.54064000 0.66386800 -0.51670900
vn -0.90937300 -0.29882300 -0.28938800
vn -0.56391500 -0.57613600 -0.59166500
vn -0.29980000 0.65263600 -0.69583500
vn -0.56391500 0.57613600 -0.59166500
vn -0.56391500 0.57613600 -0.59166500
vn -0.30954900 0.53988100 -0.78275700
vn -0.54064400 0.42062600 -0.72854500
vn -0.59144700 0.46112200 -0.66148100
vn -0.90963200 0.20770700 -0.35975900
vn -0.96832500 0.12410600 -0.21666500
vn -0.90864400 0.20820300 -0.36196300
vn -0.59144700 0.46112200 -0.66148100
vn -0.90864400 0.20820300 -0.36196300
vn -0.90955200 -0.21592900 -0.35509300
vn -0.90963200 -0.18757400 -0.37065600
vn -0.54063600 -0.37985500 -0.75061500
vn -0.30261400 -0.43686300 -0.84709800
vn -0.55466300 -0.44251100 -0.70465200
vn -0.29557000 -0.52090300 -0.80081100
vn -0.55466300 -0.44251100 -0.70465200
vn -0.55466300 -0.44251100 -0.70465200
vn -0.90963300 0.16687000 -0.38042300
vn -0.96840900 0.09942160 -0.22868900
vn -0.90963200 0.20770700 -0.35975900
vn -0.32431600 0.46303100 -0.82487700
vn -0.54063500 0.33792900 -0.77040200
vn -0.54064400 0.42062600 -0.72854500
vn -0.54064400 0.42062600 -0.72854500
vn -0.90963200 0.20770700 -0.35975900
vn -0.90963200 -0.18757400 -0.37065600
vn -0.96888000 -0.11217600 -0.22065400
vn -0.90963200 -0.14566000 -0.38904100
vn -0.30439700 -0.34143700 -0.88924900
vn -0.54063600 -0.37985500 -0.75061500
vn -0.54064100 -0.29497500 -0.78784400
vn -0.90963200 -0.18757400 -0.37065600
vn -0.54063600 -0.37985500 -0.75061500
vn -0.90963200 0.12400700 -0.39647500
vn -0.96848700 0.07360930 -0.23793900
vn -0.90963300 0.16687000 -0.38042300
vn -0.32133800 0.37002900 -0.87167700
vn -0.54064100 0.25112700 -0.80289600
vn -0.54063500 0.33792900 -0.77040200
vn -0.90963300 0.16687000 -0.38042300
vn -0.54063500 0.33792900 -0.77040200
vn -0.90963200 -0.14566000 -0.38904100
vn -0.96883900 -0.08732110 -0.23179000
vn -0.90963100 -0.10198000 -0.40270600
vn -0.30635300 -0.24199300 -0.92064500
vn -0.54064100 -0.29497500 -0.78784400
vn -0.54063800 -0.20651600 -0.81551300
vn -0.90963200 -0.14566000 -0.38904100
vn -0.54064100 -0.29497500 -0.78784400
vn -0.90963300 0.07963930 -0.40770600
vn -0.96855900 0.04697610 -0.24430800
vn -0.90963200 0.12400700 -0.39647500
vn -0.31847600 0.27243900 -0.90793700
vn -0.54064000 0.16127700 -0.82565000
vn -0.54064100 0.25112700 -0.80289600
vn -0.90963200 0.12400700 -0.39647500
vn -0.54064100 0.25112700 -0.80289600
vn -0.90963100 -0.10198000 -0.40270600
vn -0.96879200 -0.06138250 -0.24015400
vn -0.90963300 -0.05705790 -0.41147500
vn -0.30845900 -0.13973600 -0.94091800
vn -0.54063800 -0.20651600 -0.81551300
vn -0.54064000 -0.11554900 -0.83328100
vn -0.90963100 -0.10198000 -0.40270600
vn -0.54063800 -0.20651600 -0.81551300
vn -0.90963200 0.03430470 -0.41399700
vn -0.96862500 0.01983790 -0.24773400
vn -0.90963300 0.07963930 -0.40770600
vn -0.31574800 0.17143400 -0.93322700
vn -0.54064000 0.06946990 -0.83838100
vn -0.54064000 0.16127700 -0.82565000
vn -0.90963300 0.07963930 -0.40770600
vn -0.54064000 0.16127700 -0.82565000
vn -0.90963300 -0.05705790 -0.41147500
vn -0.96874200 -0.03466330 -0.24563700
vn -0.90963100 -0.01144690 -0.41525900
vn -0.31073200 -0.03590650 -0.94981900
vn -0.54064000 -0.11554900 -0.83328100
vn -0.54063900 -0.02318010 -0.84093500
vn -0.90963300 -0.05705790 -0.41147500
vn -0.54064000 -0.11554900 -0.83328100
vn -0.90963100 -0.01144690 -0.41525900
vn -0.96868600 -0.00748343 -0.24817700
vn -0.90963200 0.03430470 -0.41399700
vn -0.31316400 0.06823560 -0.94724500
vn -0.54063900 -0.02318010 -0.84093500
vn -0.54064000 0.06946990 -0.83838100
vn -0.90963200 0.03430470 -0.41399700
vn -0.54064000 0.06946990 -0.83838100
vn -0.90963100 -0.01144690 -0.41525900
vn -0.54063900 -0.02318010 -0.84093500
vn 0.70715700 0.00018667 -0.70705600
vn 0.70715700 0.00018667 -0.70705600
vn 0.70715700 0.00018667 -0.70705600
vn -0.78281400 -0.19131400 0.59211600
vn -0.72156200 -0.15705300 0.67430200
vn -0.70714000 0.00012260 0.70707400
vn -0.71592400 0.03721350 0.69718600
vn -0.73612900 0.04726220 0.67518900
vn -0.73612900 0.04726220 0.67518900
vn -0.72061000 0.06977480 0.68982100
vn -0.70714000 0.00012260 0.70707400
vn -0.40716500 0.23684600 0.88211100
vn -0.40716500 0.23684600 0.88211100
vn -0.40716500 0.23684600 0.88211100
vn -0.74270100 0.15762000 0.65080700
vn -0.71313700 0.34106300 0.61246400
vn -0.74270100 0.15762000 0.65080700
vn -0.72061000 0.06977480 0.68982100
vn -0.74270100 0.15762000 0.65080700
vn -0.70138900 0.16395400 0.69366600
vn -0.60132000 0.44492900 0.66366600
vn -0.71313700 0.34106300 0.61246400
vn -0.71313700 0.34106300 0.61246400
vn -0.60132000 0.44492900 0.66366600
vn -0.56636600 0.46906700 0.67764700
vn -0.71313700 0.34106300 0.61246400
vn -0.56636600 0.46906700 0.67764700
vn -0.60365400 0.59847700 0.52671400
vn -0.71313700 0.34106300 0.61246400
vn -0.71313700 0.34106300 0.61246400
vn -0.70965800 0.52250000 0.47263100
vn -0.71313700 0.34106300 0.61246400
vn -0.38406800 -0.92330500 0.00052056
vn -0.30594000 -0.95075900 -0.04957970
vn -0.45524300 -0.89036700 0.00044337
vn -0.72156200 -0.15705300 0.67430200
vn -0.61501900 -0.44768200 0.64910100
vn -0.15056800 -0.83550100 0.52845700
vn -0.30595600 -0.88355500 0.35457100
vn -0.28172400 -0.81661800 0.50375200
vn -0.52454200 -0.62799200 0.57487600
vn -0.65249900 -0.67750700 0.33945600
vn -0.65249900 -0.67750700 0.33945600
vn -0.33169600 -0.86950800 0.36597000
vn -0.15383200 -0.94545000 0.28715900
vn -0.30595600 -0.88355500 0.35457100
vn -0.30595600 -0.88355500 0.35457100
vn -0.30333900 0.86529100 0.39907000
vn -0.31178000 0.89394500 0.32195700
vn -0.15476000 0.94568300 0.28589000
vn -0.61568100 0.68730700 0.38541700
vn -0.70863600 0.67157500 0.21638300
vn -0.48548100 0.73128600 0.47909200
vn -0.31178000 0.89394500 0.32195700
vn -0.33466000 0.86844200 0.36580300
vn -0.48548100 0.73128600 0.47909200
vn -0.30333900 0.86529100 0.39907000
vn -0.15201800 0.83625000 0.52685500
vn -0.28345000 0.73988100 0.61010900
vn -0.30333900 0.86529100 0.39907000
vn -0.28172400 -0.81661800 0.50375200
vn -0.28318400 -0.66247500 0.69349400
vn -0.28345000 0.73988100 0.61010900
vn -0.15471600 0.61626600 0.77219100
vn -0.28356100 0.54359500 0.78999800
vn -0.28345000 0.73988100 0.61010900
vn -0.28365000 -0.44480500 0.84952400
vn -0.15551100 -0.61711200 0.77135500
vn -0.28318400 -0.66247500 0.69349400
vn -0.28318400 -0.66247500 0.69349400
vn -0.28356100 0.54359500 0.78999800
vn -0.15159300 0.32397700 0.93384100
vn -0.28179000 0.32270900 0.90357800
vn -0.28356100 0.54359500 0.78999800
vn -0.28615000 -0.19503600 0.93812500
vn -0.15684700 -0.32669600 0.93202400
vn -0.28365000 -0.44480500 0.84952400
vn -0.28365000 -0.44480500 0.84952400
vn -0.28179000 0.32270900 0.90357800
vn -0.28615000 -0.19503600 0.93812500
vn -0.25863000 -0.03784620 0.96523500
vn -0.14231300 -0.07270940 0.98714800
vn -0.28615000 -0.19503600 0.93812500
vn -0.25374100 -0.11613500 -0.96027500
vn -0.31744200 -0.03615710 -0.94758800
vn -0.26214800 -0.22721800 -0.93789700
vn -0.25374100 -0.11613500 -0.96027500
vn -0.27759700 -0.01701440 -0.96054700
vn -0.31744200 -0.03615710 -0.94758800
vn -0.26587100 0.13861400 -0.95399100
vn -0.25348900 0.22438000 -0.94095500
vn -0.26681200 0.32154200 -0.90852700
vn -0.26587100 0.13861400 -0.95399100
vn -0.25848900 0.02829790 -0.96560000
vn -0.27301500 0.09883930 -0.95691900
vn -0.27301500 0.09883930 -0.95691900
vn -0.25348900 0.22438000 -0.94095500
vn -0.26587100 0.13861400 -0.95399100
vn -0.29094700 -0.40122800 -0.86854300
vn -0.26369700 -0.33164100 -0.90580200
vn -0.26214800 -0.22721800 -0.93789700
vn -0.26214800 -0.22721800 -0.93789700
vn -0.28120200 -0.21709900 -0.93476900
vn -0.25374100 -0.11613500 -0.96027500
vn -0.26369700 -0.33164100 -0.90580200
vn -0.28120200 -0.21709900 -0.93476900
vn -0.26214800 -0.22721800 -0.93789700
vn -0.26681200 0.32154200 -0.90852700
vn -0.18570700 0.37512100 -0.90818300
vn -0.28042900 0.47394800 -0.83470500
vn -0.25348900 0.22438000 -0.94095500
vn -0.18570700 0.37512100 -0.90818300
vn -0.26681200 0.32154200 -0.90852700
vn -0.29041800 -0.55930500 -0.77642500
vn -0.27446900 -0.49222100 -0.82606600
vn -0.29094700 -0.40122800 -0.86854300
vn -0.27446900 -0.49222100 -0.82606600
vn -0.26369700 -0.33164100 -0.90580200
vn -0.29094700 -0.40122800 -0.86854300
vn -0.28042900 0.47394800 -0.83470500
vn -0.14090500 0.51310300 -0.84668300
vn -0.28072800 0.62254400 -0.73050000
vn -0.18570700 0.37512100 -0.90818300
vn -0.28042900 0.47394800 -0.83470500
vn -0.28977400 -0.69695500 -0.65596100
vn -0.27509200 -0.64206200 -0.71559800
vn -0.29041800 -0.55930500 -0.77642500
vn -0.27509200 -0.64206200 -0.71559800
vn -0.27446900 -0.49222100 -0.82606600
vn -0.29041800 -0.55930500 -0.77642500
vn -0.28072800 0.62254400 -0.73050000
vn -0.14058100 0.66799800 -0.73076400
vn -0.28124000 0.74894200 -0.59999100
vn -0.28072800 0.62254400 -0.73050000
vn -0.28902500 -0.80917100 -0.51157200
vn -0.27582300 -0.76781300 -0.57826000
vn -0.28977400 -0.69695500 -0.65596100
vn -0.27582300 -0.76781300 -0.57826000
vn -0.27509200 -0.64206200 -0.71559800
vn -0.28977400 -0.69695500 -0.65596100
vn -0.28124000 0.74894200 -0.59999100
vn -0.14027200 0.79733100 -0.58701500
vn -0.28192400 0.84852000 -0.44780900
vn -0.28124000 0.74894200 -0.59999100
vn -0.28819000 -0.89188600 -0.34854800
vn -0.27665000 -0.86472800 -0.41917800
vn -0.28902500 -0.80917100 -0.51157200
vn -0.27665000 -0.86472800 -0.41917800
vn -0.27582300 -0.76781300 -0.57826000
vn -0.28902500 -0.80917100 -0.51157200
vn -0.28192400 0.84852000 -0.44780900
vn -0.14000300 0.89620600 -0.42096900
vn -0.28274200 0.91760500 -0.27939000
vn -0.28192400 0.84852000 -0.44780900
vn -0.28728600 -0.94211900 -0.17285500
vn -0.27755900 -0.92912800 -0.24429900
vn -0.28819000 -0.89188600 -0.34854800
vn -0.27755900 -0.92912800 -0.24429900
vn -0.27665000 -0.86472800 -0.41917800
vn -0.28819000 -0.89188600 -0.34854800
vn -0.28274200 0.91760500 -0.27939000
vn -0.13980200 0.96090400 -0.23899600
vn -0.28365200 0.95361600 -0.10079000
vn -0.28274200 0.91760500 -0.27939000
vn -0.28633000 -0.95808800 0.00909282
vn -0.13828000 -0.98875100 -0.05700640
vn -0.28728600 -0.94211900 -0.17285500
vn -0.27755900 -0.92912800 -0.24429900
vn -0.28728600 -0.94211900 -0.17285500
vn -0.28365200 0.95361600 -0.10079000
vn -0.13969500 0.98902800 -0.04806180
vn -0.28461700 0.95516700 0.08153840
vn -0.28365200 0.95361600 -0.10079000
vn -0.28534800 -0.93926800 0.19066500
vn -0.13932600 -0.98092600 0.13554200
vn -0.28633000 -0.95808800 0.00909282
vn -0.28633000 -0.95808800 0.00909282
vn -0.28461700 0.95516700 0.08153840
vn -0.13971000 0.97958400 0.14455600
vn -0.28560400 0.92212700 0.26098300
vn -0.28461700 0.95516700 0.08153840
vn -0.28436200 -0.88640700 0.36526900
vn -0.14053600 -0.93592900 0.32293400
vn -0.28534800 -0.93926800 0.19066500
vn -0.28534800 -0.93926800 0.19066500
vn -0.28560400 0.92212700 0.26098300
vn -0.13987800 0.93301400 0.33154100
vn -0.28658300 0.85562700 0.43101400
vn -0.28560400 0.92212700 0.26098300
vn -0.28340700 -0.80149200 0.52658400
vn -0.14190600 -0.85545700 0.49805200
vn -0.28436200 -0.88640700 0.36526900
vn -0.28436200 -0.88640700 0.36526900
vn -0.28658300 0.85562700 0.43101400
vn -0.14022700 0.85116600 0.50581900
vn -0.28752700 0.75802700 0.58542600
vn -0.28658300 0.85562700 0.43101400
vn -0.28395100 -0.68838500 0.66745600
vn -0.14343400 -0.74255800 0.65424400
vn -0.28340700 -0.80149200 0.52658400
vn -0.28340700 -0.80149200 0.52658400
vn -0.14021500 0.73588600 0.66242900
vn -0.28752700 0.75802700 0.58542600
vn -0.28752700 0.75802700 0.58542600
vn -0.13560900 -0.61047000 0.78034400
vn -0.28395100 -0.68838500 0.66745600
vn -0.75000100 -0.47766500 0.45753000
vn -0.50073300 -0.53139700 0.68328900
vn -0.28395100 -0.68838500 0.66745600
vn -0.28316400 0.47290400 0.83437400
vn -0.14307000 0.40041400 0.90509600
vn -0.28238300 0.37419500 0.88331100
vn -0.14262500 0.50522800 0.85111900
vn -0.28316400 0.47290400 0.83437400
vn -0.28316400 0.47290400 0.83437400
vn -0.75575100 -0.25937600 0.60130200
vn -0.75356000 -0.33302100 0.56678500
vn -0.28238300 -0.37419500 0.88331100
vn -0.14307000 -0.40041400 0.90509600
vn -0.28316400 -0.47290400 0.83437400
vn -0.75356000 -0.33302100 0.56678500
vn -0.75356000 -0.33302100 0.56678500
vn -0.61217300 -0.45458600 0.64698900
vn -0.14262500 -0.50522800 0.85111900
vn -0.28316400 -0.47290400 0.83437400
vn -0.28316400 -0.47290400 0.83437400
vn -0.28238300 0.37419500 0.88331100
vn -0.14332800 0.29014300 0.94618900
vn -0.28186600 0.27062700 0.92049600
vn -0.28238300 0.37419500 0.88331100
vn -0.28238300 -0.37419500 0.88331100
vn -0.28186600 -0.27062700 0.92049600
vn -0.14332800 -0.29014300 0.94618900
vn -0.28238300 -0.37419500 0.88331100
vn -0.28186600 0.27062700 0.92049600
vn -0.14342000 0.17571000 0.97393900
vn -0.28179300 0.16360700 0.94542400
vn -0.28186600 0.27062700 0.92049600
vn -0.14342000 -0.17571000 0.97393900
vn -0.28186600 -0.27062700 0.92049600
vn -0.28179300 -0.16360700 0.94542400
vn -0.28186600 -0.27062700 0.92049600
vn -0.14328200 0.05814620 0.98797200
vn -0.28174200 0.05601260 0.95785400
vn -0.28179300 0.16360700 0.94542400
vn -0.28179300 0.16360700 0.94542400
vn -0.14328200 -0.05814620 0.98797200
vn -0.28179300 -0.16360700 0.94542400
vn -0.28174200 -0.05601260 0.95785400
vn -0.28179300 -0.16360700 0.94542400
vn -0.28174200 -0.05601260 0.95785400
vn -0.28174200 0.05601260 0.95785400
vn -0.28174200 -0.05601260 0.95785400
vn -0.25863000 -0.03784620 0.96523500
vn -0.11967200 -0.02447310 0.99251200
vn -0.25863000 -0.03784620 0.96523500
vn -0.25848900 0.02829790 -0.96560000
vn -0.27759700 -0.01701440 -0.96054700
vn -0.25871300 -0.02808340 -0.96554600
vn -0.25871300 -0.02808340 -0.96554600
vn -0.25871300 0.02808340 -0.96554600
vn -0.25848900 0.02829790 -0.96560000
vn -0.27301500 0.09883930 -0.95691900
vn -0.25848900 0.02829790 -0.96560000
vn -0.25871300 0.02808340 -0.96554600
vn -0.25871300 -0.02808340 -0.96554600
vn -0.27759700 -0.01701440 -0.96054700
vn -0.25374100 -0.11613500 -0.96027500
vn 0.55557000 0.83147000 0.00000000
vn 0.55557000 0.83147000 0.00000000
vn 0.55557000 0.83147000 0.00000000
vn 0.55557000 0.83147000 0.00000000
vn 0.55557000 0.83147000 0.00000000
vn 0.55557000 0.83147000 0.00000000
vn 0.55557000 -0.83147000 -0.00000000
vn 0.55557000 -0.83147000 -0.00000000
vn 0.55557000 -0.83147000 -0.00000000
vn 0.00000000 -0.00000000 1.00000000
vn 0.00000000 -0.00000000 1.00000000
vn 0.00000000 -0.00000000 1.00000000
vn 0.00000000 -0.00000000 1.00000000
vn 0.00000000 -0.00000000 1.00000000
vn 0.00000000 -0.00000000 1.00000000
vn 0.55557000 -0.83147000 -0.00000000
vn 0.55557000 -0.83147000 -0.00000000
vn 0.55557000 -0.83147000 -0.00000000
vn -0.27051200 -0.96271700 -0.00000859
vn -0.30594000 -0.95075900 -0.04957970
vn -0.38406800 -0.92330500 0.00052056
vn -0.56003600 -0.46828900 0.68342100
vn -0.61501900 -0.44768200 0.64910100
vn -0.61501900 -0.44768200 0.64910100
vn -0.60132000 0.44492900 0.66366600
vn -0.51882500 0.45820200 0.72171400
vn -0.56636600 0.46906700 0.67764700
vn -0.36957300 0.92920200 0.00032089
vn -0.41835900 0.90828100 0.00070648
vn -0.26115300 0.96401600 -0.04971410
vn -0.36957300 0.92920200 0.00032089
vn -0.26115300 0.96401600 -0.04971410
vn -0.21696400 0.97617900 -0.00039798
vn -0.14312600 -0.93364200 0.32837100
vn -0.07914410 -0.88894500 0.45112500
vn -0.13181500 -0.86290100 0.48788000
vn -0.13181500 -0.86290100 0.48788000
vn -0.08812430 -0.80877500 0.58147800
vn -0.13181500 -0.86290100 0.48788000
vn -0.13181500 0.86290100 0.48788000
vn -0.07914410 0.88894500 0.45112500
vn -0.14312600 0.93364200 0.32837100
vn -0.08812430 0.80877500 0.58147800
vn -0.13181500 0.86290100 0.48788000
vn -0.13181500 0.86290100 0.48788000
vn -0.14421100 -0.97683400 0.15811200
vn -0.07272200 -0.94697700 0.31296400
vn -0.14312600 -0.93364200 0.32837100
vn -0.14312600 -0.93364200 0.32837100
vn -0.14312600 0.93364200 0.32837100
vn -0.07272200 0.94697700 0.31296400
vn -0.14421100 0.97683400 0.15811200
vn -0.14312600 0.93364200 0.32837100
vn -0.13472300 -0.99074100 -0.01678800
vn -0.07754830 -0.99670700 0.02368140
vn -0.14421100 -0.97683400 0.15811200
vn -0.14421100 -0.97683400 0.15811200
vn -0.07192380 -0.98247600 0.17195200
vn -0.14421100 -0.97683400 0.15811200
vn -0.14421100 0.97683400 0.15811200
vn -0.07754830 0.99670700 0.02368140
vn -0.13472300 0.99074100 -0.01678800
vn -0.14421100 0.97683400 0.15811200
vn -0.07192380 0.98247600 0.17195200
vn -0.14421100 0.97683400 0.15811200
vn -0.13472300 -0.99074100 -0.01678800
vn -0.08629720 -0.98794200 -0.12854200
vn -0.13472300 -0.99074100 -0.01678800
vn -0.13472300 0.99074100 -0.01678800
vn -0.08629720 0.98794200 -0.12854200
vn -0.13472300 0.99074100 -0.01678800
vn -0.44483500 0.76301500 0.46896600
vn -0.29089100 0.87782500 0.38053300
vn -0.44483500 0.76301500 0.46896600
vn -1.00000000 0.00000000 0.00000000
vn -1.00000000 0.00000000 0.00000000
vn -1.00000000 0.00000000 0.00000000
vn 0.00000000 -0.00000000 1.00000000
vn 0.00000000 -0.00000000 1.00000000
vn 0.00000000 -0.00000000 1.00000000
vn -1.00000000 0.00000000 0.00000000
vn -1.00000000 0.00000000 0.00000000
vn -1.00000000 0.00000000 0.00000000
vn 0.00000000 -1.00000000 -0.00000000
vn 0.00000000 -1.00000000 -0.00000000
vn 0.00000000 -1.00000000 -0.00000000
vn 0.00000000 -0.00000000 1.00000000
vn 0.00000000 -0.00000000 1.00000000
vn 0.00000000 -0.00000000 1.00000000
vn 0.00000000 -1.00000000 -0.00000000
vn 0.00000000 -1.00000000 -0.00000000
vn 0.00000000 -1.00000000 -0.00000000
vn -1.00000000 0.00000000 0.00000000
vn -1.00000000 0.00000000 0.00000000
vn -1.00000000 0.00000000 0.00000000
vn -1.00000000 0.00000000 0.00000000
vn -1.00000000 0.00000000 0.00000000
vn -1.00000000 0.00000000 0.00000000
vn -1.00000000 0.00000000 0.00000000
vn -1.00000000 0.00000000 0.00000000
vn -1.00000000 0.00000000 0.00000000
vn -1.00000000 0.00000000 0.00000000
vn -1.00000000 0.00000000 0.00000000
vn -1.00000000 0.00000000 0.00000000
vn 0.00000000 -0.00000000 1.00000000
vn 0.00000000 -0.00000000 1.00000000
vn 0.00000000 -0.00000000 1.00000000
vn 0.00000000 -0.00000000 1.00000000
vn 0.00000000 -0.00000000 1.00000000
vn 0.00000000 -0.00000000 1.00000000
vn -1.00000000 0.00000000 0.00000000
vn -1.00000000 0.00000000 0.00000000
vn -1.00000000 0.00000000 0.00000000
vn 0.00000000 -0.00000000 1.00000000
vn 0.00000000 -0.00000000 1.00000000
vn 0.00000000 -0.00000000 1.00000000
vn -1.00000000 0.00000000 0.00000000
vn -1.00000000 0.00000000 0.00000000
vn -1.00000000 0.00000000 0.00000000
vn -1.00000000 0.00000000 0.00000000
vn -1.00000000 0.00000000 0.00000000
vn -1.00000000 0.00000000 0.00000000
vn -1.00000000 0.00000000 0.00000000
vn -1.00000000 0.00000000 0.00000000
vn -1.00000000 0.00000000 0.00000000
vn -1.00000000 0.00000000 0.00000000
vn -1.00000000 0.00000000 0.00000000
vn -1.00000000 0.00000000 0.00000000
vn 0.00000000 -0.00000000 1.00000000
vn 0.00000000 -0.00000000 1.00000000
vn 0.00000000 -0.00000000 1.00000000
vn 0.00000000 -0.00000000 1.00000000
vn 0.00000000 -0.00000000 1.00000000
vn 0.00000000 -0.00000000 1.00000000
vn -1.00000000 0.00000000 0.00000000
vn -1.00000000 0.00000000 0.00000000
vn -1.00000000 0.00000000 0.00000000
vn 0.00000000 1.00000000 0.00000000
vn 0.00000000 1.00000000 0.00000000
vn 0.00000000 1.00000000 0.00000000
vn 0.00000000 -0.00000000 1.00000000
vn 0.00000000 -0.00000000 1.00000000
vn 0.00000000 -0.00000000 1.00000000
vn -0.01556930 -0.10343900 -0.99451400
vn -0.01052820 -0.09578490 -0.99534600
vn 0.00000000 0.00000000 -1.00000000
vn 0.00000000 0.00000000 -1.00000000
vn 0.01052820 -0.09578490 -0.99534600
vn 0.00000000 0.00000000 -1.00000000
vn 0.00000000 0.00000000 -1.00000000
vn -0.01556930 -0.10343900 -0.99451400
vn -0.00015896 -0.33422800 -0.94249200
vn 0.00000000 0.00000000 -1.00000000
vn -0.01052820 0.09578490 -0.99534600
vn -0.01556930 0.10343900 -0.99451400
vn -0.01556930 0.10343900 -0.99451400
vn -0.00015896 0.33422800 -0.94249200
vn 0.00000000 1.00000000 0.00000000
vn 0.00000000 1.00000000 0.00000000
vn 0.00000000 1.00000000 0.00000000
vn 0.00000000 0.00000000 -1.00000000
vn 0.01052820 0.09578490 -0.99534600
vn 0.00000000 0.00000000 -1.00000000
vn 0.00000000 0.00000000 -1.00000000
vn 0.03298370 -0.50272300 -0.86381800
vn -0.00015896 -0.33422800 -0.94249200
vn -0.08069580 -0.69542100 -0.71405700
vn 0.00000000 -0.41767100 -0.90859800
vn -0.00015896 -0.33422800 -0.94249200
vn -0.00015896 -0.33422800 -0.94249200
vn -0.00015896 0.33422800 -0.94249200
vn 0.03298370 0.50272300 -0.86381800
vn -0.08069580 0.69542100 -0.71405700
vn -0.00015896 0.33422800 -0.94249200
vn -0.00000000 0.41767100 -0.90859800
vn -0.00015896 0.33422800 -0.94249200
vn -0.13642100 -0.85184700 -0.50571300
vn -0.08069580 -0.69542100 -0.71405700
vn -0.22020000 -0.90106000 -0.37363600
vn -0.08069580 -0.69542100 -0.71405700
vn 0.00000000 -0.67565200 -0.73722100
vn 0.00000000 -0.67565200 -0.73722100
vn -0.08069580 -0.69542100 -0.71405700
vn -0.08069580 -0.69542100 -0.71405700
vn -0.22020000 0.90106000 -0.37363600
vn -0.08069580 0.69542100 -0.71405700
vn -0.13642100 0.85184700 -0.50571300
vn 0.00000000 0.67565200 -0.73722100
vn -0.08069580 0.69542100 -0.71405700
vn 0.00000000 0.67565200 -0.73722100
vn -0.08069580 0.69542100 -0.71405700
vn -0.08069580 0.69542100 -0.71405700
vn -0.10393800 -0.98485700 -0.13875600
vn -0.22020000 -0.90106000 -0.37363600
vn -0.30594000 -0.95075900 -0.04957970
vn -0.22020000 -0.90106000 -0.37363600
vn -0.26115300 0.96401600 -0.04971410
vn -0.22020000 0.90106000 -0.37363600
vn -0.10392500 0.98486200 -0.13873400
vn -0.22020000 0.90106000 -0.37363600
vn -0.16167500 -0.98522400 0.05653130
vn -0.30594000 -0.95075900 -0.04957970
vn -0.27051200 -0.96271700 -0.00000859
vn -0.16167500 -0.98522400 0.05653130
vn -0.30594000 -0.95075900 -0.04957970
vn -0.21696400 0.97617900 -0.00039798
vn -0.26115300 0.96401600 -0.04971410
vn -1.00000000 0.00000000 0.00000000
vn -1.00000000 0.00000000 0.00000000
vn -1.00000000 0.00000000 0.00000000
vn -1.00000000 0.00000000 0.00000000
vn -1.00000000 0.00000000 0.00000000
vn -1.00000000 0.00000000 0.00000000
vn -1.00000000 0.00000000 0.00000000
vn -1.00000000 0.00000000 0.00000000
vn -1.00000000 0.00000000 0.00000000
vn -1.00000000 0.00000000 0.00000000
vn -1.00000000 0.00000000 0.00000000
vn -1.00000000 0.00000000 0.00000000
vn -1.00000000 0.00000000 0.00000000
vn -1.00000000 0.00000000 0.00000000
vn -1.00000000 0.00000000 0.00000000
vn -1.00000000 0.00000000 0.00000000
vn -1.00000000 0.00000000 0.00000000
vn -1.00000000 0.00000000 0.00000000
vn -1.00000000 0.00000000 0.00000000
vn -1.00000000 0.00000000 0.00000000
vn -1.00000000 0.00000000 0.00000000
vn -1.00000000 0.00000000 0.00000000
vn -1.00000000 0.00000000 0.00000000
vn -1.00000000 0.00000000 0.00000000
vn -1.00000000 0.00000000 0.00000000
vn -1.00000000 0.00000000 0.00000000
vn -1.00000000 0.00000000 0.00000000
vn -1.00000000 0.00000000 0.00000000
vn -1.00000000 0.00000000 0.00000000
vn -1.00000000 0.00000000 0.00000000
vn 0.00000000 -0.65934900 -0.75183700
vn 0.00000000 -0.70710700 -0.70710700
vn 0.00000000 -0.70710700 -0.70710700
vn 0.13538100 0.40497100 -0.90425100
vn -0.18570700 0.37512100 -0.90818300
vn -0.03129890 0.33726900 -0.94088800
vn -0.18570700 0.37512100 -0.90818300
vn -0.02096130 -0.41450500 -0.90980600
vn 0.01360660 -0.42104700 -0.90693700
vn 0.00835796 -0.51535100 -0.85693900
vn 0.00000000 0.65934900 -0.75183700
vn 0.00000000 0.70710700 -0.70710700
vn 0.00000000 0.65934900 -0.75183700
vn 0.00000000 0.65934900 -0.75183700
vn 0.00000000 0.70710700 -0.70710700
vn 0.00000000 0.70710700 -0.70710700
vn -0.03129890 -0.33726900 -0.94088800
vn 0.01360660 -0.42104700 -0.90693700
vn -0.02096130 -0.41450500 -0.90980600
vn -0.01143890 -0.58343200 -0.81208200
vn 0.00835796 -0.51535100 -0.85693900
vn 0.00872037 -0.67189600 -0.74059400
vn -0.02096130 -0.41450500 -0.90980600
vn 0.00835796 -0.51535100 -0.85693900
vn -0.01143890 -0.58343200 -0.81208200
vn -0.01170230 -0.73828000 -0.67439300
vn 0.00872037 -0.67189600 -0.74059400
vn 0.00880695 -0.80289200 -0.59605900
vn -0.01143890 -0.58343200 -0.81208200
vn 0.00872037 -0.67189600 -0.74059400
vn -0.01170230 -0.73828000 -0.67439300
vn -1.00000000 0.00000000 0.00000000
vn -1.00000000 0.00000000 0.00000000
vn -1.00000000 0.00000000 0.00000000
vn 0.00000000 -0.65934900 -0.75183700
vn 0.00000000 -0.65934900 -0.75183700
vn 0.00000000 -0.50000300 -0.86602400
vn 0.00000000 -0.65934900 -0.75183700
vn 0.00000000 -0.70710700 -0.70710700
vn 0.00000000 -0.65934900 -0.75183700
vn -1.00000000 0.00000000 0.00000000
vn -1.00000000 0.00000000 0.00000000
vn -1.00000000 0.00000000 0.00000000
vn 0.00000000 0.65934900 -0.75183700
vn 0.00000000 0.50000300 -0.86602400
vn 0.00000000 0.50000300 -0.86602400
vn 0.00000000 0.65934900 -0.75183700
vn 0.00000000 0.50000300 -0.86602400
vn 0.00000000 0.65934900 -0.75183700
vn -1.00000000 0.00000000 0.00000000
vn -1.00000000 0.00000000 0.00000000
vn -1.00000000 0.00000000 0.00000000
vn 0.00000000 -0.25881600 -0.96592700
vn 0.00000000 -0.25881600 -0.96592700
vn 0.00000000 -0.50000300 -0.86602400
vn 0.00000000 -0.50000300 -0.86602400
vn 0.00000000 -0.50000300 -0.86602400
vn 0.00000000 -0.65934900 -0.75183700
vn 0.00000000 -0.50000300 -0.86602400
vn 0.00000000 -0.25881600 -0.96592700
vn 0.00000000 -0.50000300 -0.86602400
vn -1.00000000 0.00000000 0.00000000
vn -1.00000000 0.00000000 0.00000000
vn -1.00000000 0.00000000 0.00000000
vn 0.00000000 0.50000300 -0.86602400
vn 0.00000000 0.50000300 -0.86602400
vn 0.00000000 0.25881600 -0.96592700
vn 0.00000000 -0.06540120 -0.99785900
vn 0.00000000 -0.25881600 -0.96592700
vn 0.00000000 -0.25881600 -0.96592700
vn 0.00000000 0.06540120 -0.99785900
vn 0.00000000 0.06540120 -0.99785900
vn 0.00000000 0.25881600 -0.96592700
vn 0.00000000 0.25881600 -0.96592700
vn 0.00000000 0.50000300 -0.86602400
vn 0.00000000 0.25881600 -0.96592700
vn 0.00000000 0.25881600 -0.96592700
vn 0.00000000 0.25881600 -0.96592700
vn 0.00000000 0.06540120 -0.99785900
vn 0.00000000 0.06540120 -0.99785900
vn 0.00000000 -0.06540120 -0.99785900
vn 0.00000000 -0.06540120 -0.99785900
vn 0.00000000 -0.06540120 -0.99785900
vn 0.00000000 -0.25881600 -0.96592700
vn 0.00000000 -0.06540120 -0.99785900
vn 0.00000000 0.06540120 -0.99785900
vn 0.00000000 -0.06540120 -0.99785900
vn 0.00000000 0.06540120 -0.99785900
vn -0.01164510 -0.86142300 -0.50775400
vn 0.00880695 -0.80289200 -0.59605900
vn 0.00862075 -0.90333600 -0.42884700
vn -0.01170230 -0.73828000 -0.67439300
vn 0.00880695 -0.80289200 -0.59605900
vn -0.01164510 -0.86142300 -0.50775400
vn 0.13957100 -0.93711500 -0.31989800
vn 0.00862075 -0.90333600 -0.42884700
vn 0.00815825 -0.96940100 -0.24534700
vn -0.01164510 -0.86142300 -0.50775400
vn 0.00862075 -0.90333600 -0.42884700
vn 0.14111300 -0.98288500 -0.11842200
vn 0.00815825 -0.96940100 -0.24534700
vn 0.00815825 -0.96940100 -0.24534700
vn -0.25796800 -0.90833900 0.32920100
vn -0.36807700 -0.82540900 0.42804200
vn -0.39140200 -0.77019200 0.50359700
vn -0.39140200 -0.77019200 0.50359700
vn -0.39140200 -0.77019200 0.50359700
vn 0.19509000 0.98078500 0.00000000
vn 0.19509000 0.98078500 0.00000000
vn 0.19509000 0.98078500 0.00000000
vn 0.19509000 0.98078500 0.00000000
vn 0.19509000 0.98078500 0.00000000
vn 0.19509000 0.98078500 0.00000000
vn 0.19509000 -0.98078500 -0.00000000
vn 0.19509000 -0.98078500 -0.00000000
vn 0.19509000 -0.98078500 -0.00000000
vn 0.00000000 -0.00000000 1.00000000
vn 0.00000000 -0.00000000 1.00000000
vn 0.00000000 -0.00000000 1.00000000
vn 0.00000000 -0.00000000 1.00000000
vn 0.00000000 -0.00000000 1.00000000
vn 0.00000000 -0.00000000 1.00000000
vn 0.19509000 -0.98078500 -0.00000000
vn 0.19509000 -0.98078500 -0.00000000
vn 0.19509000 -0.98078500 -0.00000000
vn -0.29089100 0.87782500 0.38053300
vn -0.21421400 0.94114300 0.26146100
vn -0.29089100 0.87782500 0.38053300
vn -0.14530500 0.98764300 0.05871940
vn -0.21696400 0.97617900 -0.00039798
vn -0.14334900 -0.98791800 0.05889130
vn -0.16167500 -0.98522400 0.05653130
vn -0.06385560 -0.99178500 0.11083300
vn -0.16167500 -0.98522400 0.05653130
vn -0.16167500 -0.98522400 0.05653130
vn -0.19509000 0.98078500 0.00000000
vn -0.19509000 0.98078500 0.00000000
vn -0.19509000 0.98078500 0.00000000
vn -0.19509000 0.98078500 0.00000000
vn -0.19509000 0.98078500 0.00000000
vn -0.19509000 0.98078500 0.00000000
vn 0.00000000 -0.00000000 1.00000000
vn 0.00000000 -0.00000000 1.00000000
vn 0.00000000 -0.00000000 1.00000000
vn -0.19509000 -0.98078500 -0.00000000
vn -0.19509000 -0.98078500 -0.00000000
vn -0.19509000 -0.98078500 -0.00000000
vn 0.00000000 -0.00000000 1.00000000
vn 0.00000000 -0.00000000 1.00000000
vn 0.00000000 -0.00000000 1.00000000
vn 0.00000000 -0.67565200 -0.73722100
vn 0.08069580 -0.69542100 -0.71405700
vn 0.00000000 -0.67565200 -0.73722100
vn 0.13642100 -0.85184700 -0.50571300
vn 0.08069580 -0.69542100 -0.71405700
vn 0.00000000 -0.96440500 -0.26443100
vn 0.00000000 -0.96440500 -0.26443100
vn 0.10392300 -0.98486200 -0.13873400
vn 0.00000000 -0.96440500 -0.26443100
vn 0.08069580 0.69542100 -0.71405700
vn 0.00000000 0.67565200 -0.73722100
vn 0.00000000 0.67565200 -0.73722100
vn 0.08069580 0.69542100 -0.71405700
vn 0.13642100 0.85184700 -0.50571300
vn 0.00000000 0.96440500 -0.26443100
vn 0.00000000 0.96440500 -0.26443100
vn 0.10392300 0.98486200 -0.13873400
vn 0.00000000 0.96440500 -0.26443100
vn 0.00000000 -0.00000000 1.00000000
vn 0.00000000 -0.00000000 1.00000000
vn 0.00000000 -0.00000000 1.00000000
vn 0.00000000 -0.00000000 1.00000000
vn 0.00000000 -0.00000000 1.00000000
vn 0.00000000 -0.00000000 1.00000000
vn -0.19509000 -0.98078500 -0.00000000
vn -0.19509000 -0.98078500 -0.00000000
vn -0.19509000 -0.98078500 -0.00000000
vn 0.70710700 -0.00000475 0.70710700
vn 0.70710700 -0.00000469 0.70710700
vn 0.70710700 -0.00000468 0.70710700
vn 0.27235200 -0.96219700 -0.00053426
vn 0.02504520 -0.99968600 -0.00015364
vn -0.01531610 -0.99988200 0.00136517
vn 0.00000000 -1.00000000 -0.00000000
vn 0.02504520 -0.99968600 -0.00015364
vn 0.02504520 -0.99968600 -0.00015364
vn 0.02504520 -0.99968600 -0.00015364
vn 0.02504520 -0.99968600 -0.00015364
vn 0.70710700 0.00000468 0.70710700
vn 0.70710700 0.00000469 0.70710700
vn 0.70710700 0.00000475 0.70710700
vn 0.02358700 0.99972200 -0.00016690
vn 0.27235200 0.96219700 -0.00053426
vn 0.02358700 0.99972200 -0.00016690
vn 0.00000000 1.00000000 0.00000000
vn -0.01676280 0.99985800 0.00152414
vn 0.02358700 0.99972200 -0.00016690
vn 0.02358700 0.99972200 -0.00016690
vn 0.02358700 0.99972200 -0.00016690
vn -0.00070066 -0.82952800 0.55846500
vn -0.00169454 -0.63005100 0.77655200
vn 0.99478700 -0.08960570 -0.04867370
vn 1.00000000 0.00000000 0.00000000
vn 0.99513000 -0.06845580 -0.07092240
vn 0.99478700 -0.08960570 -0.04867370
vn 0.97639300 -0.16600600 -0.13819600
vn 0.96240600 -0.22263000 -0.15560000
vn 0.00666158 -0.92317000 0.38433400
vn -0.00070066 -0.82952800 0.55846500
vn 0.97639300 -0.16600600 -0.13819600
vn 0.99478700 -0.08960570 -0.04867370
vn -0.00066611 0.83060100 0.55686800
vn -0.00169454 0.63005100 0.77655200
vn 0.99513000 0.06845580 -0.07092240
vn 1.00000000 0.00000000 0.00000000
vn 0.99456700 0.09076510 -0.05096840
vn 0.95996300 0.22934100 -0.16085500
vn 0.97640200 0.16585800 -0.13831400
vn 0.99456700 0.09076510 -0.05096840
vn 0.00665434 0.92441200 0.38133700
vn -0.00066611 0.83060100 0.55686800
vn 0.99456700 0.09076510 -0.05096840
vn 0.97640200 0.16585800 -0.13831400
vn -0.00169454 -0.63005100 0.77655200
vn -0.00102796 -0.33411500 0.94253200
vn 1.00000000 0.00000000 0.00000000
vn 1.00000000 0.00000000 0.00000000
vn -0.00169454 -0.63005100 0.77655200
vn -0.00169454 0.63005100 0.77655200
vn -0.00102796 0.33411500 0.94253200
vn 1.00000000 0.00000000 0.00000000
vn 1.00000000 0.00000000 0.00000000
vn -0.00169454 0.63005100 0.77655200
vn 1.00000000 0.00000000 0.00000000
vn 1.00000000 0.00000000 0.00000000
vn 1.00000000 0.00000000 0.00000000
vn -0.00102796 -0.33411500 0.94253200
vn -0.00034073 -0.08483050 0.99639500
vn 0.99515000 -0.04811190 -0.08580430
vn 1.00000000 0.00000000 0.00000000
vn 1.00000000 0.00000000 0.00000000
vn -0.00102796 -0.33411500 0.94253200
vn 1.00000000 0.00000000 0.00000000
vn 1.00000000 0.00000000 0.00000000
vn 1.00000000 0.00000000 0.00000000
vn 1.00000000 0.00000000 0.00000000
vn -0.00102796 0.33411500 0.94253200
vn -0.00034073 0.08483050 0.99639500
vn 0.99515000 0.04811190 -0.08580430
vn 1.00000000 0.00000000 0.00000000
vn 1.00000000 0.00000000 0.00000000
vn -0.00102796 0.33411500 0.94253200
vn 1.00000000 0.00000000 0.00000000
vn 1.00000000 0.00000000 0.00000000
vn 1.00000000 0.00000000 0.00000000
vn 1.00000000 0.00000000 0.00000000
vn -0.00034073 -0.08483050 0.99639500
vn 0.00000000 0.00454260 0.99999000
vn 0.00000000 0.00454260 0.99999000
vn 0.08827310 0.03301180 0.99554900
vn 0.00000000 0.17364600 0.98480800
vn -0.11812300 -0.15707600 0.98049700
vn 0.00000000 0.00454260 0.99999000
vn 0.11812300 -0.15707600 0.98049700
vn 0.00000000 0.00454260 0.99999000
vn 0.00000000 0.00454260 0.99999000
vn 1.00000000 0.00000000 0.00000000
vn 1.00000000 0.00000000 0.00000000
vn 1.00000000 0.00000000 0.00000000
vn 1.00000000 0.00000000 0.00000000
vn 1.00000000 0.00000000 0.00000000
vn 1.00000000 0.00000000 0.00000000
vn -0.00034073 -0.08483050 0.99639500
vn -0.00034073 -0.08483050 0.99639500
vn 1.00000000 0.00000000 0.00000000
vn 1.00000000 0.00000000 0.00000000
vn 1.00000000 0.00000000 0.00000000
vn 0.00000000 -0.00454260 0.99999000
vn -0.13098000 0.08408360 0.98781300
vn -0.00034073 0.08483050 0.99639500
vn 1.00000000 0.00000000 0.00000000
vn 1.00000000 0.00000000 0.00000000
vn 1.00000000 0.00000000 0.00000000
vn 1.00000000 0.00000000 0.00000000
vn 1.00000000 0.00000000 0.00000000
vn 1.00000000 0.00000000 0.00000000
vn -0.00034073 0.08483050 0.99639500
vn 0.00000000 -0.17364600 0.98480800
vn 0.07815390 -0.35319100 0.93228100
vn 0.00000000 -0.00454260 0.99999000
vn -0.11967200 0.02447310 0.99251200
vn 0.00000000 -0.00454260 0.99999000
vn 0.00000000 -0.00454260 0.99999000
vn -0.11812300 0.15707600 0.98049700
vn 0.00000000 -0.00454260 0.99999000
vn 0.11812300 0.15707600 0.98049700
vn 0.00000000 -0.00454260 0.99999000
vn 0.10623200 -0.04626400 0.99326500
vn 0.00000000 -0.00454260 0.99999000
vn 0.00000000 0.50000000 0.86602500
vn 0.08944720 0.63370200 0.76838800
vn 0.00000000 0.50000000 0.86602500
vn 0.00000000 0.17364600 0.98480800
vn 0.08622720 0.33038600 0.93989900
vn 0.00000000 0.50000000 0.86602500
vn 0.00000000 -0.50000000 0.86602500
vn 0.00000000 -0.50000000 0.86602500
vn 0.00000000 0.76604500 0.64278700
vn 0.09171650 0.85970500 0.50248900
vn 0.00000000 0.86602600 0.49999900
vn 0.00000000 0.76604500 0.64278700
vn 0.00000000 -0.86602600 0.49999900
vn 0.07435730 -0.65009600 0.75620500
vn 0.00000000 -0.76604500 0.64278700
vn 0.00000000 -0.50000000 0.86602500
vn 1.00000000 0.00000000 0.00000000
vn 1.00000000 0.00000000 0.00000000
vn 0.00000000 0.86602600 0.49999900
vn 0.09288650 0.98023400 0.17468000
vn 0.00000000 0.98480800 0.17364800
vn 0.00000000 0.86602600 0.49999900
vn 1.00000000 0.00000000 0.00000000
vn 1.00000000 0.00000000 0.00000000
vn 0.00000000 -0.98480800 0.17364800
vn 0.07178240 -0.86831900 0.49078400
vn 0.00000000 -0.86602600 0.49999900
vn 0.00000000 -0.86602600 0.49999900
vn 1.00000000 0.00000000 0.00000000
vn 1.00000000 0.00000000 0.00000000
vn 1.00000000 0.00000000 0.00000000
vn 0.00000000 0.98480800 0.17364800
vn 0.09288760 0.98023400 -0.17468000
vn 0.00000000 0.98480800 -0.17364800
vn 1.00000000 0.00000000 0.00000000
vn 1.00000000 0.00000000 0.00000000
vn 1.00000000 0.00000000 0.00000000
vn 1.00000000 0.00000000 0.00000000
vn 1.00000000 0.00000000 0.00000000
vn 0.99516300 -0.02480600 -0.09504970
vn 1.00000000 0.00000000 0.00000000
vn 1.00000000 0.00000000 0.00000000
vn 1.00000000 0.00000000 0.00000000
vn 1.00000000 0.00000000 0.00000000
vn 0.00000000 0.98480800 0.17364800
vn 1.00000000 0.00000000 0.00000000
vn 1.00000000 0.00000000 0.00000000
vn 1.00000000 0.00000000 0.00000000
vn 0.00000000 -0.98480800 -0.17364800
vn 0.07141510 -0.98309900 0.16856900
vn 0.00000000 -0.98480800 0.17364800
vn 1.00000000 0.00000000 0.00000000
vn 1.00000000 0.00000000 0.00000000
vn 1.00000000 0.00000000 0.00000000
vn 1.00000000 0.00000000 0.00000000
vn 1.00000000 0.00000000 0.00000000
vn 0.99516300 0.02480600 -0.09504970
vn 1.00000000 0.00000000 0.00000000
vn 0.00000000 -0.98480800 0.17364800
vn 1.00000000 0.00000000 0.00000000
vn 1.00000000 0.00000000 0.00000000
vn 1.00000000 0.00000000 0.00000000
vn 1.00000000 0.00000000 0.00000000
vn 1.00000000 0.00000000 0.00000000
vn 1.00000000 0.00000000 0.00000000
vn 1.00000000 0.00000000 0.00000000
vn 1.00000000 0.00000000 0.00000000
vn 1.00000000 0.00000000 0.00000000
vn 0.00000000 0.98480800 -0.17364800
vn 0.09171830 0.85970500 -0.50248800
vn 0.00000000 0.86602600 -0.49999900
vn 0.00000000 0.98480800 -0.17364800
vn 1.00000000 0.00000000 0.00000000
vn 1.00000000 0.00000000 0.00000000
vn 1.00000000 0.00000000 0.00000000
vn 1.00000000 0.00000000 0.00000000
vn 1.00000000 0.00000000 0.00000000
vn 1.00000000 0.00000000 0.00000000
vn 1.00000000 0.00000000 0.00000000
vn 1.00000000 0.00000000 0.00000000
vn 1.00000000 0.00000000 0.00000000
vn 1.00000000 0.00000000 0.00000000
vn 1.00000000 0.00000000 0.00000000
vn 1.00000000 0.00000000 0.00000000
vn 0.00000000 -0.86602600 -0.49999900
vn 0.07141510 -0.98309900 -0.16856900
vn 0.00000000 -0.98480800 -0.17364800
vn 0.00000000 -0.98480800 -0.17364800
vn -0.00000000 0.15409200 0.98805700
vn -0.00000000 0.15409200 0.98805700
vn -0.00000000 0.15409200 0.98805700
vn 0.99516800 0.00000000 -0.09818360
vn 1.00000000 0.00000000 0.00000000
vn 1.00000000 0.00000000 0.00000000
vn 1.00000000 0.00000000 0.00000000
vn 1.00000000 0.00000000 0.00000000
vn 1.00000000 0.00000000 0.00000000
vn 0.00000000 -0.29828500 0.95447700
vn 0.00000000 -0.29828500 0.95447700
vn 0.00000000 -0.29828500 0.95447700
vn 1.00000000 0.00000000 0.00000000
vn 1.00000000 0.00000000 0.00000000
vn -0.00000000 0.15409200 0.98805700
vn -0.00000000 0.15409200 0.98805700
vn -0.00000000 0.15409200 0.98805700
vn 1.00000000 0.00000000 0.00000000
vn 1.00000000 0.00000000 0.00000000
vn 1.00000000 0.00000000 0.00000000
vn 1.00000000 0.00000000 0.00000000
vn 1.00000000 0.00000000 0.00000000
vn 1.00000000 0.00000000 0.00000000
vn -0.00000000 0.15409200 0.98805700
vn -0.00000000 0.15409200 0.98805700
vn -0.00000000 0.15409200 0.98805700
vn 1.00000000 0.00000000 0.00000000
vn 1.00000000 0.00000000 0.00000000
vn 0.00000000 -0.29828500 0.95447700
vn 0.00000000 -0.29828500 0.95447700
vn 0.00000000 -0.29828500 0.95447700
vn -0.00000000 0.15409200 0.98805700
vn -0.00000000 0.15409200 0.98805700
vn -0.00000000 0.15409200 0.98805700
vn 1.00000000 0.00000000 0.00000000
vn 1.00000000 0.00000000 0.00000000
vn 1.00000000 0.00000000 0.00000000
vn 1.00000000 0.00000000 0.00000000
vn -0.00000000 0.61967100 0.78486200
vn -0.00000000 0.61967100 0.78486200
vn -0.00000000 0.61967100 0.78486200
vn -0.00000000 0.61967100 0.78486200
vn -0.00000000 0.61967100 0.78486200
vn -0.00000000 0.61967100 0.78486200
vn 1.00000000 0.00000000 0.00000000
vn 1.00000000 0.00000000 0.00000000
vn 1.00000000 0.00000000 0.00000000
vn -0.00000000 0.61967100 0.78486200
vn -0.00000000 0.61967100 0.78486200
vn -0.00000000 0.61967100 0.78486200
vn 1.00000000 0.00000000 0.00000000
vn 1.00000000 0.00000000 0.00000000
vn 1.00000000 0.00000000 0.00000000
vn 1.00000000 0.00000000 0.00000000
vn 1.00000000 0.00000000 0.00000000
vn -0.00000000 0.61967100 0.78486200
vn -0.00000000 0.61967100 0.78486200
vn -0.00000000 0.61967100 0.78486200
vn 1.00000000 0.00000000 0.00000000
vn 1.00000000 0.00000000 0.00000000
vn 1.00000000 0.00000000 0.00000000
vn 1.00000000 0.00000000 0.00000000
vn 1.00000000 0.00000000 0.00000000
vn 1.00000000 0.00000000 0.00000000
vn 1.00000000 0.00000000 0.00000000
vn 1.00000000 0.00000000 0.00000000
vn 1.00000000 0.00000000 0.00000000
vn 0.00000000 -0.83506200 0.55015500
vn 0.00000000 -0.83506200 0.55015500
vn 0.00000000 -0.89820800 0.43957000
vn 0.00000000 -0.29828500 0.95447700
vn 0.00000000 -0.29828500 0.95447700
vn 0.00000000 -0.29828500 0.95447700
vn 1.00000000 0.00000000 0.00000000
vn 1.00000000 0.00000000 0.00000000
vn 1.00000000 0.00000000 0.00000000
vn 1.00000000 0.00000000 0.00000000
vn 1.00000000 0.00000000 0.00000000
vn 1.00000000 0.00000000 0.00000000
vn 0.00000000 0.97290100 0.23122000
vn 0.00000000 0.97290100 0.23122000
vn 0.00000000 0.97290100 0.23122000
vn 0.00000000 0.97290100 0.23122000
vn 0.00000000 0.97290100 0.23122000
vn 0.00000000 0.97290100 0.23122000
vn 0.00000000 -0.83506200 0.55015600
vn 0.00000000 -0.83506200 0.55015600
vn 0.00000000 -0.89820800 0.43957000
vn 0.00000000 -0.29828500 0.95447700
vn 0.00000000 -0.29828500 0.95447700
vn 0.00000000 -0.29828500 0.95447700
vn 1.00000000 0.00000000 0.00000000
vn 1.00000000 0.00000000 0.00000000
vn 1.00000000 0.00000000 0.00000000
vn 0.00000000 0.97290100 0.23122000
vn 0.00000000 0.97290100 0.23122000
vn 0.00000000 0.97290100 0.23122000
vn 0.00000000 0.97290100 0.23122000
vn 0.00000000 0.97290100 0.23122000
vn 0.00000000 0.97290100 0.23122000
vn 1.00000000 0.00000000 0.00000000
vn 1.00000000 0.00000000 0.00000000
vn 1.00000000 0.00000000 0.00000000
vn 0.00000000 0.96531400 -0.26109200
vn 0.00000000 0.97994400 -0.19927300
vn 0.00000000 0.96531400 -0.26109200
vn 0.00000000 0.96531400 -0.26109200
vn 0.00000000 0.97994400 -0.19927300
vn 0.00000000 0.97994400 -0.19927300
vn 1.00000000 0.00000000 0.00000000
vn 1.00000000 0.00000000 0.00000000
vn 1.00000000 0.00000000 0.00000000
vn 1.00000000 0.00000000 0.00000000
vn 1.00000000 0.00000000 0.00000000
vn 1.00000000 0.00000000 0.00000000
vn 0.00000000 0.96531400 -0.26109200
vn 0.00000000 0.97994400 -0.19927300
vn 0.00000000 0.96531400 -0.26109200
vn 0.00000000 0.96531400 -0.26109200
vn 0.00000000 0.97994400 -0.19927300
vn 0.00000000 0.97994400 -0.19927300
vn 0.00000000 0.12986100 0.99153200
vn 0.00000000 0.12986100 0.99153200
vn 0.00000000 -0.02009950 0.99979800
vn 1.00000000 0.00000000 0.00000000
vn 1.00000000 0.00000000 0.00000000
vn 1.00000000 0.00000000 0.00000000
vn 1.00000000 0.00000000 0.00000000
vn 1.00000000 0.00000000 0.00000000
vn 0.00000000 -0.02009950 0.99979800
vn 0.00000000 -0.31176900 0.95015800
vn 0.00000000 -0.02009950 0.99979800
vn 0.00000000 0.12986100 0.99153200
vn 0.00000000 -0.02009950 0.99979800
vn 0.00000000 -0.02009950 0.99979800
vn 1.00000000 0.00000000 0.00000000
vn 1.00000000 0.00000000 0.00000000
vn 1.00000000 0.00000000 0.00000000
vn 1.00000000 0.00000000 0.00000000
vn 1.00000000 0.00000000 0.00000000
vn 0.00000000 0.18692400 0.98237400
vn 0.00000000 0.18692400 0.98237400
vn 0.00000000 0.18692400 0.98237400
vn 0.00000000 -0.25095900 0.96799800
vn 0.00000000 -0.25095900 0.96799800
vn 0.00000000 -0.25095900 0.96799800
vn 0.00000000 0.18692400 0.98237400
vn 0.00000000 0.18692400 0.98237400
vn 0.00000000 0.18692400 0.98237400
vn 1.00000000 0.00000000 0.00000000
vn 1.00000000 0.00000000 0.00000000
vn 1.00000000 0.00000000 0.00000000
vn 1.00000000 0.00000000 0.00000000
vn 1.00000000 0.00000000 0.00000000
vn 0.00000000 0.15653200 0.98767300
vn 0.00000000 0.15653200 0.98767300
vn 0.00000000 0.15653200 0.98767300
vn 0.00000000 -0.29534900 0.95539000
vn 0.00000000 -0.29534900 0.95539000
vn 0.00000000 -0.29534900 0.95539000
vn 0.00000000 0.15653200 0.98767300
vn 0.00000000 0.15653200 0.98767300
vn 0.00000000 0.15653200 0.98767300
vn 1.00000000 0.00000000 0.00000000
vn 1.00000000 0.00000000 0.00000000
vn 1.00000000 0.00000000 0.00000000
vn 1.00000000 0.00000000 0.00000000
vn 1.00000000 0.00000000 0.00000000
vn 1.00000000 0.00000000 0.00000000
vn 0.00000000 -0.19534600 0.98073400
vn 0.00000000 -0.34969700 0.93686300
vn 0.00000000 -0.19534600 0.98073400
vn 0.00000000 0.27471900 0.96152500
vn 0.00000000 0.27471900 0.96152500
vn 0.00000000 0.27471900 0.96152500
vn 0.00000000 0.27471900 0.96152500
vn 0.00000000 0.27471900 0.96152500
vn 0.00000000 0.27471900 0.96152500
vn 0.00000000 0.15653200 0.98767300
vn 0.00000000 0.15653200 0.98767300
vn 0.00000000 0.15653200 0.98767300
vn 1.00000000 0.00000000 0.00000000
vn 1.00000000 0.00000000 0.00000000
vn 1.00000000 0.00000000 0.00000000
vn 0.00000000 -0.29534900 0.95539000
vn 0.00000000 -0.29534900 0.95539000
vn 0.00000000 -0.29534900 0.95539000
vn 0.00000000 0.15653200 0.98767300
vn 0.00000000 0.15653200 0.98767300
vn 0.00000000 0.15653200 0.98767300
vn 1.00000000 0.00000000 0.00000000
vn 1.00000000 0.00000000 0.00000000
vn 1.00000000 0.00000000 0.00000000
vn 0.00000000 0.47279300 0.88117400
vn 0.00000000 0.47279300 0.88117400
vn 0.00000000 0.47279300 0.88117400
vn 0.00000000 0.47279300 0.88117400
vn 0.00000000 0.47279300 0.88117400
vn 0.00000000 0.47279300 0.88117400
vn 1.00000000 0.00000000 0.00000000
vn 1.00000000 0.00000000 0.00000000
vn 1.00000000 0.00000000 0.00000000
vn 0.00000000 -0.31176900 0.95015800
vn 0.00000000 -0.31176900 0.95015800
vn 0.00000000 -0.56040200 0.82822100
vn 0.00000000 -0.02009950 0.99979800
vn 0.00000000 -0.31176900 0.95015800
vn 0.00000000 -0.31176900 0.95015800
vn 0.00000000 0.61358600 0.78962800
vn 0.00000000 0.61358600 0.78962800
vn 0.00000000 0.61358600 0.78962800
vn 0.00000000 0.61358600 0.78962800
vn 0.00000000 0.61358600 0.78962800
vn 0.00000000 0.61358600 0.78962800
vn 1.00000000 0.00000000 0.00000000
vn 1.00000000 0.00000000 0.00000000
vn 1.00000000 0.00000000 0.00000000
vn 1.00000000 0.00000000 0.00000000
vn 1.00000000 0.00000000 0.00000000
vn 1.00000000 0.00000000 0.00000000
vn 0.00000000 0.62814600 0.77809500
vn 0.00000000 0.62814600 0.77809500
vn 0.00000000 0.62814600 0.77809500
vn 0.00000000 0.62814600 0.77809500
vn 0.00000000 0.62814600 0.77809500
vn 0.00000000 0.62814600 0.77809500
vn 0.00000000 0.62814600 0.77809500
vn 0.00000000 0.62814600 0.77809500
vn 0.00000000 0.62814600 0.77809500
vn 0.00000000 0.62814600 0.77809500
vn 0.00000000 0.62814600 0.77809500
vn 0.00000000 0.62814600 0.77809500
vn 0.00000000 -0.34969700 0.93686300
vn 0.00000000 -0.34969700 0.93686300
vn -0.00000000 -0.59816400 0.80137400
vn 0.00000000 -0.19534600 0.98073400
vn 0.00000000 -0.34969700 0.93686300
vn 0.00000000 -0.34969700 0.93686300
vn 1.00000000 0.00000000 0.00000000
vn 1.00000000 0.00000000 0.00000000
vn 1.00000000 0.00000000 0.00000000
vn -0.00000000 0.89066400 0.45466200
vn 0.00000000 0.82828300 0.56031000
vn -0.00000000 0.89066400 0.45466200
vn -0.00000000 0.89066400 0.45466200
vn 0.00000000 0.82828300 0.56031000
vn 0.00000000 0.82828300 0.56031000
vn 1.00000000 0.00000000 0.00000000
vn 1.00000000 0.00000000 0.00000000
vn 1.00000000 0.00000000 0.00000000
vn 1.00000000 0.00000000 0.00000000
vn 1.00000000 0.00000000 0.00000000
vn 1.00000000 0.00000000 0.00000000
vn 0.00000000 0.81531700 0.57901400
vn 0.00000000 0.81531700 0.57901400
vn 0.00000000 0.81531700 0.57901400
vn 0.00000000 0.81531700 0.57901400
vn 0.00000000 0.81531700 0.57901400
vn 0.00000000 0.81531700 0.57901400
vn 0.00000000 -0.67885000 0.73427700
vn 0.00000000 -0.67885000 0.73427700
vn 0.00000000 -0.74778200 0.66394400
vn 0.00000000 -0.25095900 0.96799800
vn 0.00000000 -0.25095900 0.96799800
vn 0.00000000 -0.25095900 0.96799800
vn 0.00000000 -0.00000000 1.00000000
vn 0.00000000 -0.14642700 0.98922200
vn 0.00000000 -0.00000000 1.00000000
vn 0.00000000 -0.14642700 0.98922200
vn 0.00000000 -0.28969700 0.95711800
vn 0.00000000 -0.14642700 0.98922200
vn 0.00000000 -0.00000000 1.00000000
vn 0.00000000 -0.14642700 0.98922200
vn 0.00000000 -0.14642700 0.98922200
vn 1.00000000 0.00000000 0.00000000
vn 1.00000000 0.00000000 0.00000000
vn 1.00000000 0.00000000 0.00000000
vn 1.00000000 0.00000000 0.00000000
vn 1.00000000 0.00000000 0.00000000
vn 1.00000000 0.00000000 0.00000000
vn 1.00000000 0.00000000 0.00000000
vn 1.00000000 0.00000000 0.00000000
vn 1.00000000 0.00000000 0.00000000
vn 1.00000000 0.00000000 0.00000000
vn 1.00000000 0.00000000 0.00000000
vn 1.00000000 0.00000000 0.00000000
vn 0.00000000 0.89773700 -0.44053100
vn 0.00000000 0.94693600 -0.32142300
vn 0.00000000 0.89773700 -0.44053100
vn 0.00000000 0.89773700 -0.44053100
vn 0.00000000 0.94693600 -0.32142300
vn 0.00000000 0.94693600 -0.32142300
vn 0.00000000 -0.56040200 0.82822100
vn 0.00000000 -0.56040200 0.82822100
vn 0.00000000 -0.78013300 0.62561400
vn 0.00000000 -0.31176900 0.95015800
vn 0.00000000 -0.56040200 0.82822100
vn 0.00000000 -0.56040200 0.82822100
vn 1.00000000 0.00000000 0.00000000
vn 1.00000000 0.00000000 0.00000000
vn 1.00000000 0.00000000 0.00000000
vn 0.00000000 0.92236900 0.38630900
vn 0.00000000 0.92236900 0.38630900
vn 0.00000000 0.92236900 0.38630900
vn 0.00000000 0.92236900 0.38630900
vn 0.00000000 0.92236900 0.38630900
vn 0.00000000 0.92236900 0.38630900
vn 0.00000000 -0.83205100 0.55470000
vn 0.00000000 -0.83205100 0.55470000
vn 0.00000000 -0.89715600 0.44171400
vn 0.00000000 -0.29534900 0.95539000
vn 0.00000000 -0.29534900 0.95539000
vn 0.00000000 -0.29534900 0.95539000
vn 1.00000000 0.00000000 0.00000000
vn 1.00000000 0.00000000 0.00000000
vn 1.00000000 0.00000000 0.00000000
vn 1.00000000 0.00000000 0.00000000
vn 1.00000000 0.00000000 0.00000000
vn 1.00000000 0.00000000 0.00000000
vn 0.00000000 0.97567400 0.21922600
vn 0.00000000 0.97567400 0.21922600
vn 0.00000000 0.97567400 0.21922600
vn 0.00000000 0.97567400 0.21922600
vn 0.00000000 0.97567400 0.21922600
vn 0.00000000 0.97567400 0.21922600
vn 1.00000000 0.00000000 0.00000000
vn 1.00000000 0.00000000 0.00000000
vn 1.00000000 0.00000000 0.00000000
vn 0.00000000 -0.83205100 0.55469900
vn 0.00000000 -0.83205100 0.55469900
vn 0.00000000 -0.89708700 0.44185500
vn 0.00000000 -0.29534900 0.95539000
vn 0.00000000 -0.29534900 0.95539000
vn 0.00000000 -0.29534900 0.95539000
vn 0.00000000 0.97567400 0.21922600
vn 0.00000000 0.97567400 0.21922600
vn 0.00000000 0.97567400 0.21922600
vn 0.00000000 0.97567400 0.21922600
vn 0.00000000 0.97567400 0.21922600
vn 0.00000000 0.97567400 0.21922600
vn 1.00000000 0.00000000 0.00000000
vn 1.00000000 0.00000000 0.00000000
vn 1.00000000 0.00000000 0.00000000
vn 1.00000000 0.00000000 0.00000000
vn 1.00000000 0.00000000 0.00000000
vn 1.00000000 0.00000000 0.00000000
vn 1.00000000 0.00000000 0.00000000
vn 1.00000000 0.00000000 0.00000000
vn 1.00000000 0.00000000 0.00000000
vn 0.00000000 -0.89820800 0.43957000
vn 0.00000000 -0.94678800 0.32185700
vn 0.00000000 -0.89820800 0.43957000
vn 0.00000000 -0.83506200 0.55015500
vn 0.00000000 -0.89820800 0.43957000
vn 0.00000000 -0.89820800 0.43957000
vn 1.00000000 0.00000000 0.00000000
vn 1.00000000 0.00000000 0.00000000
vn 1.00000000 0.00000000 0.00000000
vn 1.00000000 0.00000000 0.00000000
vn 1.00000000 0.00000000 0.00000000
vn 1.00000000 0.00000000 0.00000000
vn 0.00000000 0.94678800 -0.32185700
vn 0.00000000 0.96531400 -0.26109200
vn 0.00000000 0.94678800 -0.32185700
vn 1.00000000 0.00000000 0.00000000
vn 1.00000000 0.00000000 0.00000000
vn 1.00000000 0.00000000 0.00000000
vn 1.00000000 0.00000000 0.00000000
vn 1.00000000 0.00000000 0.00000000
vn 1.00000000 0.00000000 0.00000000
vn 0.00000000 0.94678800 -0.32185700
vn 0.00000000 0.96531400 -0.26109200
vn 0.00000000 0.96531400 -0.26109200
vn 0.00000000 -0.89820800 0.43957000
vn 0.00000000 -0.94678800 0.32185700
vn 0.00000000 -0.89820800 0.43957000
vn 0.00000000 -0.83506200 0.55015600
vn 0.00000000 -0.89820800 0.43957000
vn 0.00000000 -0.89820800 0.43957000
vn 1.00000000 0.00000000 0.00000000
vn 1.00000000 0.00000000 0.00000000
vn 1.00000000 0.00000000 0.00000000
vn 1.00000000 0.00000000 0.00000000
vn 1.00000000 0.00000000 0.00000000
vn 1.00000000 0.00000000 0.00000000
vn 0.00000000 0.94678800 -0.32185700
vn 0.00000000 0.96531400 -0.26109200
vn 0.00000000 0.94678800 -0.32185700
vn 0.00000000 0.94678800 -0.32185700
vn 0.00000000 0.96531400 -0.26109200
vn 0.00000000 0.96531400 -0.26109200
vn -0.00000000 -0.59816400 0.80137400
vn -0.00000000 -0.59816400 0.80137400
vn 0.00000000 -0.79384600 0.60811800
vn 0.00000000 -0.34969700 0.93686300
vn -0.00000000 -0.59816400 0.80137400
vn -0.00000000 -0.59816400 0.80137400
vn 1.00000000 0.00000000 0.00000000
vn 1.00000000 0.00000000 0.00000000
vn 1.00000000 0.00000000 0.00000000
vn 0.00000000 0.99162000 0.12918700
vn 0.00000000 0.97750700 0.21090400
vn 0.00000000 0.99162000 0.12918700
vn 0.00000000 0.99162000 0.12918700
vn 0.00000000 0.97750700 0.21090400
vn 0.00000000 0.97750700 0.21090400
vn 1.00000000 0.00000000 0.00000000
vn 1.00000000 0.00000000 0.00000000
vn 1.00000000 0.00000000 0.00000000
vn 0.00000000 0.93963800 0.34217100
vn -0.00000000 0.89066400 0.45466200
vn 0.00000000 0.93963800 0.34217100
vn 0.00000000 0.93963800 0.34217100
vn -0.00000000 0.89066400 0.45466200
vn -0.00000000 0.89066400 0.45466200
vn 0.00000000 -0.83043300 0.55711800
vn 0.00000000 -0.83043300 0.55711800
vn 0.00000000 -0.83043300 0.55711800
vn 0.00000000 -0.14642700 0.98922200
vn 0.00000000 -0.28969700 0.95711800
vn 0.00000000 -0.28969700 0.95711800
vn 0.00000000 -0.78013300 0.62561400
vn 0.00000000 -0.78013300 0.62561400
vn 0.00000000 -0.87415500 0.48564700
vn 0.00000000 -0.56040200 0.82822100
vn 0.00000000 -0.78013300 0.62561400
vn 0.00000000 -0.78013300 0.62561400
vn 0.00000000 0.95496700 -0.29671200
vn 0.00000000 0.99037700 -0.13839600
vn 0.00000000 0.95496700 -0.29671200
vn 0.00000000 0.95496700 -0.29671200
vn 0.00000000 0.99037700 -0.13839600
vn 0.00000000 0.99037700 -0.13839600
vn 1.00000000 0.00000000 0.00000000
vn 1.00000000 0.00000000 0.00000000
vn 1.00000000 0.00000000 0.00000000
vn 1.00000000 0.00000000 0.00000000
vn 1.00000000 0.00000000 0.00000000
vn 1.00000000 0.00000000 0.00000000
vn 0.00000000 0.96458200 -0.26378300
vn 0.00000000 0.97867800 -0.20539800
vn 0.00000000 0.96458200 -0.26378300
vn 0.00000000 0.96458200 -0.26378300
vn 0.00000000 0.97867800 -0.20539800
vn 0.00000000 0.97867800 -0.20539800
vn 1.00000000 0.00000000 0.00000000
vn 1.00000000 0.00000000 0.00000000
vn 1.00000000 0.00000000 0.00000000
vn 0.00000000 0.96452900 -0.26397600
vn 0.00000000 0.97867800 -0.20539800
vn 0.00000000 0.96452900 -0.26397600
vn 0.00000000 0.96452900 -0.26397600
vn 0.00000000 0.97867800 -0.20539800
vn 0.00000000 0.97867800 -0.20539800
vn 1.00000000 0.00000000 0.00000000
vn 1.00000000 0.00000000 0.00000000
vn 1.00000000 0.00000000 0.00000000
vn 1.00000000 0.00000000 0.00000000
vn 1.00000000 0.00000000 0.00000000
vn 1.00000000 0.00000000 0.00000000
vn 0.00000000 0.99891500 0.04658120
vn 0.00000000 0.99162000 0.12918700
vn 0.00000000 0.99891500 0.04658120
vn 0.00000000 0.99891500 0.04658120
vn 0.00000000 0.99162000 0.12918700
vn 0.00000000 0.99162000 0.12918700
vn 0.00000000 -0.74778200 0.66394400
vn 0.00000000 -0.80946200 0.58717200
vn 0.00000000 -0.74778200 0.66394400
vn 0.00000000 -0.67885000 0.73427700
vn 0.00000000 -0.74778200 0.66394400
vn 0.00000000 -0.74778200 0.66394400
vn 0.00000000 -0.79384600 0.60811800
vn 0.00000000 -0.79384600 0.60811800
vn 0.00000000 -0.87704900 0.48040100
vn -0.00000000 -0.59816400 0.80137400
vn 0.00000000 -0.79384600 0.60811800
vn 0.00000000 -0.79384600 0.60811800
vn 0.00000000 -0.98801100 0.15438100
vn 0.00000000 -0.99859200 0.05304070
vn 0.00000000 -0.98801100 0.15438100
vn 0.00000000 -0.78013300 0.62561400
vn 0.00000000 -0.87415500 0.48564700
vn 0.00000000 -0.87415500 0.48564700
vn 0.00000000 0.85683200 -0.51559600
vn 0.00000000 0.95496700 -0.29671200
vn 0.00000000 0.85683200 -0.51559600
vn 0.00000000 0.85683200 -0.51559600
vn 0.00000000 0.95496700 -0.29671200
vn 0.00000000 0.95496700 -0.29671200
vn 1.00000000 0.00000000 0.00000000
vn 1.00000000 0.00000000 0.00000000
vn 1.00000000 0.00000000 0.00000000
vn 1.00000000 0.00000000 0.00000000
vn 1.00000000 0.00000000 0.00000000
vn 1.00000000 0.00000000 0.00000000
vn 0.00000000 -0.89715600 0.44171400
vn 0.00000000 -0.96550400 0.26038700
vn 0.00000000 -0.89715600 0.44171400
vn 0.00000000 -0.83205100 0.55470000
vn 0.00000000 -0.89715600 0.44171400
vn 0.00000000 -0.89715600 0.44171400
vn 1.00000000 0.00000000 0.00000000
vn 1.00000000 0.00000000 0.00000000
vn 1.00000000 0.00000000 0.00000000
vn 1.00000000 0.00000000 0.00000000
vn 1.00000000 0.00000000 0.00000000
vn 1.00000000 0.00000000 0.00000000
vn 1.00000000 0.00000000 0.00000000
vn 1.00000000 0.00000000 0.00000000
vn 1.00000000 0.00000000 0.00000000
vn 1.00000000 0.00000000 0.00000000
vn 1.00000000 0.00000000 0.00000000
vn 1.00000000 0.00000000 0.00000000
vn -0.00000000 0.89651300 -0.44301800
vn 0.00000000 0.96458200 -0.26378300
vn -0.00000000 0.89651300 -0.44301800
vn -0.00000000 0.89651300 -0.44301800
vn 0.00000000 0.96458200 -0.26378300
vn 0.00000000 0.96458200 -0.26378300
vn 0.00000000 -0.99978300 0.02082790
vn 0.00000000 -0.99978300 0.02082790
vn 0.00000000 -0.99978300 0.02082790
vn 0.00000000 -0.79384600 0.60811800
vn 0.00000000 -0.87704900 0.48040100
vn 0.00000000 -0.87704900 0.48040100
vn 1.00000000 0.00000000 0.00000000
vn 1.00000000 0.00000000 0.00000000
vn 1.00000000 0.00000000 0.00000000
vn 0.00000000 -0.89708700 0.44185500
vn 0.00000000 -0.94690400 0.32151600
vn 0.00000000 -0.89708700 0.44185500
vn 0.00000000 -0.83205100 0.55469900
vn 0.00000000 -0.89708700 0.44185500
vn 0.00000000 -0.89708700 0.44185500
vn 1.00000000 0.00000000 0.00000000
vn 1.00000000 0.00000000 0.00000000
vn 1.00000000 0.00000000 0.00000000
vn 1.00000000 0.00000000 0.00000000
vn 1.00000000 0.00000000 0.00000000
vn 1.00000000 0.00000000 0.00000000
vn 0.00000000 0.94687700 -0.32159500
vn 0.00000000 0.96452900 -0.26397600
vn 0.00000000 0.94687700 -0.32159500
vn 0.00000000 0.94687700 -0.32159500
vn 0.00000000 0.96452900 -0.26397600
vn 0.00000000 0.96452900 -0.26397600
vn 1.00000000 0.00000000 0.00000000
vn 1.00000000 0.00000000 0.00000000
vn 1.00000000 0.00000000 0.00000000
vn 0.00000000 -0.98200600 0.18884800
vn 0.00000000 -0.98200600 0.18884800
vn 0.00000000 -0.98200600 0.18884800
vn 0.00000000 -0.83043300 0.55711800
vn 0.00000000 -0.83043300 0.55711800
vn 0.00000000 -0.83043300 0.55711800
vn 1.00000000 0.00000000 0.00000000
vn 1.00000000 0.00000000 0.00000000
vn 1.00000000 0.00000000 0.00000000
vn 0.00000000 -0.99859200 0.05304070
vn 0.00000000 -0.99234600 -0.12349200
vn 0.00000000 -0.99859200 0.05304070
vn 0.00000000 -0.98801100 0.15438100
vn 0.00000000 -0.99859200 0.05304070
vn 0.00000000 -0.99859200 0.05304070
vn 1.00000000 0.00000000 0.00000000
vn 1.00000000 0.00000000 0.00000000
vn 1.00000000 0.00000000 0.00000000
vn 1.00000000 0.00000000 0.00000000
vn 1.00000000 0.00000000 0.00000000
vn 1.00000000 0.00000000 0.00000000
vn 1.00000000 0.00000000 0.00000000
vn 1.00000000 0.00000000 0.00000000
vn 1.00000000 0.00000000 0.00000000
vn 0.00000000 0.74948400 -0.66202300
vn 0.00000000 0.85683200 -0.51559600
vn 0.00000000 0.74948400 -0.66202300
vn 0.00000000 0.74948400 -0.66202300
vn 0.00000000 0.85683200 -0.51559600
vn 0.00000000 0.85683200 -0.51559600
vn 1.00000000 0.00000000 0.00000000
vn 1.00000000 0.00000000 0.00000000
vn 1.00000000 0.00000000 0.00000000
vn 0.00000000 -0.96806700 -0.25069300
vn 0.00000000 -0.96806700 -0.25069300
vn 0.00000000 -0.96806700 -0.25069300
vn 0.00000000 -0.98200600 0.18884800
vn 0.00000000 -0.98200600 0.18884800
vn 0.00000000 -0.98200600 0.18884800
vn 1.00000000 0.00000000 0.00000000
vn 1.00000000 0.00000000 0.00000000
vn 1.00000000 0.00000000 0.00000000
vn 0.00000000 -0.94105300 -0.33826000
vn 0.00000000 -0.94105300 -0.33826000
vn 0.00000000 -0.94105300 -0.33826000
vn 1.00000000 0.00000000 0.00000000
vn 1.00000000 0.00000000 0.00000000
vn 1.00000000 0.00000000 0.00000000
vn 0.00000000 -0.99978300 0.02082790
vn 0.00000000 -0.99978300 0.02082790
vn 0.00000000 -0.99978300 0.02082790
vn 1.00000000 0.00000000 0.00000000
vn 1.00000000 0.00000000 0.00000000
vn 1.00000000 0.00000000 0.00000000
vn 0.00000000 -0.60619100 -0.79531900
vn 0.00000000 -0.60619100 -0.79531900
vn 0.00000000 -0.60619100 -0.79531900
vn 0.00000000 -0.96806700 -0.25069300
vn 0.00000000 -0.96806700 -0.25069300
vn 0.00000000 -0.96806700 -0.25069300
vn 1.00000000 0.00000000 0.00000000
vn 1.00000000 0.00000000 0.00000000
vn 1.00000000 0.00000000 0.00000000
vn 0.00000000 -0.15029800 -0.98864100
vn 0.00000000 -0.15029800 -0.98864100
vn 0.00000000 -0.07536320 -0.99715600
vn 1.00000000 0.00000000 0.00000000
vn 1.00000000 0.00000000 0.00000000
vn 1.00000000 0.00000000 0.00000000
vn 0.00000000 -0.60619100 -0.79531900
vn 0.00000000 -0.60619100 -0.79531900
vn 0.00000000 -0.60619100 -0.79531900
vn 1.00000000 0.00000000 0.00000000
vn 1.00000000 0.00000000 0.00000000
vn 1.00000000 0.00000000 0.00000000
vn 0.00000000 -0.07536320 -0.99715600
vn 0.00000000 0.00000000 -1.00000000
vn 0.00000000 -0.07536320 -0.99715600
vn 1.00000000 0.00000000 0.00000000
vn 1.00000000 0.00000000 0.00000000
vn 1.00000000 0.00000000 0.00000000
vn 0.00000000 -0.15029800 -0.98864100
vn 0.00000000 -0.07536320 -0.99715600
vn 0.00000000 -0.07536320 -0.99715600
vn -0.00000000 -0.94685600 0.32165900
vn -0.00000000 -0.96429700 0.26482100
vn -0.00000000 -0.94685600 0.32165900
vn 0.00000000 -0.07536320 -0.99715600
vn 0.00000000 0.00000000 -1.00000000
vn 0.00000000 0.00000000 -1.00000000
vn 0.00000000 0.86602600 -0.49999900
vn 0.08944720 0.63370200 -0.76838800
vn 0.00000000 0.76604500 -0.64278700
vn 0.00000000 0.86602600 -0.49999900
vn 0.00000000 -0.76604500 -0.64278700
vn 0.07178240 -0.86831900 -0.49078400
vn 0.00000000 -0.86602600 -0.49999900
vn 0.00000000 -0.86602600 -0.49999900
vn 0.00000000 -0.00000000 1.00000000
vn 0.00000000 -0.00000000 1.00000000
vn 0.00000000 -0.00000000 1.00000000
vn 0.00000000 -0.00000000 1.00000000
vn 0.00000000 -0.00000000 1.00000000
vn 0.00000000 -0.00000000 1.00000000
vn 0.00000000 -0.74778200 0.66394400
vn 0.00000000 -0.80946200 0.58717200
vn 0.00000000 -0.80946200 0.58717200
vn 1.00000000 0.00000000 0.00000000
vn 1.00000000 0.00000000 0.00000000
vn 1.00000000 0.00000000 0.00000000
vn 0.00000000 0.00000000 -1.00000000
vn 0.00000000 0.00000000 -1.00000000
vn 0.00000000 0.00000000 -1.00000000
vn 0.00000000 0.99868400 0.05129190
vn 0.00000000 0.99868400 0.05129190
vn 0.00000000 0.99868400 0.05129190
vn 0.00000000 0.99868400 0.05129190
vn 0.00000000 0.99868400 0.05129190
vn 0.00000000 0.99868400 0.05129190
vn 0.00000000 -0.81772100 0.57561500
vn 0.00000000 -0.81772100 0.57561500
vn 0.00000000 -0.81772100 0.57561500
vn 0.00000000 0.00000000 -1.00000000
vn 0.00000000 0.00000000 -1.00000000
vn 0.00000000 0.00000000 -1.00000000
vn 0.00000000 -0.05256450 0.99861800
vn 0.00000000 -0.18531700 0.98267900
vn 0.00000000 -0.05256450 0.99861800
vn 0.00000000 -0.94105300 -0.33826000
vn 0.00000000 -0.94105300 -0.33826000
vn 0.00000000 -0.94105300 -0.33826000
vn 0.00000000 -0.18531700 0.98267900
vn 0.00000000 -0.31475600 0.94917300
vn 0.00000000 -0.18531700 0.98267900
vn 0.00000000 -0.05256450 0.99861800
vn 0.00000000 -0.18531700 0.98267900
vn 0.00000000 -0.18531700 0.98267900
vn 0.00000000 -0.00000000 1.00000000
vn 0.00000000 -0.00000000 1.00000000
vn 0.00000000 -0.00000000 1.00000000
vn 0.00000000 -0.00000000 1.00000000
vn 0.00000000 -0.00000000 1.00000000
vn 0.00000000 -0.00000000 1.00000000
vn 0.00000000 -0.89708700 0.44185500
vn 0.00000000 -0.94690400 0.32151600
vn 0.00000000 -0.94690400 0.32151600
vn 1.00000000 0.00000000 0.00000000
vn 1.00000000 0.00000000 0.00000000
vn 1.00000000 0.00000000 0.00000000
vn 0.00000000 0.50000000 -0.86602500
vn 0.08622720 0.33038600 -0.93989900
vn 0.00000000 0.50000000 -0.86602500
vn 0.00000000 0.50000000 -0.86602500
vn 1.00000000 0.00000000 0.00000000
vn 1.00000000 0.00000000 0.00000000
vn 1.00000000 0.00000000 0.00000000
vn 0.00000000 -0.50000000 -0.86602500
vn 0.07435730 -0.65009600 -0.75620500
vn 0.00000000 -0.50000000 -0.86602500
vn 0.00000000 -0.76604500 -0.64278700
vn 0.00000000 -0.66620400 0.74576900
vn 0.00000000 -0.66620400 0.74576900
vn 0.00000000 -0.66620400 0.74576900
vn 0.00000000 -0.18531700 0.98267900
vn 0.00000000 -0.31475600 0.94917300
vn 0.00000000 -0.31475600 0.94917300
vn 1.00000000 0.00000000 0.00000000
vn 1.00000000 0.00000000 0.00000000
vn 1.00000000 0.00000000 0.00000000
vn 0.00000000 0.00000000 -1.00000000
vn 0.00000000 0.00000000 -1.00000000
vn 0.00000000 0.00000000 -1.00000000
vn 1.00000000 0.00000000 0.00000000
vn 1.00000000 0.00000000 0.00000000
vn 1.00000000 0.00000000 0.00000000
vn -0.00000000 0.37462000 -0.92717800
vn -0.00000000 0.37462000 -0.92717800
vn -0.00000000 0.37462000 -0.92717800
vn -0.00000000 0.37462000 -0.92717800
vn -0.00000000 0.37462000 -0.92717800
vn -0.00000000 0.37462000 -0.92717800
vn 0.00000000 -0.94731100 0.32031500
vn 0.00000000 -0.94731100 0.32031500
vn 0.00000000 -0.94731100 0.32031500
vn 0.00000000 0.00000000 -1.00000000
vn 0.00000000 0.00000000 -1.00000000
vn 0.00000000 0.00000000 -1.00000000
vn 1.00000000 0.00000000 0.00000000
vn 1.00000000 0.00000000 0.00000000
vn 1.00000000 0.00000000 0.00000000
vn 0.00000000 -0.88500100 0.46558800
vn 0.00000000 -0.88500100 0.46558800
vn -0.00000000 -0.94891000 0.31554800
vn 0.00000000 -0.66620400 0.74576900
vn 0.00000000 -0.66620400 0.74576900
vn 0.00000000 -0.66620400 0.74576900
vn 1.00000000 0.00000000 0.00000000
vn 1.00000000 0.00000000 0.00000000
vn 1.00000000 0.00000000 0.00000000
vn 0.00000000 0.81373200 -0.58124000
vn 0.00000000 0.81373200 -0.58124000
vn 0.00000000 0.81373200 -0.58124000
vn 0.00000000 0.81373200 -0.58124000
vn 0.00000000 0.81373200 -0.58124000
vn 0.00000000 0.81373200 -0.58124000
vn 1.00000000 0.00000000 0.00000000
vn 1.00000000 0.00000000 0.00000000
vn 1.00000000 0.00000000 0.00000000
vn 0.00000000 0.17364600 -0.98480800
vn 0.09274700 0.10132900 -0.99052000
vn 0.00000000 0.11594300 -0.99325600
vn 1.00000000 0.00000000 0.00000000
vn 1.00000000 0.00000000 0.00000000
vn 1.00000000 0.00000000 0.00000000
vn 1.00000000 0.00000000 0.00000000
vn 1.00000000 0.00000000 0.00000000
vn 1.00000000 0.00000000 0.00000000
vn 0.00000000 0.17364600 -0.98480800
vn 1.00000000 0.00000000 0.00000000
vn 1.00000000 0.00000000 0.00000000
vn 1.00000000 0.00000000 0.00000000
vn 0.00000000 -0.11594300 -0.99325600
vn 0.07815390 -0.35319100 -0.93228100
vn 0.00000000 -0.17364600 -0.98480800
vn 1.00000000 0.00000000 0.00000000
vn 1.00000000 0.00000000 0.00000000
vn 1.00000000 0.00000000 0.00000000
vn 0.00000000 -0.50000000 -0.86602500
vn 1.00000000 0.00000000 0.00000000
vn 1.00000000 0.00000000 0.00000000
vn 1.00000000 0.00000000 0.00000000
vn 0.00000000 0.11594300 -0.99325600
vn -0.04709370 0.10979700 -0.99283800
vn 1.00000000 0.00000000 0.00000000
vn 1.00000000 0.00000000 0.00000000
vn 1.00000000 0.00000000 0.00000000
vn 1.00000000 0.00000000 0.00000000
vn 1.00000000 0.00000000 0.00000000
vn 1.00000000 0.00000000 0.00000000
vn -0.04709370 -0.10979700 -0.99283800
vn 0.11707500 -0.10673400 -0.98737100
vn 0.00000000 -0.11594300 -0.99325600
vn 0.00000000 -0.11594300 -0.99325600
vn 1.00000000 0.00000000 0.00000000
vn 1.00000000 0.00000000 0.00000000
vn 1.00000000 0.00000000 0.00000000
vn 0.13280700 0.19962000 -0.97083200
vn -0.00878585 0.24171900 -0.97030700
vn -0.04709370 0.10979700 -0.99283800
vn -0.04709370 0.10979700 -0.99283800
vn 1.00000000 0.00000000 0.00000000
vn 1.00000000 0.00000000 0.00000000
vn 1.00000000 0.00000000 0.00000000
vn -0.00878585 -0.24171900 -0.97030700
vn -0.02557860 -0.20646300 -0.97812000
vn -0.04709370 -0.10979700 -0.99283800
vn -0.04709370 -0.10979700 -0.99283800
vn -0.02557860 -0.20646300 -0.97812000
vn 1.00000000 0.00000000 0.00000000
vn 1.00000000 0.00000000 0.00000000
vn 1.00000000 0.00000000 0.00000000
vn -0.00000000 -0.94891000 0.31554800
vn -0.00000000 -0.98758000 0.15711500
vn -0.00000000 -0.94891000 0.31554800
vn 0.00000000 -0.88500100 0.46558800
vn -0.00000000 -0.94891000 0.31554800
vn -0.00000000 -0.94891000 0.31554800
vn 1.00000000 0.00000000 0.00000000
vn 1.00000000 0.00000000 0.00000000
vn 1.00000000 0.00000000 0.00000000
vn 0.00000000 0.98733800 -0.15863100
vn 0.00000000 0.98733800 -0.15863100
vn 0.00000000 0.98733800 -0.15863100
vn 1.00000000 0.00000000 0.00000000
vn 1.00000000 0.00000000 0.00000000
vn 1.00000000 0.00000000 0.00000000
vn 0.00000000 0.98733800 -0.15863100
vn 0.00000000 0.98733800 -0.15863100
vn 0.00000000 0.98733800 -0.15863100
vn 1.00000000 0.00000000 0.00000000
vn 1.00000000 0.00000000 0.00000000
vn 1.00000000 0.00000000 0.00000000
vn -0.03129890 0.33726900 -0.94088800
vn -0.00878585 0.24171900 -0.97030700
vn 1.00000000 0.00000000 0.00000000
vn 1.00000000 0.00000000 0.00000000
vn 1.00000000 0.00000000 0.00000000
vn -0.03129890 -0.33726900 -0.94088800
vn -0.02557860 -0.20646300 -0.97812000
vn -0.00878585 -0.24171900 -0.97030700
vn 1.00000000 0.00000000 0.00000000
vn 1.00000000 0.00000000 0.00000000
vn 1.00000000 0.00000000 0.00000000
vn 0.00000000 0.94494500 0.32722900
vn 0.00000000 0.94494500 0.32722900
vn 0.00000000 0.94494500 0.32722900
vn 0.00000000 0.94494500 0.32722900
vn 0.00000000 0.94494500 0.32722900
vn 0.00000000 0.94494500 0.32722900
vn 0.00000000 -0.81772100 0.57561500
vn 0.00000000 -0.81772100 0.57561500
vn 0.00000000 -0.81772100 0.57561500
vn 1.00000000 0.00000000 0.00000000
vn 1.00000000 0.00000000 0.00000000
vn 1.00000000 0.00000000 0.00000000
vn 0.00000000 -0.94433900 -0.32897300
vn 0.00000000 -0.94433900 -0.32897300
vn 0.00000000 -0.94433900 -0.32897300
vn -0.00000000 -0.94891000 0.31554800
vn -0.00000000 -0.98758000 0.15711500
vn -0.00000000 -0.98758000 0.15711500
vn 1.00000000 0.00000000 0.00000000
vn 1.00000000 0.00000000 0.00000000
vn 1.00000000 0.00000000 0.00000000
vn 0.00000000 0.60882700 0.79330300
vn 0.00000000 0.60882700 0.79330300
vn 0.00000000 0.60882700 0.79330300
vn 0.00000000 0.60882700 0.79330300
vn 0.00000000 0.60882700 0.79330300
vn 0.00000000 0.60882700 0.79330300
vn 0.00000000 0.08795410 0.99612500
vn 0.00000000 0.17522700 0.98452800
vn 0.00000000 0.08795410 0.99612500
vn 0.00000000 0.08795410 0.99612500
vn 0.00000000 0.17522700 0.98452800
vn 0.00000000 0.17522700 0.98452800
vn -0.03129890 0.33726900 -0.94088800
vn -0.02096130 -0.41450500 -0.90980600
vn -0.02557860 -0.20646300 -0.97812000
vn -0.03129890 -0.33726900 -0.94088800
vn 0.00000000 -0.00000000 1.00000000
vn 0.00000000 -0.14521500 0.98940000
vn 0.00000000 -0.00000000 1.00000000
vn 0.00000000 -0.14521500 0.98940000
vn 0.00000000 -0.28735200 0.95782500
vn 0.00000000 -0.14521500 0.98940000
vn 0.00000000 -0.00000000 1.00000000
vn 0.00000000 -0.14521500 0.98940000
vn 0.00000000 -0.14521500 0.98940000
vn 0.00000000 -0.89820800 0.43957000
vn 0.00000000 -0.94678800 0.32185700
vn 0.00000000 -0.94678800 0.32185700
vn 0.00000000 0.07542250 0.99715200
vn 0.00000000 -0.00000000 1.00000000
vn 0.00000000 0.07542250 0.99715200
vn 0.00000000 0.07542250 0.99715200
vn 0.00000000 -0.00000000 1.00000000
vn 0.00000000 -0.00000000 1.00000000
vn 1.00000000 0.00000000 0.00000000
vn 1.00000000 0.00000000 0.00000000
vn 1.00000000 0.00000000 0.00000000
vn 0.00000000 0.15041500 0.98862300
vn 0.00000000 0.15041500 0.98862300
vn 0.00000000 0.07542250 0.99715200
vn 0.00000000 0.15041500 0.98862300
vn 0.00000000 0.07542250 0.99715200
vn 0.00000000 0.07542250 0.99715200
vn 0.00000000 -0.00000000 1.00000000
vn 0.00000000 -0.14521500 0.98940000
vn 0.00000000 -0.00000000 1.00000000
vn 1.00000000 0.00000000 0.00000000
vn 1.00000000 0.00000000 0.00000000
vn 1.00000000 0.00000000 0.00000000
vn 0.00000000 -0.14521500 0.98940000
vn 0.00000000 -0.28735100 0.95782500
vn 0.00000000 -0.14521500 0.98940000
vn 0.00000000 -0.00000000 1.00000000
vn 0.00000000 -0.14521500 0.98940000
vn 0.00000000 -0.14521500 0.98940000
vn 0.00000000 -0.89820800 0.43957000
vn 0.00000000 -0.94678800 0.32185700
vn 0.00000000 -0.94678800 0.32185700
vn 0.00000000 0.07542260 0.99715200
vn 0.00000000 -0.00000000 1.00000000
vn 0.00000000 0.07542260 0.99715200
vn 0.00000000 0.07542260 0.99715200
vn 0.00000000 -0.00000000 1.00000000
vn 0.00000000 -0.00000000 1.00000000
vn 0.00000000 0.15041500 0.98862300
vn 0.00000000 0.15041500 0.98862300
vn 0.00000000 0.07542260 0.99715200
vn 0.00000000 0.15041500 0.98862300
vn 0.00000000 0.07542260 0.99715200
vn 0.00000000 0.07542260 0.99715200
vn 1.00000000 0.00000000 0.00000000
vn 1.00000000 0.00000000 0.00000000
vn 1.00000000 0.00000000 0.00000000
vn 0.00000000 0.60927300 0.79296100
vn 0.00000000 0.60927300 0.79296100
vn 0.00000000 0.60927300 0.79296100
vn 0.00000000 0.60927300 0.79296100
vn 0.00000000 0.60927300 0.79296100
vn 0.00000000 0.60927300 0.79296100
vn 1.00000000 0.00000000 0.00000000
vn 1.00000000 0.00000000 0.00000000
vn 1.00000000 0.00000000 0.00000000
vn 0.00000000 0.60927300 0.79296100
vn 0.00000000 0.60927300 0.79296100
vn 0.00000000 0.60927300 0.79296100
vn 0.00000000 0.60927300 0.79296100
vn 0.00000000 0.60927300 0.79296100
vn 0.00000000 0.60927300 0.79296100
vn 0.00000000 -0.00000000 1.00000000
vn 0.00000000 0.08795410 0.99612500
vn 0.00000000 -0.00000000 1.00000000
vn 0.00000000 -0.00000000 1.00000000
vn 0.00000000 0.08795410 0.99612500
vn 0.00000000 0.08795410 0.99612500
vn 0.00000000 -0.94731100 0.32031500
vn 0.00000000 -0.94731100 0.32031500
vn 0.00000000 -0.94731100 0.32031500
vn 1.00000000 0.00000000 0.00000000
vn 1.00000000 0.00000000 0.00000000
vn 1.00000000 0.00000000 0.00000000
vn 0.00000000 -0.83204500 0.55470800
vn 0.00000000 -0.83204500 0.55470800
vn 0.00000000 -0.83204500 0.55470800
vn 0.00000000 -0.14521500 0.98940000
vn 0.00000000 -0.28735200 0.95782500
vn 0.00000000 -0.28735200 0.95782500
vn 1.00000000 0.00000000 0.00000000
vn 1.00000000 0.00000000 0.00000000
vn 1.00000000 0.00000000 0.00000000
vn 0.00000000 0.97068200 0.24036600
vn 0.00000000 0.97068200 0.24036600
vn 0.00000000 0.97068200 0.24036600
vn 0.00000000 0.97068200 0.24036600
vn 0.00000000 0.97068200 0.24036600
vn 0.00000000 0.97068200 0.24036600
vn 1.00000000 0.00000000 0.00000000
vn 1.00000000 0.00000000 0.00000000
vn 1.00000000 0.00000000 0.00000000
vn 0.00000000 -0.83204500 0.55470800
vn 0.00000000 -0.83204500 0.55470800
vn 0.00000000 -0.83204500 0.55470800
vn 0.00000000 -0.14521500 0.98940000
vn 0.00000000 -0.28735100 0.95782500
vn 0.00000000 -0.28735100 0.95782500
vn 1.00000000 0.00000000 0.00000000
vn 1.00000000 0.00000000 0.00000000
vn 1.00000000 0.00000000 0.00000000
vn 0.00000000 0.97068200 0.24036600
vn 0.00000000 0.97068200 0.24036600
vn 0.00000000 0.97068200 0.24036600
vn 0.00000000 0.97068200 0.24036600
vn 0.00000000 0.97068200 0.24036600
vn 0.00000000 0.97068200 0.24036600
vn 1.00000000 0.00000000 0.00000000
vn 1.00000000 0.00000000 0.00000000
vn 1.00000000 0.00000000 0.00000000
vn 0.00000000 0.97980300 -0.19996300
vn 0.00000000 0.97980300 -0.19996300
vn 0.00000000 0.97980300 -0.19996300
vn 0.00000000 0.97980300 -0.19996300
vn 0.00000000 0.97980300 -0.19996300
vn 0.00000000 0.97980300 -0.19996300
vn 1.00000000 0.00000000 0.00000000
vn 1.00000000 0.00000000 0.00000000
vn 1.00000000 0.00000000 0.00000000
vn 0.00000000 0.97980300 -0.19996300
vn 0.00000000 0.97980300 -0.19996300
vn 0.00000000 0.97980300 -0.19996300
vn 0.00000000 0.97980300 -0.19996300
vn 0.00000000 0.97980300 -0.19996300
vn 0.00000000 0.97980300 -0.19996300
vn 1.00000000 0.00000000 0.00000000
vn 1.00000000 0.00000000 0.00000000
vn 1.00000000 0.00000000 0.00000000
vn 1.00000000 0.00000000 0.00000000
vn 1.00000000 0.00000000 0.00000000
vn 1.00000000 0.00000000 0.00000000
vn 0.00000000 -0.62027300 -0.78438600
vn 0.00000000 -0.62027300 -0.78438600
vn 0.00000000 -0.62027300 -0.78438600
vn 0.00000000 -0.94433900 -0.32897300
vn 0.00000000 -0.94433900 -0.32897300
vn 0.00000000 -0.94433900 -0.32897300
vn 1.00000000 0.00000000 0.00000000
vn 1.00000000 0.00000000 0.00000000
vn 1.00000000 0.00000000 0.00000000
vn 0.00000000 -0.97966300 0.20064900
vn 0.00000000 -0.97966300 0.20064900
vn 0.00000000 -0.97966300 0.20064900
vn 0.00000000 -0.83204500 0.55470800
vn 0.00000000 -0.83204500 0.55470800
vn 0.00000000 -0.83204500 0.55470800
vn 1.00000000 0.00000000 0.00000000
vn 1.00000000 0.00000000 0.00000000
vn 1.00000000 0.00000000 0.00000000
vn 1.00000000 0.00000000 0.00000000
vn 1.00000000 0.00000000 0.00000000
vn 1.00000000 0.00000000 0.00000000
vn 0.00000000 0.83051300 -0.55700000
vn 0.00000000 0.83051300 -0.55700000
vn 0.00000000 0.83051300 -0.55700000
vn 0.00000000 0.83051300 -0.55700000
vn 0.00000000 0.83051300 -0.55700000
vn 0.00000000 0.83051300 -0.55700000
vn 0.00000000 -0.97966300 0.20064800
vn 0.00000000 -0.97966300 0.20064800
vn 0.00000000 -0.97966300 0.20064800
vn 0.00000000 -0.83204500 0.55470800
vn 0.00000000 -0.83204500 0.55470800
vn 0.00000000 -0.83204500 0.55470800
vn 1.00000000 0.00000000 0.00000000
vn 1.00000000 0.00000000 0.00000000
vn 1.00000000 0.00000000 0.00000000
vn 1.00000000 0.00000000 0.00000000
vn 1.00000000 0.00000000 0.00000000
vn 1.00000000 0.00000000 0.00000000
vn 0.00000000 0.83051300 -0.55700000
vn 0.00000000 0.83051300 -0.55700000
vn 0.00000000 0.83051300 -0.55700000
vn 0.00000000 0.83051300 -0.55700000
vn 0.00000000 0.83051300 -0.55700000
vn 0.00000000 0.83051300 -0.55700000
vn -0.00000000 -0.96429700 0.26482100
vn 0.00000000 -0.97833100 0.20704800
vn -0.00000000 -0.96429700 0.26482100
vn -0.00000000 -0.94685600 0.32165900
vn -0.00000000 -0.96429700 0.26482100
vn -0.00000000 -0.96429700 0.26482100
vn 1.00000000 0.00000000 0.00000000
vn 1.00000000 0.00000000 0.00000000
vn 1.00000000 0.00000000 0.00000000
vn 1.00000000 0.00000000 0.00000000
vn 1.00000000 0.00000000 0.00000000
vn 1.00000000 0.00000000 0.00000000
vn 0.00000000 0.83363000 -0.55232300
vn 0.00000000 0.83363000 -0.55232300
vn 0.00000000 0.89773700 -0.44053100
vn 0.00000000 0.83363000 -0.55232300
vn 0.00000000 0.89773700 -0.44053100
vn 0.00000000 0.89773700 -0.44053100
vn 0.00000000 -0.96550400 0.26038700
vn 0.00000000 -0.98010000 0.19850500
vn 0.00000000 -0.96550400 0.26038700
vn 0.00000000 -0.89715600 0.44171400
vn 0.00000000 -0.96550400 0.26038700
vn 0.00000000 -0.96550400 0.26038700
vn 0.00000000 0.83043300 -0.55711800
vn 0.00000000 0.83043300 -0.55711800
vn -0.00000000 0.89651300 -0.44301800
vn 0.00000000 0.83043300 -0.55711800
vn -0.00000000 0.89651300 -0.44301800
vn -0.00000000 0.89651300 -0.44301800
vn 0.00000000 -0.99234600 -0.12349200
vn 0.00000000 -0.98031500 -0.19744100
vn 0.00000000 -0.99234600 -0.12349200
vn 0.00000000 -0.99859200 0.05304070
vn 0.00000000 -0.99234600 -0.12349200
vn 0.00000000 -0.99234600 -0.12349200
vn 1.00000000 0.00000000 0.00000000
vn 1.00000000 0.00000000 0.00000000
vn 1.00000000 0.00000000 0.00000000
vn 1.00000000 0.00000000 0.00000000
vn 1.00000000 0.00000000 0.00000000
vn 1.00000000 0.00000000 0.00000000
vn 0.00000000 0.67688400 -0.73609000
vn 0.00000000 0.67688400 -0.73609000
vn 0.00000000 0.74948400 -0.66202300
vn 0.00000000 0.67688400 -0.73609000
vn 0.00000000 0.74948400 -0.66202300
vn 0.00000000 0.74948400 -0.66202300
vn 0.00000000 -0.96833300 -0.24966400
vn 0.00000000 -0.96833300 -0.24966400
vn 0.00000000 -0.96833300 -0.24966400
vn 0.00000000 -0.97966300 0.20064900
vn 0.00000000 -0.97966300 0.20064900
vn 0.00000000 -0.97966300 0.20064900
vn 1.00000000 0.00000000 0.00000000
vn 1.00000000 0.00000000 0.00000000
vn 1.00000000 0.00000000 0.00000000
vn 0.00000000 -0.96833200 -0.24966500
vn 0.00000000 -0.96833200 -0.24966500
vn 0.00000000 -0.96833200 -0.24966500
vn 0.00000000 -0.97966300 0.20064800
vn 0.00000000 -0.97966300 0.20064800
vn 0.00000000 -0.97966300 0.20064800
vn 0.00000000 -0.97719900 -0.21232500
vn 0.00000000 -0.97719900 -0.21232500
vn 0.00000000 -0.97719900 -0.21232500
vn -0.00000000 -0.96429700 0.26482100
vn 0.00000000 -0.97833100 0.20704800
vn 0.00000000 -0.97833100 0.20704800
vn 1.00000000 0.00000000 0.00000000
vn 1.00000000 0.00000000 0.00000000
vn 1.00000000 0.00000000 0.00000000
vn 0.00000000 -0.97171800 -0.23614500
vn 0.00000000 -0.97171800 -0.23614500
vn 0.00000000 -0.97171800 -0.23614500
vn 0.00000000 -0.96550400 0.26038700
vn 0.00000000 -0.98010000 0.19850500
vn 0.00000000 -0.98010000 0.19850500
vn 1.00000000 0.00000000 0.00000000
vn 1.00000000 0.00000000 0.00000000
vn 1.00000000 0.00000000 0.00000000
vn 1.00000000 0.00000000 0.00000000
vn 1.00000000 0.00000000 0.00000000
vn 1.00000000 0.00000000 0.00000000
vn -0.00000000 -0.18336900 -0.98304400
vn -0.00000000 -0.18336900 -0.98304400
vn -0.00000000 -0.09207550 -0.99575200
vn 0.00000000 -0.62027300 -0.78438600
vn 0.00000000 -0.62027300 -0.78438600
vn 0.00000000 -0.62027300 -0.78438600
vn 1.00000000 0.00000000 0.00000000
vn 1.00000000 0.00000000 0.00000000
vn 1.00000000 0.00000000 0.00000000
vn 0.00000000 -0.80344300 -0.59538100
vn 0.00000000 -0.80344300 -0.59538100
vn 0.00000000 -0.80344300 -0.59538100
vn 0.00000000 -0.99234600 -0.12349200
vn 0.00000000 -0.98031500 -0.19744100
vn 0.00000000 -0.98031500 -0.19744100
vn 1.00000000 0.00000000 0.00000000
vn 1.00000000 0.00000000 0.00000000
vn 1.00000000 0.00000000 0.00000000
vn 0.00000000 -0.59882800 -0.80087800
vn 0.00000000 -0.59882800 -0.80087800
vn 0.00000000 -0.59882800 -0.80087800
vn 0.00000000 -0.96833300 -0.24966400
vn 0.00000000 -0.96833300 -0.24966400
vn 0.00000000 -0.96833300 -0.24966400
vn 1.00000000 0.00000000 0.00000000
vn 1.00000000 0.00000000 0.00000000
vn 1.00000000 0.00000000 0.00000000
vn 1.00000000 0.00000000 0.00000000
vn 1.00000000 0.00000000 0.00000000
vn 1.00000000 0.00000000 0.00000000
vn 0.00000000 0.14504800 -0.98942500
vn 0.00000000 0.28702700 -0.95792200
vn 0.00000000 0.14504800 -0.98942500
vn 0.00000000 0.14504800 -0.98942500
vn 0.00000000 0.28702700 -0.95792200
vn 0.00000000 0.28702700 -0.95792200
vn 0.00000000 -0.59882700 -0.80087800
vn 0.00000000 -0.59882700 -0.80087800
vn 0.00000000 -0.59882700 -0.80087800
vn 0.00000000 -0.96833200 -0.24966500
vn 0.00000000 -0.96833200 -0.24966500
vn 0.00000000 -0.96833200 -0.24966500
vn 1.00000000 0.00000000 0.00000000
vn 1.00000000 0.00000000 0.00000000
vn 1.00000000 0.00000000 0.00000000
vn 1.00000000 0.00000000 0.00000000
vn 1.00000000 0.00000000 0.00000000
vn 1.00000000 0.00000000 0.00000000
vn 0.00000000 0.14504700 -0.98942500
vn 0.00000000 0.28702700 -0.95792200
vn 0.00000000 0.14504700 -0.98942500
vn 0.00000000 0.14504700 -0.98942500
vn 0.00000000 0.28702700 -0.95792200
vn 0.00000000 0.28702700 -0.95792200
vn 1.00000000 0.00000000 0.00000000
vn 1.00000000 0.00000000 0.00000000
vn 1.00000000 0.00000000 0.00000000
vn 0.00000000 -0.63450400 -0.77291900
vn 0.00000000 -0.63450400 -0.77291900
vn 0.00000000 -0.63450400 -0.77291900
vn 0.00000000 -0.97719900 -0.21232500
vn 0.00000000 -0.97719900 -0.21232500
vn 0.00000000 -0.97719900 -0.21232500
vn 1.00000000 0.00000000 0.00000000
vn 1.00000000 0.00000000 0.00000000
vn 1.00000000 0.00000000 0.00000000
vn 0.00000000 0.29849400 -0.95441100
vn 0.00000000 0.29849400 -0.95441100
vn 0.00000000 0.29849400 -0.95441100
vn 0.00000000 0.29849400 -0.95441100
vn 0.00000000 0.29849400 -0.95441100
vn 0.00000000 0.29849400 -0.95441100
vn 0.00000000 -0.61483000 -0.78866000
vn 0.00000000 -0.61483000 -0.78866000
vn 0.00000000 -0.61483000 -0.78866000
vn 0.00000000 -0.97171800 -0.23614500
vn 0.00000000 -0.97171800 -0.23614500
vn 0.00000000 -0.97171800 -0.23614500
vn 0.00000000 0.28969700 -0.95711800
vn 0.00000000 0.28969700 -0.95711800
vn 0.00000000 0.28969700 -0.95711800
vn 0.00000000 0.28969700 -0.95711800
vn 0.00000000 0.28969700 -0.95711800
vn 0.00000000 0.28969700 -0.95711800
vn 1.00000000 0.00000000 0.00000000
vn 1.00000000 0.00000000 0.00000000
vn 1.00000000 0.00000000 0.00000000
vn 1.00000000 0.00000000 0.00000000
vn 1.00000000 0.00000000 0.00000000
vn 1.00000000 0.00000000 0.00000000
vn 0.00000000 -0.14688100 -0.98915400
vn 0.00000000 -0.14688100 -0.98915400
vn 0.00000000 -0.07364070 -0.99728500
vn 0.00000000 -0.59882800 -0.80087800
vn 0.00000000 -0.59882800 -0.80087800
vn 0.00000000 -0.59882800 -0.80087800
vn 1.00000000 0.00000000 0.00000000
vn 1.00000000 0.00000000 0.00000000
vn 1.00000000 0.00000000 0.00000000
vn 0.00000000 -0.14688200 -0.98915400
vn 0.00000000 -0.14688200 -0.98915400
vn 0.00000000 -0.07364070 -0.99728500
vn 0.00000000 -0.59882700 -0.80087800
vn 0.00000000 -0.59882700 -0.80087800
vn 0.00000000 -0.59882700 -0.80087800
vn 1.00000000 0.00000000 0.00000000
vn 1.00000000 0.00000000 0.00000000
vn 1.00000000 0.00000000 0.00000000
vn 0.00000000 -0.15871400 -0.98732500
vn 0.00000000 -0.15871400 -0.98732500
vn 0.00000000 -0.15871400 -0.98732500
vn 1.00000000 0.00000000 0.00000000
vn 1.00000000 0.00000000 0.00000000
vn 1.00000000 0.00000000 0.00000000
vn 0.00000000 -0.63450400 -0.77291900
vn 0.00000000 -0.63450400 -0.77291900
vn 0.00000000 -0.63450400 -0.77291900
vn 1.00000000 0.00000000 0.00000000
vn 1.00000000 0.00000000 0.00000000
vn 1.00000000 0.00000000 0.00000000
vn 0.00000000 -0.15248900 -0.98830500
vn 0.00000000 -0.15248900 -0.98830500
vn 0.00000000 -0.15248900 -0.98830500
vn 0.00000000 -0.61483000 -0.78866000
vn 0.00000000 -0.61483000 -0.78866000
vn 0.00000000 -0.61483000 -0.78866000
vn 1.00000000 0.00000000 0.00000000
vn 1.00000000 0.00000000 0.00000000
vn 1.00000000 0.00000000 0.00000000
vn 0.00000000 -0.26946800 -0.96300900
vn 0.00000000 -0.26946800 -0.96300900
vn 0.00000000 -0.26946800 -0.96300900
vn 0.00000000 -0.80344300 -0.59538100
vn 0.00000000 -0.80344300 -0.59538100
vn 0.00000000 -0.80344300 -0.59538100
vn 0.00000000 0.23439200 -0.97214200
vn 0.00000000 0.23439200 -0.97214200
vn 0.00000000 0.23439200 -0.97214200
vn 0.00000000 0.23439200 -0.97214200
vn 0.00000000 0.23439200 -0.97214200
vn 0.00000000 0.23439200 -0.97214200
vn 1.00000000 0.00000000 0.00000000
vn 1.00000000 0.00000000 0.00000000
vn 1.00000000 0.00000000 0.00000000
vn -0.00000000 -0.09207550 -0.99575200
vn 0.00000000 0.00000000 -1.00000000
vn -0.00000000 -0.09207550 -0.99575200
vn 1.00000000 0.00000000 0.00000000
vn 1.00000000 0.00000000 0.00000000
vn 1.00000000 0.00000000 0.00000000
vn -0.00000000 -0.18336900 -0.98304400
vn -0.00000000 -0.09207550 -0.99575200
vn -0.00000000 -0.09207550 -0.99575200
vn 1.00000000 0.00000000 0.00000000
vn 1.00000000 0.00000000 0.00000000
vn 1.00000000 0.00000000 0.00000000
vn -0.00000000 -0.09207550 -0.99575200
vn 0.00000000 0.00000000 -1.00000000
vn 0.00000000 0.00000000 -1.00000000
vn 1.00000000 0.00000000 0.00000000
vn 1.00000000 0.00000000 0.00000000
vn 1.00000000 0.00000000 0.00000000
vn 0.00000000 -0.15871400 -0.98732500
vn 0.00000000 -0.15871400 -0.98732500
vn 0.00000000 -0.15871400 -0.98732500
vn 1.00000000 0.00000000 0.00000000
vn 1.00000000 0.00000000 0.00000000
vn 1.00000000 0.00000000 0.00000000
vn 0.00000000 -0.07364070 -0.99728500
vn 0.00000000 0.14504800 -0.98942500
vn 0.00000000 -0.07364070 -0.99728500
vn 1.00000000 0.00000000 0.00000000
vn 1.00000000 0.00000000 0.00000000
vn 1.00000000 0.00000000 0.00000000
vn 0.00000000 -0.14688100 -0.98915400
vn 0.00000000 -0.07364070 -0.99728500
vn 0.00000000 -0.07364070 -0.99728500
vn 1.00000000 0.00000000 0.00000000
vn 1.00000000 0.00000000 0.00000000
vn 1.00000000 0.00000000 0.00000000
vn 0.00000000 -0.07364070 -0.99728500
vn 0.00000000 0.14504800 -0.98942500
vn 0.00000000 0.14504800 -0.98942500
vn 1.00000000 0.00000000 0.00000000
vn 1.00000000 0.00000000 0.00000000
vn 1.00000000 0.00000000 0.00000000
vn 0.00000000 -0.07364070 -0.99728500
vn 0.00000000 0.14504700 -0.98942500
vn 0.00000000 -0.07364070 -0.99728500
vn 1.00000000 0.00000000 0.00000000
vn 1.00000000 0.00000000 0.00000000
vn 1.00000000 0.00000000 0.00000000
vn 0.00000000 -0.14688200 -0.98915400
vn 0.00000000 -0.07364070 -0.99728500
vn 0.00000000 -0.07364070 -0.99728500
vn 1.00000000 0.00000000 0.00000000
vn 1.00000000 0.00000000 0.00000000
vn 1.00000000 0.00000000 0.00000000
vn 0.00000000 -0.07364070 -0.99728500
vn 0.00000000 0.14504700 -0.98942500
vn 0.00000000 0.14504700 -0.98942500
vn 0.00000000 -0.15248900 -0.98830500
vn 0.00000000 -0.15248900 -0.98830500
vn 0.00000000 -0.15248900 -0.98830500
vn 0.00000000 -0.26946800 -0.96300900
vn 0.00000000 -0.26946800 -0.96300900
vn 0.00000000 -0.26946800 -0.96300900
vn 1.00000000 0.00000000 0.00000000
vn 1.00000000 0.00000000 0.00000000
vn 1.00000000 0.00000000 0.00000000
vn 1.00000000 0.00000000 0.00000000
vn 1.00000000 0.00000000 0.00000000
vn 1.00000000 0.00000000 0.00000000
vn 1.00000000 0.00000000 0.00000000
vn 1.00000000 0.00000000 0.00000000
vn 1.00000000 0.00000000 0.00000000
vn 1.00000000 0.00000000 0.00000000
vn 1.00000000 0.00000000 0.00000000
vn 1.00000000 0.00000000 0.00000000
vn 0.96240600 -0.22263000 -0.15560000
vn 0.97639300 -0.16600600 -0.13819600
vn 0.94138700 -0.23557700 -0.24144000
vn 0.96240600 -0.22263000 -0.15560000
vn 0.94138700 -0.23557700 -0.24144000
vn 0.94104100 -0.20950300 -0.26561200
vn -0.00162276 -0.97752500 0.21081500
vn 0.00666158 -0.92317000 0.38433400
vn 0.00666158 -0.92317000 0.38433400
vn 0.95996300 0.22934100 -0.16085500
vn 0.93754500 0.25228100 -0.23950700
vn 0.97640200 0.16585800 -0.13831400
vn 0.93722600 0.23074200 -0.26147000
vn 0.93754500 0.25228100 -0.23950700
vn 0.95996300 0.22934100 -0.16085500
vn -0.00172276 0.97775300 0.20975300
vn 0.00665434 0.92441200 0.38133700
vn 0.00665434 0.92441200 0.38133700
vn 0.75574700 -0.49017300 -0.43425300
vn 0.75575200 -0.49018800 -0.43422900
vn 0.75563900 -0.58760600 -0.28936000
vn 0.73288100 -0.64988300 -0.20134000
vn 0.75563900 -0.58760600 -0.28936000
vn 0.74148800 -0.59754700 -0.30517800
vn 0.75575200 -0.49018800 -0.43422900
vn 0.74148800 -0.59754700 -0.30517800
vn 0.75563900 -0.58760600 -0.28936000
vn 0.75575000 0.49017400 -0.43424900
vn 0.75564200 0.58759800 -0.28936900
vn 0.74156300 0.59741000 -0.30526400
vn 0.73304700 0.64971800 -0.20126600
vn 0.74156300 0.59741000 -0.30526400
vn 0.75564200 0.58759800 -0.28936900
vn 0.75574700 -0.49017300 -0.43425300
vn 0.75574800 -0.37200800 -0.53893900
vn 0.75575100 -0.37200800 -0.53893400
vn 0.97624300 -0.12541400 -0.17669700
vn 0.97639300 -0.16600600 -0.13819600
vn 0.75575100 -0.37200800 -0.53893400
vn 0.75575200 -0.49018800 -0.43422900
vn 0.75574700 -0.49017300 -0.43425300
vn 0.75575000 0.49017400 -0.43424900
vn 0.75575100 0.37200800 -0.53893500
vn 0.75574800 0.37200700 -0.53893900
vn 0.97640200 0.16585800 -0.13831400
vn 0.97624300 0.12541400 -0.17669700
vn 0.74156300 0.59741000 -0.30526400
vn 0.75575000 0.49019300 -0.43422700
vn 0.75575000 0.49017400 -0.43424900
vn 0.75575000 0.49017400 -0.43424900
vn 0.75575000 0.49019300 -0.43422700
vn 0.75575100 0.37200800 -0.53893500
vn 0.75574800 -0.37200800 -0.53893900
vn 0.75574800 -0.23221800 -0.61230800
vn 0.75574800 -0.23221700 -0.61230800
vn 0.97606800 -0.07882350 -0.20268000
vn 0.97624300 -0.12541400 -0.17669700
vn 0.75575100 -0.37200800 -0.53893400
vn 0.75574800 -0.37200800 -0.53893900
vn 0.75574800 -0.23221700 -0.61230800
vn 0.97624300 -0.12541400 -0.17669700
vn 0.75574800 0.37200700 -0.53893900
vn 0.75575100 0.37200800 -0.53893500
vn 0.75574800 0.23221800 -0.61230700
vn 0.97624300 0.12541400 -0.17669700
vn 0.97606800 0.07882350 -0.20268000
vn 0.97624300 0.12541400 -0.17669700
vn 0.75574800 -0.23221800 -0.61230800
vn 0.75574900 -0.07893510 -0.65008700
vn 0.75574900 -0.07893490 -0.65008700
vn 0.97597500 -0.02688970 -0.21621900
vn 0.97606800 -0.07882350 -0.20268000
vn 0.75574800 -0.23221700 -0.61230800
vn 0.75574800 -0.23221800 -0.61230800
vn 0.75574900 -0.07893490 -0.65008700
vn 0.97606800 -0.07882350 -0.20268000
vn 0.75574900 0.07893460 -0.65008700
vn 0.75574800 0.23221800 -0.61230700
vn 0.75574800 0.23221800 -0.61230700
vn 0.97606800 0.07882350 -0.20268000
vn 0.97597500 0.02688970 -0.21621900
vn 0.75574800 0.23221800 -0.61230700
vn 0.75574800 0.23221800 -0.61230700
vn 0.75575100 0.37200800 -0.53893500
vn 0.97606800 0.07882350 -0.20268000
vn 0.75574900 -0.07893510 -0.65008700
vn 0.75574900 0.07893460 -0.65008700
vn 0.75574900 0.07893420 -0.65008700
vn 0.97597500 0.02688970 -0.21621900
vn 0.97597500 -0.02688970 -0.21621900
vn 0.75574900 -0.07893490 -0.65008700
vn 0.75574900 -0.07893510 -0.65008700
vn 0.75574900 0.07893420 -0.65008700
vn 0.97597500 -0.02688970 -0.21621900
vn 0.75574900 0.07893420 -0.65008700
vn 0.75574900 0.07893460 -0.65008700
vn 0.75574800 0.23221800 -0.61230700
vn 0.97597500 0.02688970 -0.21621900
vn 0.71437700 0.64526300 -0.27074100
vn 0.74156300 0.59741000 -0.30526400
vn 0.73304700 0.64971800 -0.20126600
vn -0.00169797 0.99895800 0.04560410
vn -0.00172276 0.97775300 0.20975300
vn 0.73288100 -0.64988300 -0.20134000
vn 0.74148800 -0.59754700 -0.30517800
vn 0.71405800 -0.64557300 -0.27084300
vn -0.00167588 -0.99896200 0.04552120
vn -0.00162276 -0.97752500 0.21081500
vn 1.00000000 0.00000000 0.00000000
vn 1.00000000 0.00000000 0.00000000
vn 1.00000000 0.00000000 0.00000000
vn 1.00000000 0.00000000 0.00000000
vn 1.00000000 0.00000000 0.00000000
vn 1.00000000 0.00000000 0.00000000
vn 1.00000000 0.00000000 0.00000000
vn 1.00000000 0.00000000 0.00000000
vn 1.00000000 0.00000000 0.00000000
vn 1.00000000 0.00000000 0.00000000
vn 1.00000000 0.00000000 0.00000000
vn 1.00000000 0.00000000 0.00000000
vn 1.00000000 0.00000000 0.00000000
vn 1.00000000 0.00000000 0.00000000
vn 1.00000000 0.00000000 0.00000000
vn 1.00000000 0.00000000 0.00000000
vn 1.00000000 0.00000000 0.00000000
vn 1.00000000 0.00000000 0.00000000
vn 1.00000000 0.00000000 0.00000000
vn 1.00000000 0.00000000 0.00000000
vn 1.00000000 0.00000000 0.00000000
vn 1.00000000 0.00000000 0.00000000
vn 1.00000000 0.00000000 0.00000000
vn 1.00000000 0.00000000 0.00000000
vn 1.00000000 0.00000000 0.00000000
vn 1.00000000 0.00000000 0.00000000
vn 1.00000000 0.00000000 0.00000000
vn 1.00000000 0.00000000 0.00000000
vn 1.00000000 0.00000000 0.00000000
vn 1.00000000 0.00000000 0.00000000
vn 1.00000000 0.00000000 0.00000000
vn 1.00000000 0.00000000 0.00000000
vn 1.00000000 0.00000000 0.00000000
vn 1.00000000 0.00000000 0.00000000
vn 1.00000000 0.00000000 0.00000000
vn 1.00000000 0.00000000 0.00000000
vn 1.00000000 0.00000000 0.00000000
vn 1.00000000 0.00000000 0.00000000
vn 1.00000000 0.00000000 0.00000000
vn 1.00000000 0.00000000 0.00000000
vn 1.00000000 0.00000000 0.00000000
vn 1.00000000 0.00000000 0.00000000
vn 1.00000000 0.00000000 0.00000000
vn 1.00000000 0.00000000 0.00000000
vn 1.00000000 0.00000000 0.00000000
vn 1.00000000 0.00000000 0.00000000
vn 1.00000000 0.00000000 0.00000000
vn 1.00000000 0.00000000 0.00000000
vn 1.00000000 0.00000000 0.00000000
vn 1.00000000 0.00000000 0.00000000
vn 1.00000000 0.00000000 0.00000000
vn 1.00000000 0.00000000 0.00000000
vn 1.00000000 0.00000000 0.00000000
vn 1.00000000 0.00000000 0.00000000
vn 1.00000000 0.00000000 0.00000000
vn 1.00000000 0.00000000 0.00000000
vn 1.00000000 0.00000000 0.00000000
vn 1.00000000 0.00000000 0.00000000
vn 1.00000000 0.00000000 0.00000000
vn 1.00000000 0.00000000 0.00000000
vn 1.00000000 0.00000000 0.00000000
vn 1.00000000 0.00000000 0.00000000
vn 1.00000000 0.00000000 0.00000000
vn 1.00000000 0.00000000 0.00000000
vn 1.00000000 0.00000000 0.00000000
vn 1.00000000 0.00000000 0.00000000
vn 1.00000000 0.00000000 0.00000000
vn 1.00000000 0.00000000 0.00000000
vn 1.00000000 0.00000000 0.00000000
vn 1.00000000 0.00000000 0.00000000
vn 1.00000000 0.00000000 0.00000000
vn 1.00000000 0.00000000 0.00000000
vn 1.00000000 0.00000000 0.00000000
vn 1.00000000 0.00000000 0.00000000
vn 1.00000000 0.00000000 0.00000000
vn 1.00000000 0.00000000 0.00000000
vn 1.00000000 0.00000000 0.00000000
vn 1.00000000 0.00000000 0.00000000
vn 1.00000000 0.00000000 0.00000000
vn 1.00000000 0.00000000 0.00000000
vn 1.00000000 0.00000000 0.00000000
vn 1.00000000 0.00000000 0.00000000
vn 1.00000000 0.00000000 0.00000000
vn 1.00000000 0.00000000 0.00000000
vn 1.00000000 0.00000000 0.00000000
vn 1.00000000 0.00000000 0.00000000
vn 1.00000000 0.00000000 0.00000000
vn 1.00000000 0.00000000 0.00000000
vn 1.00000000 0.00000000 0.00000000
vn 1.00000000 0.00000000 0.00000000
vn 1.00000000 0.00000000 0.00000000
vn 1.00000000 0.00000000 0.00000000
vn 1.00000000 0.00000000 0.00000000
vn 1.00000000 0.00000000 0.00000000
vn 1.00000000 0.00000000 0.00000000
vn 1.00000000 0.00000000 0.00000000
vn 1.00000000 0.00000000 0.00000000
vn 1.00000000 0.00000000 0.00000000
vn 1.00000000 0.00000000 0.00000000
vn 1.00000000 0.00000000 0.00000000
vn 1.00000000 0.00000000 0.00000000
vn 1.00000000 0.00000000 0.00000000
vn 1.00000000 0.00000000 0.00000000
vn 1.00000000 0.00000000 0.00000000
vn 1.00000000 0.00000000 0.00000000
vn 1.00000000 0.00000000 0.00000000
vn 1.00000000 0.00000000 0.00000000
vn 1.00000000 0.00000000 0.00000000
vn 1.00000000 0.00000000 0.00000000
vn 1.00000000 0.00000000 0.00000000
vn 1.00000000 0.00000000 0.00000000
vn 1.00000000 0.00000000 0.00000000
vn 1.00000000 0.00000000 0.00000000
vn 1.00000000 0.00000000 0.00000000
vn 1.00000000 0.00000000 0.00000000
vn 1.00000000 0.00000000 0.00000000
vn 1.00000000 0.00000000 0.00000000
vn 1.00000000 0.00000000 0.00000000
vn 1.00000000 0.00000000 0.00000000
vn 1.00000000 0.00000000 0.00000000
vn 1.00000000 0.00000000 0.00000000
vn 1.00000000 0.00000000 0.00000000
vn 1.00000000 0.00000000 0.00000000
vn 1.00000000 0.00000000 0.00000000
vn 1.00000000 0.00000000 0.00000000
vn 1.00000000 0.00000000 0.00000000
vn 1.00000000 0.00000000 0.00000000
vn 1.00000000 0.00000000 0.00000000
vn 1.00000000 0.00000000 0.00000000
vn 1.00000000 0.00000000 0.00000000
vn 1.00000000 0.00000000 0.00000000
vn 1.00000000 0.00000000 0.00000000
vn 1.00000000 0.00000000 0.00000000
vn 1.00000000 0.00000000 0.00000000
vn 1.00000000 0.00000000 0.00000000
vn 1.00000000 0.00000000 0.00000000
vn 1.00000000 0.00000000 0.00000000
vn 1.00000000 0.00000000 0.00000000
vn 1.00000000 0.00000000 0.00000000
vn 1.00000000 0.00000000 0.00000000
vn 1.00000000 0.00000000 0.00000000
vn 1.00000000 0.00000000 0.00000000
vn 1.00000000 0.00000000 0.00000000
vn 1.00000000 0.00000000 0.00000000
vn 1.00000000 0.00000000 0.00000000
vn 1.00000000 0.00000000 0.00000000
vn 1.00000000 0.00000000 0.00000000
vn 1.00000000 0.00000000 0.00000000
vn 1.00000000 0.00000000 0.00000000
vn 1.00000000 0.00000000 0.00000000
vn 1.00000000 0.00000000 0.00000000
vn 1.00000000 0.00000000 0.00000000
vn 1.00000000 0.00000000 0.00000000
vn 1.00000000 0.00000000 0.00000000
vn 1.00000000 0.00000000 0.00000000
vn 1.00000000 0.00000000 0.00000000
vn 1.00000000 0.00000000 0.00000000
vn 1.00000000 0.00000000 0.00000000
vn 1.00000000 0.00000000 0.00000000
vn 1.00000000 0.00000000 0.00000000
vn 1.00000000 0.00000000 0.00000000
vn 1.00000000 0.00000000 0.00000000
vn 1.00000000 0.00000000 0.00000000
vn 1.00000000 0.00000000 0.00000000
vn 1.00000000 0.00000000 0.00000000
vn 1.00000000 0.00000000 0.00000000
vn 1.00000000 0.00000000 0.00000000
vn 1.00000000 0.00000000 0.00000000
vn 1.00000000 0.00000000 0.00000000
vn 1.00000000 0.00000000 0.00000000
vn 1.00000000 0.00000000 0.00000000
vn 1.00000000 0.00000000 0.00000000
vn 1.00000000 0.00000000 0.00000000
vn 1.00000000 0.00000000 0.00000000
vn 1.00000000 0.00000000 0.00000000
vn 1.00000000 0.00000000 0.00000000
vn 1.00000000 0.00000000 0.00000000
vn 1.00000000 0.00000000 0.00000000
vn 1.00000000 0.00000000 0.00000000
vn 1.00000000 0.00000000 0.00000000
vn 1.00000000 0.00000000 0.00000000
vn 1.00000000 0.00000000 0.00000000
vn 1.00000000 0.00000000 0.00000000
vn 1.00000000 0.00000000 0.00000000
vn 1.00000000 0.00000000 0.00000000
vn 1.00000000 0.00000000 0.00000000
vn 1.00000000 0.00000000 0.00000000
vn 1.00000000 0.00000000 0.00000000
vn 1.00000000 0.00000000 0.00000000
vn 1.00000000 0.00000000 0.00000000
vn 1.00000000 0.00000000 0.00000000
vn 1.00000000 0.00000000 0.00000000
vn 1.00000000 0.00000000 0.00000000
vn 1.00000000 0.00000000 0.00000000
vn 1.00000000 0.00000000 0.00000000
vn 1.00000000 0.00000000 0.00000000
vn 1.00000000 0.00000000 0.00000000
vn 1.00000000 0.00000000 0.00000000
vn 1.00000000 0.00000000 0.00000000
vn 1.00000000 0.00000000 0.00000000
vn 1.00000000 0.00000000 0.00000000
vn 1.00000000 0.00000000 0.00000000
vn 1.00000000 0.00000000 0.00000000
vn 1.00000000 0.00000000 0.00000000
vn 1.00000000 0.00000000 0.00000000
vn 1.00000000 0.00000000 0.00000000
vn 1.00000000 0.00000000 0.00000000
vn 1.00000000 0.00000000 0.00000000
vn 1.00000000 0.00000000 0.00000000
vn 1.00000000 0.00000000 0.00000000
vn 1.00000000 0.00000000 0.00000000
vn 1.00000000 0.00000000 0.00000000
vn 1.00000000 0.00000000 0.00000000
vn 1.00000000 0.00000000 0.00000000
vn 1.00000000 0.00000000 0.00000000
vn 1.00000000 0.00000000 0.00000000
vn 1.00000000 0.00000000 0.00000000
vn 1.00000000 0.00000000 0.00000000
vn 1.00000000 0.00000000 0.00000000
vn 1.00000000 0.00000000 0.00000000
vn 1.00000000 0.00000000 0.00000000
vn 1.00000000 0.00000000 0.00000000
vn 1.00000000 0.00000000 0.00000000
vn 1.00000000 0.00000000 0.00000000
vn 1.00000000 0.00000000 0.00000000
vn 1.00000000 0.00000000 0.00000000
vn 1.00000000 0.00000000 0.00000000
vn 1.00000000 0.00000000 0.00000000
vn 1.00000000 0.00000000 0.00000000
vn 1.00000000 0.00000000 0.00000000
vn 1.00000000 0.00000000 0.00000000
vn 1.00000000 0.00000000 0.00000000
vn 1.00000000 0.00000000 0.00000000
vn 1.00000000 0.00000000 0.00000000
vn 1.00000000 0.00000000 0.00000000
vn 1.00000000 0.00000000 0.00000000
vn 1.00000000 0.00000000 0.00000000
vn 1.00000000 0.00000000 0.00000000
vn 1.00000000 0.00000000 0.00000000
vn 1.00000000 0.00000000 0.00000000
vn 1.00000000 0.00000000 0.00000000
vn 1.00000000 0.00000000 0.00000000
vn 1.00000000 0.00000000 0.00000000
vn 1.00000000 0.00000000 0.00000000
vn 1.00000000 0.00000000 0.00000000
vn 1.00000000 0.00000000 0.00000000
vn 1.00000000 0.00000000 0.00000000
vn 1.00000000 0.00000000 0.00000000
vn 1.00000000 0.00000000 0.00000000
vn 1.00000000 0.00000000 0.00000000
vn 1.00000000 0.00000000 0.00000000
vn 1.00000000 0.00000000 0.00000000
vn 1.00000000 0.00000000 0.00000000
vn 1.00000000 0.00000000 0.00000000
vn 1.00000000 0.00000000 0.00000000
vn 1.00000000 0.00000000 0.00000000
vn 1.00000000 0.00000000 0.00000000
vn 1.00000000 0.00000000 0.00000000
vn 1.00000000 0.00000000 0.00000000
vn 1.00000000 0.00000000 0.00000000
vn 1.00000000 0.00000000 0.00000000
vn 1.00000000 0.00000000 0.00000000
vn 1.00000000 0.00000000 0.00000000
vn 1.00000000 0.00000000 0.00000000
vn 1.00000000 0.00000000 0.00000000
vn 1.00000000 0.00000000 0.00000000
vn 1.00000000 0.00000000 0.00000000
vn 1.00000000 0.00000000 0.00000000
vn 1.00000000 0.00000000 0.00000000
vn 1.00000000 0.00000000 0.00000000
vn 1.00000000 0.00000000 0.00000000
vn 1.00000000 0.00000000 0.00000000
vn 1.00000000 0.00000000 0.00000000
vn 1.00000000 0.00000000 0.00000000
vn 1.00000000 0.00000000 0.00000000
vn 1.00000000 0.00000000 0.00000000
vn 1.00000000 0.00000000 0.00000000
vn 1.00000000 0.00000000 0.00000000
vn 1.00000000 0.00000000 0.00000000
vn 1.00000000 0.00000000 0.00000000
vn 1.00000000 0.00000000 0.00000000
vn 1.00000000 0.00000000 0.00000000
vn 1.00000000 0.00000000 0.00000000
vn 1.00000000 0.00000000 0.00000000
vn 1.00000000 0.00000000 0.00000000
vn 1.00000000 0.00000000 0.00000000
vn 1.00000000 0.00000000 0.00000000
vn 1.00000000 0.00000000 0.00000000
vn 1.00000000 0.00000000 0.00000000
vn 1.00000000 0.00000000 0.00000000
vn 1.00000000 0.00000000 0.00000000
vn 1.00000000 0.00000000 0.00000000
vn 1.00000000 0.00000000 0.00000000
vn 1.00000000 0.00000000 0.00000000
vn 1.00000000 0.00000000 0.00000000
vn 1.00000000 0.00000000 0.00000000
vn 1.00000000 0.00000000 0.00000000
vn 1.00000000 0.00000000 0.00000000
vn 1.00000000 0.00000000 0.00000000
vn 1.00000000 0.00000000 0.00000000
vn 1.00000000 0.00000000 0.00000000
vn 1.00000000 0.00000000 0.00000000
vn 1.00000000 0.00000000 0.00000000
vn 1.00000000 0.00000000 0.00000000
vn 1.00000000 0.00000000 0.00000000
vn 1.00000000 0.00000000 0.00000000
vn 1.00000000 0.00000000 0.00000000
vn 1.00000000 0.00000000 0.00000000
vn 1.00000000 0.00000000 0.00000000
vn 1.00000000 0.00000000 0.00000000
vn 1.00000000 0.00000000 0.00000000
vn 1.00000000 0.00000000 0.00000000
vn 1.00000000 0.00000000 0.00000000
vn 1.00000000 0.00000000 0.00000000
vn 1.00000000 0.00000000 0.00000000
vn 1.00000000 0.00000000 0.00000000
vn 1.00000000 0.00000000 0.00000000
vn 1.00000000 0.00000000 0.00000000
vn 1.00000000 0.00000000 0.00000000
vn 1.00000000 0.00000000 0.00000000
vn 1.00000000 0.00000000 0.00000000
vn 1.00000000 0.00000000 0.00000000
vn 1.00000000 0.00000000 0.00000000
vn 1.00000000 0.00000000 0.00000000
vn 1.00000000 0.00000000 0.00000000
vn 1.00000000 0.00000000 0.00000000
vn 1.00000000 0.00000000 0.00000000
vn 1.00000000 0.00000000 0.00000000
vn 1.00000000 0.00000000 0.00000000
vn 1.00000000 0.00000000 0.00000000
vn 1.00000000 0.00000000 0.00000000
vn 1.00000000 0.00000000 0.00000000
vn 1.00000000 0.00000000 0.00000000
vn 1.00000000 0.00000000 0.00000000
vn 1.00000000 0.00000000 0.00000000
vn 1.00000000 0.00000000 0.00000000
vn 1.00000000 0.00000000 0.00000000
vn 1.00000000 0.00000000 0.00000000
vn 1.00000000 0.00000000 0.00000000
vn 1.00000000 0.00000000 0.00000000
vn 1.00000000 0.00000000 0.00000000
vn 1.00000000 0.00000000 0.00000000
vn 1.00000000 0.00000000 0.00000000
vn 1.00000000 0.00000000 0.00000000
vn 1.00000000 0.00000000 0.00000000
vn 1.00000000 0.00000000 0.00000000
vn 1.00000000 0.00000000 0.00000000
vn 1.00000000 0.00000000 0.00000000
vn 1.00000000 0.00000000 0.00000000
vn 1.00000000 0.00000000 0.00000000
vn 1.00000000 0.00000000 0.00000000
vn 1.00000000 0.00000000 0.00000000
vn 1.00000000 0.00000000 0.00000000
vn 1.00000000 0.00000000 0.00000000
vn 1.00000000 0.00000000 0.00000000
vn 1.00000000 0.00000000 0.00000000
vn 1.00000000 0.00000000 0.00000000
vn 1.00000000 0.00000000 0.00000000
vn 1.00000000 0.00000000 0.00000000
vn 1.00000000 0.00000000 0.00000000
vn 1.00000000 0.00000000 0.00000000
vn 1.00000000 0.00000000 0.00000000
vn 1.00000000 0.00000000 0.00000000
vn 1.00000000 0.00000000 0.00000000
vn 1.00000000 0.00000000 0.00000000
vn 1.00000000 0.00000000 0.00000000
vn 1.00000000 0.00000000 0.00000000
vn 1.00000000 0.00000000 0.00000000
vn 1.00000000 0.00000000 0.00000000
vn 1.00000000 0.00000000 0.00000000
vn 1.00000000 0.00000000 0.00000000
vn 1.00000000 0.00000000 0.00000000
vn 1.00000000 0.00000000 0.00000000
vn 1.00000000 0.00000000 0.00000000
vn 1.00000000 0.00000000 0.00000000
vn 1.00000000 0.00000000 0.00000000
vn 1.00000000 0.00000000 0.00000000
vn 1.00000000 0.00000000 0.00000000
vn 1.00000000 0.00000000 0.00000000
vn 1.00000000 0.00000000 0.00000000
vn 1.00000000 0.00000000 0.00000000
vn 1.00000000 0.00000000 0.00000000
vn 1.00000000 0.00000000 0.00000000
vn 1.00000000 0.00000000 0.00000000
vn 1.00000000 0.00000000 0.00000000
vn 1.00000000 0.00000000 0.00000000
vn 1.00000000 0.00000000 0.00000000
vn 1.00000000 0.00000000 0.00000000
vn 1.00000000 0.00000000 0.00000000
vn 1.00000000 0.00000000 0.00000000
vn 1.00000000 0.00000000 0.00000000
vn 1.00000000 0.00000000 0.00000000
vn 1.00000000 0.00000000 0.00000000
vn 1.00000000 0.00000000 0.00000000
vn 1.00000000 0.00000000 0.00000000
vn 1.00000000 0.00000000 0.00000000
vn 1.00000000 0.00000000 0.00000000
vn 1.00000000 0.00000000 0.00000000
vn 1.00000000 0.00000000 0.00000000
vn -0.55557000 0.83147000 0.00000000
vn -0.55557000 0.83147000 0.00000000
vn -0.55557000 0.83147000 0.00000000
vn 0.00000000 -0.00000000 1.00000000
vn 0.00000000 -0.00000000 1.00000000
vn 0.00000000 -0.00000000 1.00000000
vn -0.55557000 0.83147000 0.00000000
vn -0.55557000 0.83147000 0.00000000
vn -0.55557000 0.83147000 0.00000000
vn 0.00000000 -0.00000000 1.00000000
vn 0.00000000 -0.00000000 1.00000000
vn 0.00000000 -0.00000000 1.00000000
vn -0.55557000 -0.83147000 -0.00000000
vn -0.55557000 -0.83147000 -0.00000000
vn -0.55557000 -0.83147000 -0.00000000
vn 0.00000000 -0.00000000 1.00000000
vn 0.00000000 -0.00000000 1.00000000
vn 0.00000000 -0.00000000 1.00000000
vn 0.00000000 -0.00000000 1.00000000
vn 0.00000000 -0.00000000 1.00000000
vn 0.00000000 -0.00000000 1.00000000
vn 0.00000000 -0.00000000 1.00000000
vn 0.00000000 -0.00000000 1.00000000
vn 0.00000000 -0.00000000 1.00000000
vn 0.00000000 -0.00000000 1.00000000
vn 0.00000000 -0.00000000 1.00000000
vn 0.00000000 -0.00000000 1.00000000
vn -0.55557000 -0.83147000 -0.00000000
vn -0.55557000 -0.83147000 -0.00000000
vn -0.55557000 -0.83147000 -0.00000000
vn 0.70710700 -0.00000476 0.70710700
vn 0.70710700 -0.00000469 0.70710700
vn 0.70710700 -0.00000475 0.70710700
vn 0.44536800 -0.89534700 -0.00017194
vn 0.27679000 -0.95964100 -0.04977350
vn 0.27235200 -0.96219700 -0.00053426
vn 0.27235200 -0.96219700 -0.00053426
vn 0.27679000 -0.95964100 -0.04977350
vn 0.70710700 0.00000475 0.70710700
vn 0.70710700 0.00000469 0.70710700
vn 0.70710700 0.00000476 0.70710700
vn 0.30555200 0.95088800 -0.04949740
vn 0.42640000 0.90453500 0.00008338
vn 0.27235200 0.96219700 -0.00053426
vn 0.27235200 0.96219700 -0.00053426
vn 0.30555200 0.95088800 -0.04949740
vn 0.28173100 -0.71820100 -0.63625100
vn 0.24212800 -0.71862000 -0.65188900
vn 0.28341000 -0.84274000 -0.45767800
vn 0.36499300 -0.90066200 -0.23577200
vn 0.28341000 -0.84274000 -0.45767800
vn 0.24567400 -0.85082300 -0.46448200
vn 0.24567400 -0.85082300 -0.46448200
vn 0.28341000 -0.84274000 -0.45767800
vn 0.28341000 0.84274000 -0.45767800
vn 0.23922900 0.71666700 -0.65510100
vn 0.28713200 0.71286200 -0.63983000
vn 0.36499300 0.90066200 -0.23577200
vn 0.22136200 0.85113400 -0.47599300
vn 0.28341000 0.84274000 -0.45767800
vn 0.22136200 0.85113400 -0.47599300
vn 0.28341000 0.84274000 -0.45767800
vn 0.28267100 -0.55327000 -0.78357500
vn 0.28173100 -0.71820100 -0.63625100
vn 0.28713200 0.71286200 -0.63983000
vn 0.23279600 0.50986900 -0.82815400
vn 0.29045500 0.55780500 -0.77748900
vn 0.28713200 0.71286200 -0.63983000
vn 0.28344400 -0.34834600 -0.89348500
vn 0.23452900 -0.50740300 -0.82918000
vn 0.28267100 -0.55327000 -0.78357500
vn 0.28267100 -0.55327000 -0.78357500
vn 0.29045500 0.55780500 -0.77748900
vn 0.28344400 0.34834600 -0.89348500
vn 0.28505400 -0.11896400 -0.95110000
vn 0.22660700 -0.25871400 -0.93899800
vn 0.28344400 -0.34834600 -0.89348500
vn 0.28344400 -0.34834600 -0.89348500
vn 0.28344400 0.34834600 -0.89348500
vn 0.22660700 0.25871400 -0.93899800
vn 0.28505400 0.11896400 -0.95110000
vn 0.28344400 0.34834600 -0.89348500
vn 0.28505400 0.11896400 -0.95110000
vn 0.22184000 0.00000000 -0.97508300
vn 0.28505400 -0.11896400 -0.95110000
vn 0.28505400 -0.11896400 -0.95110000
vn 0.28505400 0.11896400 -0.95110000
vn 0.36499300 -0.90066200 -0.23577200
vn 0.24567400 -0.85082300 -0.46448200
vn 0.40677500 -0.89386300 -0.18853000
vn -0.00167588 -0.99896200 0.04552120
vn 0.00000000 -1.00000000 -0.00000000
vn -0.00167588 -0.99896200 0.04552120
vn -0.00167588 -0.99896200 0.04552120
vn 0.40677500 0.89386300 -0.18853000
vn 0.22136200 0.85113400 -0.47599300
vn 0.36499300 0.90066200 -0.23577200
vn 0.00000000 1.00000000 0.00000000
vn -0.00169797 0.99895800 0.04560410
vn -0.06278570 0.99205200 0.10904600
vn -0.00169797 0.99895800 0.04560410
vn -0.00169797 0.99895800 0.04560410
vn 1.00000000 0.00000000 0.00000000
vn 1.00000000 0.00000000 0.00000000
vn 1.00000000 0.00000000 0.00000000
vn 1.00000000 0.00000000 0.00000000
vn 1.00000000 0.00000000 0.00000000
vn 1.00000000 0.00000000 0.00000000
vn 1.00000000 0.00000000 0.00000000
vn 1.00000000 0.00000000 0.00000000
vn 1.00000000 0.00000000 0.00000000
vn 1.00000000 0.00000000 0.00000000
vn 1.00000000 0.00000000 0.00000000
vn 1.00000000 0.00000000 0.00000000
vn 1.00000000 0.00000000 0.00000000
vn 1.00000000 0.00000000 0.00000000
vn 1.00000000 0.00000000 0.00000000
vn 1.00000000 0.00000000 0.00000000
vn 1.00000000 0.00000000 0.00000000
vn 1.00000000 0.00000000 0.00000000
vn 0.44536800 -0.89534700 -0.00017194
vn 0.41829600 -0.90831000 0.00081191
vn 0.27679000 -0.95964100 -0.04977350
vn 0.44536800 -0.89534700 -0.00017194
vn 0.54338900 -0.83948100 0.00075732
vn 0.41829600 -0.90831000 0.00081191
vn 1.00000000 0.00000000 0.00000000
vn 1.00000000 0.00000000 0.00000000
vn 1.00000000 0.00000000 0.00000000
vn 1.00000000 0.00000000 0.00000000
vn 1.00000000 0.00000000 0.00000000
vn 1.00000000 0.00000000 0.00000000
vn 1.00000000 0.00000000 0.00000000
vn 1.00000000 0.00000000 0.00000000
vn 1.00000000 0.00000000 0.00000000
vn 1.00000000 0.00000000 0.00000000
vn 1.00000000 0.00000000 0.00000000
vn 1.00000000 0.00000000 0.00000000
vn 1.00000000 0.00000000 0.00000000
vn 1.00000000 0.00000000 0.00000000
vn 1.00000000 0.00000000 0.00000000
vn 0.41877000 0.90809300 0.00000000
vn 0.54297200 0.83975100 0.00075105
vn 0.30555200 0.95088800 -0.04949740
vn 1.00000000 0.00000000 0.00000000
vn 1.00000000 0.00000000 0.00000000
vn 1.00000000 0.00000000 0.00000000
vn 0.00000000 0.00000000 -1.00000000
vn 0.01556930 -0.10343900 -0.99451400
vn 0.01556930 -0.10343900 -0.99451400
vn 0.00015896 -0.33422800 -0.94249200
vn 0.01556930 0.10343900 -0.99451400
vn 0.00000000 0.00000000 -1.00000000
vn 0.01556930 0.10343900 -0.99451400
vn 0.00015896 0.33422800 -0.94249200
vn 0.00015896 -0.33422800 -0.94249200
vn -0.03298370 -0.50272300 -0.86381800
vn 0.08069580 -0.69542100 -0.71405700
vn 0.00015896 -0.33422800 -0.94249200
vn 0.00015896 -0.33422800 -0.94249200
vn -0.03298370 0.50272300 -0.86381800
vn 0.00015896 0.33422800 -0.94249200
vn 0.08069580 0.69542100 -0.71405700
vn 0.00015896 0.33422800 -0.94249200
vn 0.00015896 0.33422800 -0.94249200
vn 0.22020000 -0.90106000 -0.37363600
vn 0.08069580 -0.69542100 -0.71405700
vn 0.08069580 -0.69542100 -0.71405700
vn 0.08069580 0.69542100 -0.71405700
vn 0.22020000 0.90106000 -0.37363600
vn 0.08069580 0.69542100 -0.71405700
vn 0.27679000 -0.95964100 -0.04977350
vn 0.22020000 -0.90106000 -0.37363600
vn 0.22020000 -0.90106000 -0.37363600
vn 0.22020000 0.90106000 -0.37363600
vn 0.30555200 0.95088800 -0.04949740
vn 0.22020000 0.90106000 -0.37363600
vn 0.30555200 0.95088800 -0.04949740
vn 0.54297200 0.83975100 0.00075105
vn 0.42640000 0.90453500 0.00008338
vn 0.27937600 -0.20419400 -0.93821900
vn 0.27704700 -0.39047800 -0.87793600
vn 0.29697000 -0.30636600 -0.90440500
vn 0.29701900 -0.12832900 -0.94620900
vn 0.27937600 -0.20419400 -0.93821900
vn 0.29697000 -0.30636600 -0.90440500
vn 0.27937600 -0.20419400 -0.93821900
vn 0.29701900 -0.12832900 -0.94620900
vn 0.27704700 -0.39047800 -0.87793600
vn 0.27652900 -0.55986100 -0.78108100
vn 0.29856600 -0.47602400 -0.82720000
vn 0.29697000 -0.30636600 -0.90440500
vn 0.27704700 -0.39047800 -0.87793600
vn 0.29856600 -0.47602400 -0.82720000
vn 0.27652900 -0.55986100 -0.78108100
vn 0.27796400 -0.70596100 -0.65142600
vn 0.29805500 -0.62795600 -0.71891200
vn 0.29856600 -0.47602400 -0.82720000
vn 0.27652900 -0.55986100 -0.78108100
vn 0.29805500 -0.62795600 -0.71891200
vn 0.27796400 -0.70596100 -0.65142600
vn 0.28095400 -0.82301500 -0.49367100
vn 0.29552300 -0.75607700 -0.58396500
vn 0.29805500 -0.62795600 -0.71891200
vn 0.27796400 -0.70596100 -0.65142600
vn 0.29552300 -0.75607700 -0.58396500
vn 0.29552300 -0.75607700 -0.58396500
vn 0.28095400 -0.82301500 -0.49367100
vn 0.29144900 -0.85545500 -0.42808200
vn 0.28095400 -0.82301500 -0.49367100
vn 0.29144900 -0.85545500 -0.42808200
vn 0.27806400 0.95453100 -0.10747700
vn 0.28109900 0.91181800 -0.29928600
vn 0.29538200 0.93646600 -0.18915800
vn -0.01055320 0.99306600 -0.11708600
vn -0.01126470 0.94758700 -0.31929800
vn 0.29538200 0.93646600 -0.18915800
vn 0.28109900 0.91181800 -0.29928600
vn 0.29125800 0.88374700 -0.36627900
vn 0.28109900 0.91181800 -0.29928600
vn 0.13945100 0.85506000 -0.49942600
vn 0.29125800 0.88374700 -0.36627900
vn -0.01126470 0.94758700 -0.31929800
vn -0.01126470 0.94758700 -0.31929800
vn 0.27655200 0.95697400 0.08786740
vn 0.27806400 0.95453100 -0.10747700
vn 0.29799000 0.95456100 -0.00399658
vn -0.00949723 0.99587600 0.09022340
vn -0.01055320 0.99306600 -0.11708600
vn 0.29799000 0.95456100 -0.00399658
vn 0.27806400 0.95453100 -0.10747700
vn 0.29538200 0.93646600 -0.18915800
vn -0.01055320 0.99306600 -0.11708600
vn 0.27698700 0.91937800 0.27932400
vn 0.27655200 0.95697400 0.08786740
vn 0.29858900 0.93691900 0.18173300
vn -0.00807896 0.95585100 0.29373900
vn -0.00949723 0.99587600 0.09022340
vn 0.29858900 0.93691900 0.18173300
vn 0.27655200 0.95697400 0.08786740
vn 0.29799000 0.95456100 -0.00399658
vn -0.00949723 0.99587600 0.09022340
vn 0.27924700 0.84308600 0.45959400
vn 0.27698700 0.91937800 0.27932400
vn 0.29707500 0.88417200 0.36053500
vn -0.00627365 0.87465100 0.48471300
vn -0.00807896 0.95585100 0.29373900
vn 0.29707500 0.88417200 0.36053500
vn 0.27698700 0.91937800 0.27932400
vn 0.29858900 0.93691900 0.18173300
vn -0.00807896 0.95585100 0.29373900
vn 0.29371300 0.79865100 0.52525200
vn 0.27924700 0.84308600 0.45959400
vn 0.29707500 0.88417200 0.36053500
vn 0.14221700 0.75091100 0.64490900
vn 0.27924700 0.84308600 0.45959400
vn 0.29371300 0.79865100 0.52525200
vn -0.00627365 0.87465100 0.48471300
vn -0.00627365 0.87465100 0.48471300
vn 0.31453100 0.21518500 0.92453500
vn 0.53531000 0.21633800 0.81648100
vn 0.53441500 0.22740900 0.81405500
vn 0.25742000 -0.10367700 0.96072200
vn 0.48550600 -0.04513660 0.87306700
vn 0.53441500 0.22740900 0.81405500
vn 0.33187600 0.42874600 0.84025900
vn 0.31453100 0.21518500 0.92453500
vn 0.31453100 0.21518500 0.92453500
vn 0.31453100 0.21518500 0.92453500
vn 0.54064100 -0.71524800 0.44286300
vn 0.54064100 -0.82692900 0.15458000
vn 0.54064100 -0.82693000 0.15457900
vn 0.14865500 -0.83458700 0.53043900
vn 0.14809500 -0.97179400 0.18353500
vn 0.54064100 -0.71524800 0.44286400
vn 0.54064100 -0.71524800 0.44286300
vn 0.54064100 -0.82693000 0.15457900
vn 0.34238100 -0.55855600 0.75550700
vn 0.54064100 -0.71524800 0.44286300
vn 0.54064100 -0.71524800 0.44286400
vn 0.14865500 -0.83458700 0.53043900
vn 0.14865500 -0.83458700 0.53043900
vn 0.54064100 -0.82692900 0.15458000
vn 0.54064100 -0.82692900 -0.15458000
vn 0.54064100 -0.82692900 -0.15458000
vn 0.14809500 -0.97179400 0.18353500
vn 0.14809500 -0.97179400 -0.18353500
vn 0.54064100 -0.82693000 0.15457900
vn 0.54064100 -0.82692900 0.15458000
vn 0.54064100 -0.82692900 -0.15458000
vn 0.14809500 -0.97179400 0.18353500
vn 0.14809500 -0.97179400 0.18353500
vn 0.54064100 -0.82692900 -0.15458000
vn 0.54064200 -0.71524700 -0.44286300
vn 0.54064300 -0.71524800 -0.44286100
vn 0.14809500 -0.97179400 -0.18353500
vn 0.14865500 -0.83458700 -0.53043900
vn 0.54064100 -0.82692900 -0.15458000
vn 0.54064300 -0.71524800 -0.44286100
vn 0.54064100 -0.82692900 -0.15458000
vn 0.14809500 -0.97179400 -0.18353500
vn 0.54064200 -0.71524700 -0.44286300
vn 0.54064000 -0.50696800 -0.67133600
vn 0.54064300 -0.71524800 -0.44286100
vn 0.54064200 -0.71524700 -0.44286300
vn 0.34238100 -0.55855600 -0.75550700
vn 0.54064000 -0.50696800 -0.67133600
vn 0.14865500 -0.83458700 -0.53043900
vn 0.14865500 -0.83458700 -0.53043900
vn 0.53441400 0.22741000 -0.81405600
vn 0.53531000 0.21633800 -0.81648100
vn 0.31453200 0.21518500 -0.92453500
vn 0.25742000 -0.10367700 -0.96072200
vn 0.49732100 0.01188680 -0.86748500
vn 0.31453200 0.21518500 -0.92453500
vn 0.54064300 0.37497800 -0.75305800
vn 0.53441400 0.22741000 -0.81405600
vn 0.33187600 0.42874600 -0.84025900
vn 0.54064300 0.37497800 -0.75305800
vn 0.31453200 0.21518500 -0.92453500
vn 0.31453200 0.21518500 -0.92453500
vn 0.31453200 0.21518500 -0.92453500
vn 0.54064100 -0.73986000 0.40039200
vn 0.54064000 -0.79567300 0.27315500
vn 0.54064000 -0.79567300 0.27315500
vn 0.13181500 -0.86290100 0.48788000
vn 0.07914410 -0.88894500 0.45112500
vn 0.14312600 -0.93364200 0.32837100
vn 0.54064100 -0.73986000 0.40039200
vn 0.54064000 -0.79567300 0.27315500
vn 0.54064100 -0.73986000 0.40039200
vn 0.33277500 -0.73684100 0.58849500
vn 0.54064100 -0.73986000 0.40039200
vn 0.54064100 -0.73986000 0.40039200
vn 0.13181500 -0.86290100 0.48788000
vn 0.08812430 -0.80877500 0.58147800
vn 0.13181500 -0.86290100 0.48788000
vn 0.54064100 0.73986000 0.40039200
vn 0.54064000 0.79567300 0.27315500
vn 0.54064100 0.73986000 0.40039200
vn 0.14312600 0.93364200 0.32837100
vn 0.07914410 0.88894500 0.45112500
vn 0.13181500 0.86290100 0.48788000
vn 0.54064100 0.73986000 0.40039200
vn 0.54064100 0.73986000 0.40039200
vn 0.54064200 0.66386700 0.51670800
vn 0.54064200 0.66386700 0.51670800
vn 0.54064100 0.73986000 0.40039200
vn 0.33277500 0.73684100 0.58849500
vn 0.13181500 0.86290100 0.48788000
vn 0.08812430 0.80877500 0.58147800
vn 0.13181500 0.86290100 0.48788000
vn 0.54064000 -0.79567300 0.27315500
vn 0.54064000 -0.82978000 0.13846600
vn 0.54064000 -0.82978000 0.13846600
vn 0.14312600 -0.93364200 0.32837100
vn 0.07272200 -0.94697700 0.31296400
vn 0.14421100 -0.97683400 0.15811200
vn 0.54064000 -0.79567300 0.27315500
vn 0.54064000 -0.82978000 0.13846600
vn 0.54064000 -0.79567300 0.27315500
vn 0.14312600 -0.93364200 0.32837100
vn 0.54064000 0.79567300 0.27315500
vn 0.54064000 0.82978000 0.13846600
vn 0.54064000 0.79567300 0.27315500
vn 0.14421100 0.97683400 0.15811200
vn 0.07272200 0.94697700 0.31296400
vn 0.14312600 0.93364200 0.32837100
vn 0.54064000 0.79567300 0.27315500
vn 0.54064000 0.79567300 0.27315500
vn 0.54064100 0.73986000 0.40039200
vn 0.14312600 0.93364200 0.32837100
vn 0.54064000 -0.82978000 0.13846600
vn 0.54064000 -0.84125400 -0.00000001
vn 0.54064000 -0.84125400 -0.00000002
vn 0.14421100 -0.97683400 0.15811200
vn 0.07754830 -0.99670700 0.02368140
vn 0.13472300 -0.99074100 -0.01678800
vn 0.54064000 -0.82978000 0.13846600
vn 0.54064000 -0.84125400 -0.00000002
vn 0.54064000 -0.82978000 0.13846600
vn 0.14421100 -0.97683400 0.15811200
vn 0.07192380 -0.98247600 0.17195200
vn 0.14421100 -0.97683400 0.15811200
vn 0.54064000 0.82978000 0.13846500
vn 0.54064000 0.84125400 0.00000014
vn 0.54064000 0.82978000 0.13846600
vn 0.13472300 0.99074100 -0.01678800
vn 0.07754830 0.99670700 0.02368140
vn 0.14421100 0.97683400 0.15811200
vn 0.54064000 0.82978000 0.13846500
vn 0.54064000 0.82978000 0.13846600
vn 0.54064000 0.79567300 0.27315500
vn 0.14421100 0.97683400 0.15811200
vn 0.07192380 0.98247600 0.17195200
vn 0.14421100 0.97683400 0.15811200
vn 0.54064000 -0.84125400 -0.00000001
vn 0.54064000 -0.82978000 -0.13846500
vn 0.54064000 -0.84125400 -0.00000002
vn 0.54064000 -0.84125400 -0.00000001
vn 0.33441900 -0.92758900 -0.16656000
vn 0.54064000 -0.82978000 -0.13846500
vn 0.13472300 -0.99074100 -0.01678800
vn 0.08629720 -0.98794200 -0.12854200
vn 0.13472300 -0.99074100 -0.01678800
vn 0.54064000 0.84125400 0.00000015
vn 0.54064000 0.84125400 0.00000014
vn 0.54064000 0.82978000 0.13846500
vn 0.54064000 0.84125400 0.00000014
vn 0.54064000 0.84125400 0.00000015
vn 0.33441900 0.92758900 -0.16656000
vn 0.13472300 0.99074100 -0.01678800
vn 0.08629720 0.98794200 -0.12854200
vn 0.13472300 0.99074100 -0.01678800
vn -0.83147000 0.55557000 0.00000000
vn -0.83147000 0.55557000 0.00000000
vn -0.83147000 0.55557000 0.00000000
vn -0.83147000 0.55557000 0.00000000
vn -0.83147000 0.55557000 0.00000000
vn -0.83147000 0.55557000 0.00000000
vn 0.00000000 -0.00000000 1.00000000
vn 0.00000000 -0.00000000 1.00000000
vn 0.00000000 -0.00000000 1.00000000
vn 0.00000000 -0.00000000 1.00000000
vn 0.00000000 -0.00000000 1.00000000
vn 0.00000000 -0.00000000 1.00000000
vn -0.83147000 -0.55557000 -0.00000000
vn -0.83147000 -0.55557000 -0.00000000
vn -0.83147000 -0.55557000 -0.00000000
vn 0.00000000 -0.00000000 1.00000000
vn 0.00000000 -0.00000000 1.00000000
vn 0.00000000 -0.00000000 1.00000000
vn 0.00000000 -0.00000000 1.00000000
vn 0.00000000 -0.00000000 1.00000000
vn 0.00000000 -0.00000000 1.00000000
vn 0.00000000 -0.00000000 1.00000000
vn 0.00000000 -0.00000000 1.00000000
vn 0.00000000 -0.00000000 1.00000000
vn 0.00000000 -0.00000000 1.00000000
vn 0.00000000 -0.00000000 1.00000000
vn 0.00000000 -0.00000000 1.00000000
vn -0.83147000 -0.55557000 -0.00000000
vn -0.83147000 -0.55557000 -0.00000000
vn -0.83147000 -0.55557000 -0.00000000
vn 0.54472200 -0.83861700 -0.00000227
vn 0.54338900 -0.83948100 0.00075732
vn 0.44536800 -0.89534700 -0.00017194
vn 0.24567400 -0.85082300 -0.46448200
vn 0.30015400 -0.75207000 -0.58677000
vn 0.20898900 -0.85597700 -0.47289300
vn 0.24567400 -0.85082300 -0.46448200
vn 0.54297200 0.83975100 0.00075105
vn 0.50586000 0.86261500 0.00007247
vn 0.42640000 0.90453500 0.00008338
vn 0.22136200 0.85113400 -0.47599300
vn 0.11007500 0.83274800 -0.54259900
vn 0.70157300 -0.12488200 0.70157000
vn 0.48550600 -0.04513660 0.87306700
vn 0.70638800 -0.04512560 0.70638500
vn 0.56682300 -0.09360210 0.81850500
vn 0.70638800 -0.04512560 0.70638500
vn 0.48550600 -0.04513660 0.87306700
vn 0.56682300 -0.09360210 0.81850500
vn 0.48550600 -0.04513660 0.87306700
vn 0.29594500 -0.09340610 0.95062700
vn 0.48550600 -0.04513660 0.87306700
vn 0.70157300 -0.12488200 -0.70157000
vn 0.72725000 -0.04677160 -0.68477800
vn 0.49732100 0.01188680 -0.86748500
vn 0.49732100 0.01188680 -0.86748500
vn 0.72725000 -0.04677160 -0.68477800
vn 0.61280800 0.04323980 -0.78904800
vn 0.49732100 0.01188680 -0.86748500
vn 0.49732100 0.01188680 -0.86748500
vn 0.74938800 -0.09522550 -0.65524800
vn 0.75574900 -0.21418500 -0.61884400
vn 0.75574900 -0.21418500 -0.61884500
vn 0.75574700 -0.09257510 -0.64828700
vn 0.71417100 -0.04818620 -0.69831100
vn 0.74938800 -0.09522550 -0.65524800
vn 0.74938800 -0.09522550 -0.65524800
vn 0.71417100 -0.04818620 -0.69831100
vn 0.49416500 -0.07948920 -0.86572700
vn 0.75574700 -0.09257510 -0.64828700
vn 0.74938800 -0.09522550 -0.65524800
vn 0.75574900 -0.21418500 -0.61884500
vn 0.29701900 -0.12832900 -0.94620900
vn 0.75575000 0.27203900 -0.59568200
vn 0.75574900 0.15438900 -0.63640200
vn 0.75575000 0.15438900 -0.63640100
vn 0.28441000 0.40713100 -0.86796100
vn 0.28475300 0.23734900 -0.92875200
vn 0.75574900 0.15438900 -0.63640200
vn 0.75574700 0.02963870 -0.65419300
vn 0.75575000 0.15438900 -0.63640100
vn 0.75574900 0.15438900 -0.63640200
vn 0.75574700 0.02963870 -0.65419300
vn 0.28475300 0.23734900 -0.92875200
vn 0.28475300 0.23734900 -0.92875200
vn 0.75574900 -0.21418500 -0.61884400
vn 0.75574900 -0.32743000 -0.56712600
vn 0.75574900 -0.32743000 -0.56712600
vn 0.75574900 -0.21418500 -0.61884500
vn 0.75574900 -0.21418500 -0.61884400
vn 0.75574900 -0.32743000 -0.56712600
vn 0.75575000 0.37985700 -0.53343400
vn 0.75575000 0.27203900 -0.59568200
vn 0.75575000 0.27203900 -0.59568200
vn 0.28338900 0.55235200 -0.78396300
vn 0.28441000 0.40713100 -0.86796100
vn 0.75575000 0.27203900 -0.59568200
vn 0.75575000 0.27203900 -0.59568200
vn 0.75575000 0.15438900 -0.63640100
vn 0.75574900 -0.32743000 -0.56712600
vn 0.75575000 -0.42884200 -0.49491100
vn 0.75575000 -0.42884200 -0.49491100
vn 0.75574900 -0.32743000 -0.56712600
vn 0.75574900 -0.32743000 -0.56712600
vn 0.75575000 -0.42884200 -0.49491100
vn 0.75575000 0.47394500 -0.45190500
vn 0.75575000 0.37985700 -0.53343400
vn 0.75575000 0.37985600 -0.53343400
vn 0.28327800 0.68705200 -0.66911400
vn 0.13986900 0.57715200 -0.80457000
vn 0.28338900 0.55235200 -0.78396300
vn 0.75575000 0.37985600 -0.53343400
vn 0.75575000 0.37985700 -0.53343400
vn 0.75575000 0.27203900 -0.59568200
vn 0.28338900 0.55235200 -0.78396300
vn 0.75575000 -0.42884200 -0.49491100
vn 0.75575000 -0.51475500 -0.40480800
vn 0.75575000 -0.51475500 -0.40480800
vn 0.75575000 -0.42884200 -0.49491100
vn 0.75575000 -0.42884200 -0.49491100
vn 0.75575000 -0.51475500 -0.40480800
vn 0.75575000 0.55090400 -0.35404400
vn 0.75575000 0.47394500 -0.45190500
vn 0.75575000 0.47394500 -0.45190500
vn 0.28665500 0.79920000 -0.52830600
vn 0.14055700 0.73265000 -0.66593300
vn 0.28327800 0.68705200 -0.66911400
vn 0.75575000 0.47394500 -0.45190500
vn 0.75575000 0.47394500 -0.45190500
vn 0.75575000 0.37985600 -0.53343400
vn 0.28327800 0.68705200 -0.66911400
vn 0.75575000 -0.51475500 -0.40480800
vn 0.75575000 -0.58206300 -0.30007500
vn 0.75575000 -0.58206300 -0.30007500
vn 0.75575000 -0.51475500 -0.40480800
vn 0.75575000 -0.51475500 -0.40480800
vn 0.75575000 -0.58206300 -0.30007500
vn 0.75575000 0.60795100 -0.24338700
vn 0.75575000 0.55090400 -0.35404400
vn 0.75575000 0.55090400 -0.35404400
vn 0.29125800 0.88374700 -0.36627900
vn 0.28665500 0.79920000 -0.52830600
vn 0.75575000 0.55090400 -0.35404400
vn 0.75575000 0.55090400 -0.35404400
vn 0.75575000 0.47394500 -0.45190500
vn 0.28665500 0.79920000 -0.52830600
vn 0.75575000 -0.58206300 -0.30007500
vn 0.75574900 -0.62833400 -0.18449600
vn 0.75575000 -0.62833400 -0.18449600
vn 0.29144900 -0.85545500 -0.42808200
vn 0.28683700 -0.92258700 -0.25799000
vn 0.75575000 -0.58206300 -0.30007500
vn 0.75575000 -0.58206300 -0.30007500
vn 0.75575000 -0.62833400 -0.18449600
vn 0.75574900 0.64302700 -0.12393300
vn 0.75575000 0.60795100 -0.24338700
vn 0.75575000 0.60795100 -0.24338700
vn 0.75575000 0.60795100 -0.24338700
vn 0.75575000 0.60795100 -0.24338700
vn 0.75575000 0.55090400 -0.35404400
vn 0.75574900 -0.62833400 -0.18449600
vn 0.75574900 -0.65189600 -0.06224880
vn 0.75574900 -0.65189600 -0.06224820
vn 0.28683700 -0.92258700 -0.25799000
vn 0.28336700 -0.95559300 -0.08090500
vn 0.75575000 -0.62833400 -0.18449600
vn 0.75574900 -0.62833400 -0.18449600
vn 0.75574900 -0.65189600 -0.06224820
vn 0.28683700 -0.92258700 -0.25799000
vn 0.75574900 0.65486100 0.00000004
vn 0.75574900 0.64302700 -0.12393300
vn 0.75574900 0.64302700 -0.12393300
vn 0.75574900 0.64302700 -0.12393300
vn 0.75574900 0.64302700 -0.12393300
vn 0.75575000 0.60795100 -0.24338700
vn 0.75574900 -0.65189600 -0.06224880
vn 0.75574900 -0.65189600 0.06224830
vn 0.75574900 -0.65189600 0.06224830
vn 0.28336700 -0.95559300 -0.08090500
vn 0.14092600 -0.98593400 0.08985140
vn 0.28328400 -0.95419700 0.09622420
vn 0.75574900 -0.65189600 -0.06224820
vn 0.75574900 -0.65189600 -0.06224880
vn 0.75574900 -0.65189600 0.06224830
vn 0.28336700 -0.95559300 -0.08090500
vn 0.75575000 0.64302600 0.12393300
vn 0.75574900 0.65486100 0.00000004
vn 0.75574900 0.65486100 0.00000001
vn 0.75574900 0.65486100 0.00000001
vn 0.75574900 0.65486100 0.00000004
vn 0.75574900 0.64302700 -0.12393300
vn 0.75574900 -0.65189600 0.06224830
vn 0.75575000 -0.62833400 0.18449500
vn 0.75575000 -0.62833300 0.18449600
vn 0.28328400 -0.95419700 0.09622420
vn 0.14184400 -0.94612700 0.29107300
vn 0.28412600 -0.92251300 0.26123100
vn 0.75574900 -0.65189600 0.06224830
vn 0.75574900 -0.65189600 0.06224830
vn 0.75575000 -0.62833300 0.18449600
vn 0.28328400 -0.95419700 0.09622420
vn 0.75575000 0.60795100 0.24338700
vn 0.75575000 0.64302600 0.12393300
vn 0.75575000 0.64302600 0.12393300
vn 0.75575000 0.64302600 0.12393300
vn 0.75575000 0.64302600 0.12393300
vn 0.75574900 0.65486100 0.00000001
vn 0.75575000 -0.62833400 0.18449500
vn 0.75575000 -0.58206400 0.30007400
vn 0.75575000 -0.58206300 0.30007500
vn 0.28412600 -0.92251300 0.26123100
vn 0.28460700 -0.85733200 0.42892900
vn 0.75575000 -0.62833300 0.18449600
vn 0.75575000 -0.62833400 0.18449500
vn 0.75575000 -0.58206300 0.30007500
vn 0.75575000 0.55090400 0.35404400
vn 0.75575000 0.60795100 0.24338700
vn 0.75575000 0.60795100 0.24338700
vn 0.75575000 0.60795100 0.24338700
vn 0.75575000 0.60795100 0.24338700
vn 0.75575000 0.64302600 0.12393300
vn 0.75575000 -0.58206400 0.30007400
vn 0.75574900 -0.51475500 0.40480800
vn 0.75575000 -0.51475500 0.40480800
vn 0.28460700 -0.85733200 0.42892900
vn 0.14287700 -0.86415100 0.48252400
vn 0.28883000 -0.76010900 0.58207500
vn 0.75575000 -0.58206300 0.30007500
vn 0.75575000 -0.58206400 0.30007400
vn 0.75575000 -0.51475500 0.40480800
vn 0.28460700 -0.85733200 0.42892900
vn 0.75000100 0.47766500 0.45753000
vn 0.75575000 0.55090400 0.35404400
vn 0.75574900 0.55090400 0.35404500
vn 0.29072400 0.68496200 0.66806200
vn 0.29371300 0.79865100 0.52525200
vn 0.75574900 0.55090400 0.35404500
vn 0.75575000 0.55090400 0.35404400
vn 0.75575000 0.60795100 0.24338700
vn 0.75574900 -0.51475500 0.40480800
vn 0.75574700 -0.43017500 0.49375800
vn 0.75575000 -0.51475500 0.40480800
vn 0.75574900 -0.51475500 0.40480800
vn 0.60497900 -0.52169400 0.60152800
vn 0.75574700 -0.43017500 0.49375800
vn 0.28883000 -0.76010900 0.58207500
vn 0.14187500 -0.74437000 0.65252200
vn 0.28883000 -0.76010900 0.58207500
vn 0.75574600 0.47233100 0.45359800
vn 0.75000100 0.47766500 0.45753000
vn 0.75574900 0.55090400 0.35404500
vn 0.75574600 0.47233100 0.45359800
vn 0.86544900 0.29776600 0.40290600
vn 0.75000100 0.47766500 0.45753000
vn 0.13587500 0.61153300 0.77946500
vn 0.29072400 0.68496200 0.66806200
vn 0.29072400 0.68496200 0.66806200
vn 0.50073300 0.53139700 0.68328900
vn 0.75000100 0.47766500 0.45753000
vn 0.28238300 0.37419500 0.88331100
vn 0.14307000 0.40041400 0.90509600
vn 0.28316400 0.47290400 0.83437400
vn 0.75575100 0.25937600 0.60130200
vn 0.75356000 0.33302100 0.56678500
vn 0.89838500 0.22058300 0.37980000
vn 0.14262500 0.50522800 0.85111900
vn 0.28316400 0.47290400 0.83437400
vn 0.61217300 0.45458600 0.64698900
vn 0.28316400 0.47290400 0.83437400
vn 0.75356000 0.33302100 0.56678500
vn 0.75356000 0.33302100 0.56678500
vn 0.75575000 -0.32743000 0.56712600
vn 0.75575100 -0.25937600 0.60130200
vn 0.75575100 -0.25937700 0.60130200
vn 0.28316400 -0.47290400 0.83437400
vn 0.14307000 -0.40041400 0.90509600
vn 0.28238300 -0.37419500 0.88331100
vn 0.75347700 -0.32911300 0.56917200
vn 0.75575000 -0.32743000 0.56712600
vn 0.75575100 -0.25937700 0.60130200
vn 0.61556000 -0.45631300 0.64254500
vn 0.75575000 -0.32743000 0.56712600
vn 0.75347700 -0.32911300 0.56917200
vn 0.28316400 -0.47290400 0.83437400
vn 0.14262500 -0.50522800 0.85111900
vn 0.28316400 -0.47290400 0.83437400
vn 0.75575100 0.25937600 0.60130200
vn 0.75575100 0.25937600 0.60130200
vn 0.75575400 0.18781500 0.62734500
vn 0.28238300 0.37419500 0.88331100
vn 0.28186600 0.27062700 0.92049600
vn 0.14332800 0.29014300 0.94618900
vn 0.75575100 0.25937600 0.60130200
vn 0.75575100 0.25937600 0.60130200
vn 0.28238300 0.37419500 0.88331100
vn 0.75575100 -0.25937600 0.60130200
vn 0.75575400 -0.18781400 0.62734500
vn 0.75575400 -0.18781400 0.62734500
vn 0.28238300 -0.37419500 0.88331100
vn 0.14332800 -0.29014300 0.94618900
vn 0.28186600 -0.27062700 0.92049600
vn 0.75575100 -0.25937700 0.60130200
vn 0.75575100 -0.25937600 0.60130200
vn 0.75575400 -0.18781400 0.62734500
vn 0.28238300 -0.37419500 0.88331100
vn 0.75575400 0.18781500 0.62734500
vn 0.75575400 0.18781500 0.62734500
vn 0.75575000 0.11386500 0.64488500
vn 0.14342000 0.17571000 0.97393900
vn 0.28186600 0.27062700 0.92049600
vn 0.28179300 0.16360700 0.94542400
vn 0.75575100 0.25937600 0.60130200
vn 0.75575400 0.18781500 0.62734500
vn 0.75575400 0.18781500 0.62734500
vn 0.28186600 0.27062700 0.92049600
vn 0.75575400 -0.18781400 0.62734500
vn 0.75574900 -0.11386500 0.64488600
vn 0.75575000 -0.11385700 0.64488700
vn 0.28186600 -0.27062700 0.92049600
vn 0.14342000 -0.17571000 0.97393900
vn 0.28179300 -0.16360700 0.94542400
vn 0.75575400 -0.18781400 0.62734500
vn 0.75575400 -0.18781400 0.62734500
vn 0.75575000 -0.11385700 0.64488700
vn 0.28186600 -0.27062700 0.92049600
vn 0.75575000 0.11386500 0.64488500
vn 0.75574900 0.11385700 0.64488700
vn 0.75574600 0.03821140 0.65374900
vn 0.14328200 0.05814620 0.98797200
vn 0.28179300 0.16360700 0.94542400
vn 0.28174200 0.05601260 0.95785400
vn 0.75575400 0.18781500 0.62734500
vn 0.75574900 0.11385700 0.64488700
vn 0.75575000 0.11386500 0.64488500
vn 0.28179300 0.16360700 0.94542400
vn 0.75574900 -0.11386500 0.64488600
vn 0.75574600 -0.03821190 0.65374900
vn 0.75574600 -0.03823660 0.65374700
vn 0.14328200 -0.05814620 0.98797200
vn 0.28174200 -0.05601260 0.95785400
vn 0.28179300 -0.16360700 0.94542400
vn 0.75574900 -0.11386500 0.64488600
vn 0.75574600 -0.03823660 0.65374700
vn 0.75575000 -0.11385700 0.64488700
vn 0.28179300 -0.16360700 0.94542400
vn 0.75574600 0.03821140 0.65374900
vn 0.75574600 0.03823620 0.65374800
vn 0.75574600 -0.03821190 0.65374900
vn 0.28174200 0.05601260 0.95785400
vn 0.28174200 -0.05601260 0.95785400
vn 0.75574900 0.11385700 0.64488700
vn 0.75574600 0.03823620 0.65374800
vn 0.75574600 0.03821140 0.65374900
vn 0.28174200 0.05601260 0.95785400
vn 0.75574600 -0.03823660 0.65374700
vn 0.75574600 -0.03821190 0.65374900
vn 0.75574600 0.03823620 0.65374800
vn 0.56150300 0.82747500 0.00001876
vn 0.50586000 0.86261500 0.00007247
vn 0.54297200 0.83975100 0.00075105
vn 0.11007500 0.83274800 -0.54259900
vn 0.44965600 0.71133800 -0.54019200
vn 0.30456200 0.74427100 -0.59439300
vn 0.11007500 0.83274800 -0.54259900
vn 0.90526600 0.13558100 0.40263000
vn 0.90963200 0.18516700 0.37186500
vn 0.90397400 0.14897600 0.40079600
vn 0.53441500 0.22740900 0.81405500
vn 0.54064400 0.37497900 0.75305700
vn 0.90397400 0.14897600 0.40079600
vn 0.89589900 0.21012100 0.39142600
vn 0.90526600 0.13558100 0.40263000
vn 0.54063900 -0.20651600 0.81551200
vn 0.56682300 -0.09360210 0.81850500
vn 0.90963300 -0.10197800 0.40270200
vn 0.96816200 -0.06147480 0.24265700
vn 0.90929600 -0.06135740 0.41160100
vn 0.97014200 -0.02992920 0.24068300
vn 0.95328600 -0.03435330 0.30010900
vn 0.90929600 -0.06135740 0.41160100
vn 0.90929600 -0.06135740 0.41160100
vn 0.54063900 0.20651500 0.81551300
vn 0.30867100 0.22888700 0.92321900
vn 0.56682200 0.09360300 0.81850500
vn 0.97014200 0.02992900 0.24068300
vn 0.90963200 0.10197800 0.40270200
vn 0.90929600 0.06135710 0.41160200
vn 0.56682200 0.09360300 0.81850500
vn 0.49485100 -0.04137950 0.86799200
vn 0.70691800 -0.02319110 0.70691500
vn 0.90929600 0.06135710 0.41160200
vn 0.94610200 -0.02514640 0.32289200
vn 0.56682200 0.09360300 0.81850500
vn 0.29594500 0.09340650 0.95062700
vn 0.56682200 0.09360300 0.81850500
vn 0.54064000 -0.50696800 0.67133600
vn 0.58110000 -0.24258100 0.77683800
vn 0.32523500 -0.26469700 0.90783100
vn 0.90963200 -0.25034300 0.33150800
vn 0.96472000 -0.15894000 0.20988800
vn 0.90865500 -0.15812900 0.38644800
vn 0.58110000 -0.24258100 0.77683800
vn 0.70691800 -0.02319110 0.70691500
vn 0.94610200 -0.02514640 0.32289200
vn 0.90865500 -0.15812900 0.38644800
vn 0.96793700 -0.07711650 0.23906300
vn 0.58110000 -0.24258100 0.77683800
vn 0.90865500 -0.15812900 0.38644800
vn 0.90963200 0.18516700 0.37186500
vn 0.90963200 0.30699600 0.27986400
vn 0.90963200 0.18516700 0.37186500
vn 0.54064300 0.62169300 0.56674800
vn 0.32914800 0.70233000 0.63118400
vn 0.54064400 0.37497900 0.75305700
vn 0.90526600 0.13558100 0.40263000
vn 0.90963200 0.18516700 0.37186500
vn 0.90963200 0.18516700 0.37186500
vn 0.54064400 0.37497900 0.75305700
vn 0.30867100 -0.22888800 0.92321900
vn 0.54064300 -0.33792700 0.77039700
vn 0.54063900 -0.20651600 0.81551200
vn 0.90963200 -0.16687000 0.38042600
vn 0.96816200 -0.10059200 0.22922400
vn 0.90963300 -0.10197800 0.40270200
vn 0.54063900 -0.20651600 0.81551200
vn 0.90963300 -0.10197800 0.40270200
vn 0.54064300 0.33792800 0.77039600
vn 0.31235100 0.37457700 0.87300000
vn 0.54063900 0.20651500 0.81551300
vn 0.96816300 0.06147490 0.24265700
vn 0.90963200 0.16687000 0.38042500
vn 0.90963200 0.10197800 0.40270200
vn 0.54063900 0.20651500 0.81551300
vn 0.90963200 0.10197800 0.40270200
vn 0.54064100 -0.71524800 0.44286400
vn 0.54064000 -0.50696800 0.67133600
vn 0.90963200 -0.35319200 0.21868800
vn 0.96445400 -0.22533000 0.13804000
vn 0.90963200 -0.25034300 0.33150800
vn 0.54064000 -0.50696800 0.67133600
vn 0.90963200 -0.25034300 0.33150800
vn 0.90963200 0.30699600 0.27986400
vn 0.90963200 0.38736300 0.15006500
vn 0.90963200 0.30699600 0.27986400
vn 0.54064200 0.78444500 0.30389600
vn 0.32741500 0.88233700 0.33805600
vn 0.54064300 0.62169300 0.56674800
vn 0.90963200 0.30699600 0.27986400
vn 0.90963200 0.30699600 0.27986400
vn 0.90963200 0.18516700 0.37186500
vn 0.54064300 0.62169300 0.56674800
vn 0.90963200 -0.35319200 0.21868800
vn 0.90963200 -0.40834200 0.07633190
vn 0.90963200 -0.40834200 0.07633250
vn 0.90963200 -0.40834200 0.07633250
vn 0.90963200 -0.35319200 0.21868800
vn 0.31235100 -0.37457700 0.87300000
vn 0.54063800 -0.46012400 0.70427000
vn 0.54064300 -0.33792700 0.77039700
vn 0.90963200 -0.22721000 0.34777100
vn 0.96816100 -0.13696500 0.20953400
vn 0.90963200 -0.16687000 0.38042600
vn 0.54064300 -0.33792700 0.77039700
vn 0.90963200 -0.16687000 0.38042600
vn 0.54063800 0.46012300 0.70427100
vn 0.31777200 0.51013400 0.79924000
vn 0.54064300 0.33792800 0.77039600
vn 0.96816200 0.10059200 0.22922400
vn 0.90963200 0.22721000 0.34777100
vn 0.90963200 0.16687000 0.38042500
vn 0.54064300 0.33792800 0.77039600
vn 0.90963200 0.16687000 0.38042500
vn 0.54064000 0.84125400 0.00000045
vn 0.32682200 0.94508600 0.00000025
vn 0.54064200 0.78444500 0.30389600
vn 0.96457700 0.24562300 0.09622850
vn 0.90963200 0.41541500 0.00000016
vn 0.90963200 0.38736300 0.15006500
vn 0.90963200 0.38736300 0.15006500
vn 0.90963200 0.30699600 0.27986400
vn 0.54064200 0.78444500 0.30389600
vn 0.90963200 -0.40834200 0.07633190
vn 0.90963200 -0.40834200 -0.07633230
vn 0.90963200 -0.40834200 -0.07633290
vn 0.90963200 -0.40834200 0.07633250
vn 0.90963200 -0.40834200 0.07633190
vn 0.90963200 -0.40834200 -0.07633290
vn 0.31777200 -0.51013400 0.79924000
vn 0.54064000 -0.56976600 0.61893100
vn 0.54063800 -0.46012400 0.70427000
vn 0.90963200 -0.28135300 0.30563100
vn 0.96816000 -0.16960100 0.18412500
vn 0.90963200 -0.22721000 0.34777100
vn 0.54063800 -0.46012400 0.70427000
vn 0.90963200 -0.22721000 0.34777100
vn 0.54064100 0.56976600 0.61893000
vn 0.32472900 0.63194500 0.70370200
vn 0.54063800 0.46012300 0.70427100
vn 0.96816100 0.13696500 0.20953400
vn 0.90963200 0.28135300 0.30563100
vn 0.90963200 0.22721000 0.34777100
vn 0.54063800 0.46012300 0.70427100
vn 0.90963200 0.22721000 0.34777100
vn 0.32741600 0.88233700 -0.33805500
vn 0.54064000 0.84125400 0.00000045
vn 0.54064100 0.78444600 -0.30389600
vn 0.90963200 0.41541500 0.00000016
vn 0.96473800 0.26321200 0.00000013
vn 0.90963200 0.38736300 -0.15006500
vn 0.54064000 0.84125400 0.00000045
vn 0.90963200 0.41541500 0.00000016
vn 0.90963200 -0.35319300 -0.21868800
vn 0.96445400 -0.22533000 -0.13804000
vn 0.90963200 -0.40834200 -0.07633230
vn 0.90963200 -0.40834200 -0.07633290
vn 0.90963200 -0.40834200 -0.07633230
vn 0.32914800 0.70233000 -0.63118400
vn 0.54064100 0.78444600 -0.30389600
vn 0.54064300 0.62169300 -0.56674800
vn 0.90963200 0.38736300 -0.15006500
vn 0.96457700 0.24562300 -0.09622850
vn 0.90963200 0.30699600 -0.27986400
vn 0.54064100 0.78444600 -0.30389600
vn 0.90963200 0.38736300 -0.15006500
vn 0.32472900 -0.63194500 0.70370200
vn 0.54064200 -0.66386700 0.51670800
vn 0.54064000 -0.56976600 0.61893100
vn 0.90963200 -0.32782200 0.25515400
vn 0.96815900 -0.19760800 0.15368800
vn 0.90963200 -0.28135300 0.30563100
vn 0.54064000 -0.56976600 0.61893100
vn 0.90963200 -0.28135300 0.30563100
vn 0.54064200 0.66386700 0.51670800
vn 0.54064100 0.56976600 0.61893000
vn 0.96816000 0.16960100 0.18412500
vn 0.90963200 0.32782200 0.25515400
vn 0.90963200 0.28135300 0.30563100
vn 0.54064100 0.56976600 0.61893000
vn 0.90963200 0.28135300 0.30563100
vn 0.90963200 -0.25034400 -0.33150800
vn 0.96472000 -0.15894100 -0.20988700
vn 0.90963200 -0.35319300 -0.21868800
vn 0.90963200 -0.35319300 -0.21868800
vn 0.90963200 0.30699600 -0.27986400
vn 0.90963200 0.30699600 -0.27986400
vn 0.90963200 0.18516700 -0.37186500
vn 0.54064300 0.62169300 -0.56674800
vn 0.54064300 0.37497800 -0.75305800
vn 0.90963200 0.30699600 -0.27986400
vn 0.90963200 0.30699600 -0.27986400
vn 0.54064300 0.62169300 -0.56674800
vn 0.54064000 -0.50696800 -0.67133600
vn 0.58109900 -0.24258100 -0.77683800
vn 0.90865400 -0.15812900 -0.38644800
vn 0.96793700 -0.07711620 -0.23906200
vn 0.90963200 -0.25034400 -0.33150800
vn 0.90963200 -0.25034400 -0.33150800
vn 0.90963200 0.18516700 -0.37186500
vn 0.90963200 0.18516600 -0.37186500
vn 0.90397400 0.14897600 -0.40079600
vn 0.90963200 0.18516700 -0.37186500
vn 0.90963200 0.30699600 -0.27986400
vn 0.90963200 0.18516600 -0.37186500
vn 0.58109900 -0.24258100 -0.77683800
vn 0.71417100 -0.04818620 -0.69831100
vn 0.90865400 -0.15812900 -0.38644800
vn 0.95293900 -0.04617800 -0.29962600
vn 0.32523500 -0.26469700 -0.90783100
vn 0.58109900 -0.24258100 -0.77683800
vn 0.58109900 -0.24258100 -0.77683800
vn 0.90397400 0.14897600 -0.40079600
vn 0.90526600 0.13558100 -0.40263000
vn 0.89589900 0.21012100 -0.39142600
vn 0.90963200 0.18516600 -0.37186500
vn 0.90526600 0.13558100 -0.40263000
vn 0.90397400 0.14897600 -0.40079600
vn 0.54064100 -0.73986000 0.40039200
vn 0.54064200 -0.66386700 0.51670800
vn 0.90963200 -0.36534700 0.19771600
vn 0.96815700 -0.22022200 0.11905500
vn 0.90963200 -0.32782200 0.25515400
vn 0.54064200 -0.66386700 0.51670800
vn 0.90963200 -0.32782200 0.25515400
vn 0.96815900 0.19760800 0.15368800
vn 0.90963200 0.36534700 0.19771600
vn 0.90963200 0.32782200 0.25515400
vn 0.90963200 0.32782200 0.25515400
vn 0.90963200 -0.39290600 0.13488500
vn 0.96815600 -0.23682500 0.08117020
vn 0.90963200 -0.36534700 0.19771600
vn 0.90963200 -0.36534700 0.19771600
vn 0.96815700 0.22022200 0.11905500
vn 0.90963200 0.39290600 0.13488500
vn 0.90963200 0.36534700 0.19771600
vn 0.90963200 0.36534700 0.19771600
vn 0.90963200 -0.40974900 0.06837490
vn 0.96815300 -0.24696700 0.04106770
vn 0.90963200 -0.39290600 0.13488500
vn 0.90963200 -0.39290600 0.13488500
vn 0.96815600 0.23682600 0.08117000
vn 0.90963200 0.40974900 0.06837500
vn 0.90963200 0.39290600 0.13488500
vn 0.90963200 0.39290600 0.13488500
vn 0.90963200 -0.41541500 -0.00000007
vn 0.96815100 -0.25036700 -0.00015857
vn 0.90963200 -0.40974900 0.06837490
vn 0.90963200 -0.40974900 0.06837490
vn 0.96815300 0.24696700 0.04106780
vn 0.90963200 0.41541500 0.00000011
vn 0.90963200 0.40974900 0.06837500
vn 0.90963200 0.40974900 0.06837500
vn 0.90963200 -0.40974900 -0.06837490
vn 0.96814800 -0.24693300 -0.04138340
vn 0.90963200 -0.41541500 -0.00000007
vn 0.90963200 -0.41541500 -0.00000007
vn 0.54064000 0.84125400 0.00000015
vn 0.54064000 0.82978000 -0.13846600
vn 0.90963200 0.41541500 0.00000011
vn 0.96815100 0.25036700 -0.00015846
vn 0.90963200 0.40974900 -0.06837500
vn 0.90963200 0.41541500 0.00000011
vn 0.54064000 -0.79567300 -0.27315500
vn 0.54064000 -0.82978000 -0.13846500
vn 0.90963200 -0.39290600 -0.13488500
vn 0.96814600 -0.23675800 -0.08148210
vn 0.90963200 -0.40974900 -0.06837490
vn 0.90963200 -0.40974900 -0.06837490
vn 0.32625600 0.89015000 -0.31810500
vn 0.54064000 0.82978000 -0.13846600
vn 0.54064000 0.79567300 -0.27315500
vn 0.90963200 0.40974900 -0.06837500
vn 0.96814800 0.24693300 -0.04138350
vn 0.90963200 0.39290600 -0.13488500
vn 0.54064000 0.82978000 -0.13846600
vn 0.90963200 0.40974900 -0.06837500
vn 0.32625600 -0.89014900 -0.31810500
vn 0.54064100 -0.73986000 -0.40039300
vn 0.54064000 -0.79567300 -0.27315500
vn 0.90963200 -0.36534700 -0.19771600
vn 0.96814300 -0.22012100 -0.11936000
vn 0.90963200 -0.39290600 -0.13488500
vn 0.54064000 -0.79567300 -0.27315500
vn 0.90963200 -0.39290600 -0.13488500
vn 0.31903300 0.82848100 -0.46025800
vn 0.54064000 0.79567300 -0.27315500
vn 0.54064100 0.73986000 -0.40039300
vn 0.90963200 0.39290600 -0.13488500
vn 0.96814600 0.23675800 -0.08148220
vn 0.90963200 0.36534600 -0.19771600
vn 0.54064000 0.79567300 -0.27315500
vn 0.90963200 0.39290600 -0.13488500
vn 0.31903300 -0.82848100 -0.46025800
vn 0.54064000 -0.66386800 -0.51670900
vn 0.54064100 -0.73986000 -0.40039300
vn 0.90963200 -0.32782200 -0.25515400
vn 0.96813900 -0.19747300 -0.15398500
vn 0.90963200 -0.36534700 -0.19771600
vn 0.54064100 -0.73986000 -0.40039300
vn 0.90963200 -0.36534700 -0.19771600
vn 0.31329200 0.74436100 -0.58972400
vn 0.54064100 0.73986000 -0.40039300
vn 0.54063900 0.66386800 -0.51670900
vn 0.90963200 0.36534600 -0.19771600
vn 0.96814300 0.22012100 -0.11936000
vn 0.90963200 0.32782200 -0.25515300
vn 0.54064100 0.73986000 -0.40039300
vn 0.90963200 0.36534600 -0.19771600
vn 0.54064000 -0.66386800 -0.51670900
vn 0.31329200 -0.74436100 -0.58972400
vn 0.56391500 -0.57613600 -0.59166500
vn 0.90937300 -0.29882300 -0.28938800
vn 0.96988900 -0.17140300 -0.17302000
vn 0.90963200 -0.32782200 -0.25515400
vn 0.54064000 -0.66386800 -0.51670900
vn 0.90963200 -0.32782200 -0.25515400
vn 0.29980000 0.65263600 -0.69583500
vn 0.54063900 0.66386800 -0.51670900
vn 0.56391500 0.57613600 -0.59166500
vn 0.90963200 0.32782200 -0.25515300
vn 0.96813900 0.19747300 -0.15398500
vn 0.90937300 0.29882300 -0.28938800
vn 0.54063900 0.66386800 -0.51670900
vn 0.90963200 0.32782200 -0.25515300
vn 0.90937300 -0.29882300 -0.28938800
vn 0.94483100 -0.19121500 -0.26595500
vn 0.56391500 -0.57613600 -0.59166500
vn 0.50030100 -0.53621100 -0.67983600
vn 0.70674000 -0.45336400 -0.54312000
vn 0.29980000 -0.65263600 -0.69583500
vn 0.56391500 -0.57613600 -0.59166500
vn 0.56391500 -0.57613600 -0.59166500
vn 0.56391500 0.57613600 -0.59166500
vn 0.70710800 0.42634000 -0.56412100
vn 0.49761300 0.52654400 -0.68929900
vn 0.96988900 0.17140300 -0.17302000
vn 0.95533600 0.18050700 -0.23399000
vn 0.90937300 0.29882300 -0.28938800
vn 0.56391500 0.57613600 -0.59166500
vn 0.90937300 0.29882300 -0.28938800
vn 0.59144700 -0.46112200 -0.66148100
vn 0.30954900 -0.53988100 -0.78275700
vn 0.54064400 -0.42062600 -0.72854500
vn 0.90963200 -0.20770700 -0.35975900
vn 0.96832500 -0.12410600 -0.21666500
vn 0.90864400 -0.20820300 -0.36196300
vn 0.59144700 -0.46112200 -0.66148100
vn 0.70674000 -0.45336400 -0.54312000
vn 0.97127100 -0.13475200 -0.19614700
vn 0.94483100 -0.19121500 -0.26595500
vn 0.90864400 -0.20820300 -0.36196300
vn 0.59144700 -0.46112200 -0.66148100
vn 0.90864400 -0.20820300 -0.36196300
vn 0.96992700 0.12851100 -0.20670600
vn 0.90963200 0.18757400 -0.37065600
vn 0.90955200 0.21592900 -0.35509300
vn 0.54063600 0.37985500 -0.75061500
vn 0.30261400 0.43686300 -0.84709800
vn 0.55466300 0.44251100 -0.70465200
vn 0.55466300 0.44251100 -0.70465200
vn 0.70710800 0.42634000 -0.56412100
vn 0.90955200 0.21592900 -0.35509300
vn 0.95533600 0.18050700 -0.23399000
vn 0.29557000 0.52090300 -0.80081100
vn 0.55466300 0.44251100 -0.70465200
vn 0.55466300 0.44251100 -0.70465200
vn 0.54064400 -0.42062600 -0.72854500
vn 0.32431600 -0.46303100 -0.82487700
vn 0.54063500 -0.33792900 -0.77040200
vn 0.96840900 -0.09942160 -0.22868900
vn 0.90963200 -0.20770700 -0.35975900
vn 0.90963300 -0.16687000 -0.38042300
vn 0.54064400 -0.42062600 -0.72854500
vn 0.90963200 -0.20770700 -0.35975900
vn 0.54064100 0.29497500 -0.78784400
vn 0.30439700 0.34143700 -0.88924900
vn 0.54063600 0.37985500 -0.75061500
vn 0.96888000 0.11217600 -0.22065400
vn 0.90963200 0.14566000 -0.38904100
vn 0.90963200 0.18757400 -0.37065600
vn 0.90963200 0.18757400 -0.37065600
vn 0.54063600 0.37985500 -0.75061500
vn 0.54063500 -0.33792900 -0.77040200
vn 0.32133800 -0.37002900 -0.87167700
vn 0.54064100 -0.25112700 -0.80289600
vn 0.96848700 -0.07360930 -0.23793900
vn 0.90963300 -0.16687000 -0.38042300
vn 0.90963200 -0.12400700 -0.39647500
vn 0.54063500 -0.33792900 -0.77040200
vn 0.90963300 -0.16687000 -0.38042300
vn 0.54063800 0.20651600 -0.81551300
vn 0.30635300 0.24199300 -0.92064500
vn 0.54064100 0.29497500 -0.78784400
vn 0.96883900 0.08732110 -0.23179000
vn 0.90963100 0.10198000 -0.40270600
vn 0.90963200 0.14566000 -0.38904100
vn 0.54064100 0.29497500 -0.78784400
vn 0.90963200 0.14566000 -0.38904100
vn 0.54064100 -0.25112700 -0.80289600
vn 0.31847600 -0.27243900 -0.90793700
vn 0.54064000 -0.16127700 -0.82565000
vn 0.96855900 -0.04697610 -0.24430800
vn 0.90963200 -0.12400700 -0.39647500
vn 0.90963300 -0.07963930 -0.40770600
vn 0.54064100 -0.25112700 -0.80289600
vn 0.90963200 -0.12400700 -0.39647500
vn 0.54064000 0.11554900 -0.83328100
vn 0.30845900 0.13973600 -0.94091800
vn 0.54063800 0.20651600 -0.81551300
vn 0.96879200 0.06138250 -0.24015400
vn 0.90963300 0.05705790 -0.41147500
vn 0.90963100 0.10198000 -0.40270600
vn 0.54063800 0.20651600 -0.81551300
vn 0.90963100 0.10198000 -0.40270600
vn 0.54064000 -0.16127700 -0.82565000
vn 0.31574800 -0.17143400 -0.93322700
vn 0.54064000 -0.06946990 -0.83838100
vn 0.96862500 -0.01983790 -0.24773400
vn 0.90963300 -0.07963930 -0.40770600
vn 0.90963200 -0.03430470 -0.41399700
vn 0.54064000 -0.16127700 -0.82565000
vn 0.90963300 -0.07963930 -0.40770600
vn 0.54063900 0.02318010 -0.84093500
vn 0.31073200 0.03590650 -0.94981900
vn 0.54064000 0.11554900 -0.83328100
vn 0.96874200 0.03466330 -0.24563700
vn 0.90963100 0.01144690 -0.41525900
vn 0.90963300 0.05705790 -0.41147500
vn 0.54064000 0.11554900 -0.83328100
vn 0.90963300 0.05705790 -0.41147500
vn 0.54064000 -0.06946990 -0.83838100
vn 0.31316400 -0.06823560 -0.94724500
vn 0.54063900 0.02318010 -0.84093500
vn 0.96868600 0.00748343 -0.24817700
vn 0.90963200 -0.03430470 -0.41399700
vn 0.90963100 0.01144690 -0.41525900
vn 0.54064000 -0.06946990 -0.83838100
vn 0.90963200 -0.03430470 -0.41399700
vn 0.54063900 0.02318010 -0.84093500
vn 0.90963100 0.01144690 -0.41525900
vn 0.54064000 0.00000002 -0.84125400
vn 0.54064000 0.00000001 -0.84125400
vn 0.54064000 0.25996300 -0.80008000
vn 0.54064000 0.00000001 -0.84125400
vn 0.34506000 0.29638400 -0.89055600
vn 0.54064000 0.25996300 -0.80008000
vn 0.34506000 -0.29638400 -0.89055600
vn 0.54064000 0.00000001 -0.84125400
vn 0.54064000 0.00000002 -0.84125400
vn 0.15210100 0.00000000 -0.98836500
vn 0.15210100 0.00000000 -0.98836500
vn 0.15210100 0.00000000 -0.98836500
vn 0.15210100 0.00000000 -0.98836500
vn -0.98078500 0.19509000 0.00000000
vn -0.98078500 0.19509000 0.00000000
vn -0.98078500 0.19509000 0.00000000
vn -0.98078500 0.19509000 0.00000000
vn -0.98078500 0.19509000 0.00000000
vn -0.98078500 0.19509000 0.00000000
vn 0.00000000 -0.00000000 1.00000000
vn 0.00000000 -0.00000000 1.00000000
vn 0.00000000 -0.00000000 1.00000000
vn 0.00000000 -0.00000000 1.00000000
vn 0.00000000 -0.00000000 1.00000000
vn 0.00000000 -0.00000000 1.00000000
vn 0.00000000 -0.00000000 1.00000000
vn 0.00000000 -0.00000000 1.00000000
vn 0.00000000 -0.00000000 1.00000000
vn -0.98078500 -0.19509000 -0.00000000
vn -0.98078500 -0.19509000 -0.00000000
vn -0.98078500 -0.19509000 -0.00000000
vn 0.00000000 -0.00000000 1.00000000
vn 0.00000000 -0.00000000 1.00000000
vn 0.00000000 -0.00000000 1.00000000
vn 0.00000000 -0.00000000 1.00000000
vn 0.00000000 -0.00000000 1.00000000
vn 0.00000000 -0.00000000 1.00000000
vn 0.00000000 -0.00000000 1.00000000
vn 0.00000000 -0.00000000 1.00000000
vn 0.00000000 -0.00000000 1.00000000
vn 0.00000000 -0.00000000 1.00000000
vn 0.00000000 -0.00000000 1.00000000
vn 0.00000000 -0.00000000 1.00000000
vn -0.98078500 -0.19509000 -0.00000000
vn -0.98078500 -0.19509000 -0.00000000
vn -0.98078500 -0.19509000 -0.00000000
vn 0.98554900 -0.07035290 0.15409000
vn 0.95328600 -0.03435330 0.30010900
vn 0.99416800 -0.01645730 0.10657700
vn 0.95328600 -0.03435330 0.30010900
vn 0.94610200 -0.02514640 0.32289200
vn 0.99227800 0.00060449 0.12402900
vn 0.94610200 -0.02514640 0.32289200
vn 0.72725000 -0.04677160 -0.68477800
vn 0.75574700 0.02963870 -0.65419300
vn 0.96587800 0.00992621 -0.25880700
vn 0.99477500 -0.01093450 -0.10150800
vn 0.97174900 0.03369110 -0.23360100
vn 0.98554900 -0.07035290 -0.15409000
vn 0.96587800 0.00992621 -0.25880700
vn 0.97441700 -0.03020240 -0.22270900
vn 0.99262300 -0.00327339 -0.12119500
vn 0.95293900 -0.04617800 -0.29962600
vn 0.95293900 -0.04617800 -0.29962600
vn 0.72272400 -0.40669900 0.55880700
vn 0.75574700 -0.43017500 0.49375800
vn 0.96037900 -0.15573600 0.23112500
vn 0.99339100 -0.06912700 0.09163100
vn 0.97203500 -0.16442700 0.16766600
vn 0.72272400 -0.40669900 0.55880700
vn 0.75347700 -0.32911300 0.56917200
vn 0.96037900 -0.15573600 0.23112500
vn 0.97644100 -0.10583200 0.18804900
vn 0.95092500 -0.15712800 0.26655500
vn 0.50788400 -0.52778000 0.68081000
vn 0.72272400 -0.40669900 0.55880700
vn 0.96037900 -0.15573600 0.23112500
vn 0.72272400 -0.40669900 0.55880700
vn 0.94483100 -0.19121500 -0.26595500
vn 0.99280000 -0.07947020 -0.08962910
vn 0.94483100 -0.19121500 -0.26595500
vn 0.99179500 0.07595280 -0.10282600
vn 0.95533600 0.18050700 -0.23399000
vn 0.95533600 0.18050700 -0.23399000
vn 0.60493300 -0.79627600 0.00027499
vn 0.54338900 -0.83948100 0.00075732
vn 0.54472200 -0.83861700 -0.00000227
vn 0.75691500 -0.65351200 0.00151189
vn 0.54338900 -0.83948100 0.00075732
vn 0.60493300 -0.79627600 0.00027499
vn 0.54297200 0.83975100 0.00075105
vn 0.60995000 0.79244000 0.00027206
vn 0.56150300 0.82747500 0.00001876
vn 0.54297200 0.83975100 0.00075105
vn 0.64488800 0.76427700 0.00058516
vn 0.60995000 0.79244000 0.00027206
vn 0.75707000 0.65333100 0.00188370
vn 0.64488800 0.76427700 0.00058516
vn 0.54297200 0.83975100 0.00075105
vn 0.97618900 0.05488370 -0.20986400
vn 0.97174900 0.03369110 -0.23360100
vn 0.99506700 0.01754770 -0.09763620
vn 0.97174900 0.03369110 -0.23360100
vn 0.97606500 -0.06757780 -0.20671200
vn 0.99508000 -0.02019350 -0.09699540
vn 0.97441700 -0.03020240 -0.22270900
vn 0.97441700 -0.03020240 -0.22270900
vn 0.97618900 0.05488370 -0.20986400
vn 0.99506100 0.03584000 -0.09256760
vn 0.97623100 0.09355360 -0.19550000
vn 0.97618900 0.05488370 -0.20986400
vn 0.97602500 -0.10560900 -0.19032000
vn 0.99508600 -0.03826290 -0.09132120
vn 0.97606500 -0.06757780 -0.20671200
vn 0.97606500 -0.06757780 -0.20671200
vn 0.97623100 0.09355360 -0.19550000
vn 0.99505500 0.05284560 -0.08410290
vn 0.97627400 0.12876700 -0.17409500
vn 0.97623100 0.09355360 -0.19550000
vn 0.97598500 -0.13987800 -0.16699600
vn 0.99509200 -0.05491060 -0.08231920
vn 0.97602500 -0.10560900 -0.19032000
vn 0.97602500 -0.10560900 -0.19032000
vn 0.97627400 0.12876700 -0.17409500
vn 0.99504800 0.06793980 -0.07254630
vn 0.97631600 0.15925800 -0.14643700
vn 0.97627400 0.12876700 -0.17409500
vn 0.97594600 -0.16912800 -0.13757000
vn 0.99509800 -0.06953160 -0.07032280
vn 0.97598500 -0.13987800 -0.16699600
vn 0.97598500 -0.13987800 -0.16699600
vn 0.97631600 0.15925800 -0.14643700
vn 0.99504200 0.08056580 -0.05831490
vn 0.97635900 0.18393500 -0.11354000
vn 0.97631600 0.15925800 -0.14643700
vn 0.97590700 -0.19229000 -0.10310000
vn 0.99510400 -0.08159410 -0.05577350
vn 0.97594600 -0.16912800 -0.13757000
vn 0.97594600 -0.16912800 -0.13757000
vn 0.97635900 0.18393500 -0.11354000
vn 0.99503500 0.09025800 -0.04192700
vn 0.97640100 0.20192000 -0.07660550
vn 0.97635900 0.18393500 -0.11354000
vn 0.97586900 -0.20850900 -0.06482910
vn 0.99511000 -0.09066310 -0.03920670
vn 0.97590700 -0.19229000 -0.10310000
vn 0.97590700 -0.19229000 -0.10310000
vn 0.97640100 0.20192000 -0.07660550
vn 0.99502900 0.09665520 -0.02397850
vn 0.97644400 0.21257900 -0.03697640
vn 0.97640100 0.20192000 -0.07660550
vn 0.97583300 -0.21718100 -0.02414170
vn 0.99511500 -0.09641140 -0.02122910
vn 0.97586900 -0.20850900 -0.06482910
vn 0.97586900 -0.20850900 -0.06482910
vn 0.97644400 0.21257900 -0.03697640
vn 0.99502300 0.09951690 -0.00512517
vn 0.97648700 0.21554200 0.00391020
vn 0.97644400 0.21257900 -0.03697640
vn 0.97579700 -0.21798000 0.01748700
vn 0.99512100 -0.09863400 -0.00249864
vn 0.97583300 -0.21718100 -0.02414170
vn 0.97583300 -0.21718100 -0.02414170
vn 0.97648700 0.21554200 0.00391020
vn 0.99501600 0.09873280 0.01394270
vn 0.97652900 0.21072300 0.04457600
vn 0.97648700 0.21554200 0.00391020
vn 0.97576100 -0.21086100 0.05854530
vn 0.99512600 -0.09725520 0.01630090
vn 0.97579700 -0.21798000 0.01748700
vn 0.97579700 -0.21798000 0.01748700
vn 0.97652900 0.21072300 0.04457600
vn 0.99501000 0.09432530 0.03252610
vn 0.97657100 0.19831300 0.08355470
vn 0.97652900 0.21072300 0.04457600
vn 0.97572700 -0.19607000 0.09753760
vn 0.99513100 -0.09233020 0.03448430
vn 0.97576100 -0.21086100 0.05854530
vn 0.97576100 -0.21086100 0.05854530
vn 0.97657100 0.19831300 0.08355470
vn 0.99500400 0.08644910 0.04994140
vn 0.97661300 0.17877500 0.11944500
vn 0.97657100 0.19831300 0.08355470
vn 0.97569400 -0.17413100 0.13304200
vn 0.99513600 -0.08404240 0.05138920
vn 0.97572700 -0.19607000 0.09753760
vn 0.97572700 -0.19607000 0.09753760
vn 0.97661300 0.17877500 0.11944500
vn 0.99499800 0.07538760 0.06554690
vn 0.97522200 0.15841900 0.15441900
vn 0.97661300 0.17877500 0.11944500
vn 0.97569400 -0.17413100 0.13304200
vn 0.97203500 -0.16442700 0.16766600
vn 0.99514100 -0.07269800 0.06640120
vn 0.97569400 -0.17413100 0.13304200
vn 0.97522200 0.15841900 0.15441900
vn 0.99325500 0.06917910 0.09304890
vn 0.97522200 0.15841900 0.15441900
vn 0.97203500 -0.16442700 0.16766600
vn 0.97700500 -0.08243350 0.19663800
vn 0.99470600 -0.04207570 0.09375400
vn 0.97644100 -0.10583200 0.18804900
vn 0.97644100 -0.10583200 0.18804900
vn 0.99472400 -0.05291170 0.08788680
vn 0.97644100 -0.10583200 0.18804900
vn 0.97700500 0.08243350 0.19663800
vn 0.99469200 0.03055320 0.09825190
vn 0.97708000 0.05945960 0.20439900
vn 0.99470600 0.04207570 0.09375400
vn 0.97700500 0.08243350 0.19663800
vn 0.97700500 0.08243350 0.19663800
vn 0.97708000 -0.05945960 0.20439900
vn 0.99469200 -0.03055320 0.09825190
vn 0.97700500 -0.08243350 0.19663800
vn 0.97700500 -0.08243350 0.19663800
vn 0.97708000 0.05945960 0.20439900
vn 0.99468500 0.01852250 0.10128400
vn 0.97712100 0.03588350 0.20963400
vn 0.97708000 0.05945960 0.20439900
vn 0.97712100 -0.03588350 0.20963400
vn 0.99468500 -0.01852250 0.10128400
vn 0.97708000 -0.05945960 0.20439900
vn 0.97708000 -0.05945960 0.20439900
vn 0.97712100 0.03588350 0.20963400
vn 0.99468500 0.00601923 0.10278600
vn 0.97714700 0.01240190 0.21220300
vn 0.97712100 0.03588350 0.20963400
vn 0.97712100 -0.03588350 0.20963400
vn 0.97714700 -0.01240190 0.21220300
vn 0.99468500 -0.00601923 0.10278600
vn 0.97712100 -0.03588350 0.20963400
vn 0.97714700 0.01240190 0.21220300
vn 0.97714700 -0.01240190 0.21220300
vn 0.97714700 -0.01240190 0.21220300
vn 0.51124100 -0.66446900 -0.54508100
vn 0.59926600 -0.61900400 -0.50765600
vn 0.44965600 0.71133800 -0.54019200
vn 0.61512300 0.61024900 -0.49921900
vn 0.99920200 0.01703020 0.03612550
vn 0.99746600 0.03258620 0.06324340
vn 0.98554900 -0.07035290 0.15409000
vn 0.98554900 -0.07035290 0.15409000
vn 0.99765800 0.04834570 0.04837880
vn 0.99746600 0.03258620 0.06324340
vn 0.99914200 0.03322910 0.02471360
vn 0.99765800 0.04834570 0.04837880
vn 0.99765800 0.04834570 0.04837880
vn 0.99756900 -0.06894790 -0.01010860
vn 0.99917900 -0.03930380 0.00986411
vn 0.99756900 -0.06894790 0.01010860
vn 0.99756900 -0.06894790 0.01010860
vn 0.99917900 -0.03930380 -0.00986411
vn 0.99756900 -0.06894790 -0.01010860
vn 0.99756900 -0.06894790 -0.01010860
vn 0.99765800 0.04834570 -0.04837880
vn 0.99920200 0.01703020 -0.03612550
vn 0.99746600 0.03258620 -0.06324340
vn 0.99914200 0.03322910 -0.02471360
vn 0.99765800 0.04834570 -0.04837880
vn 0.99765800 0.04834570 -0.04837880
vn 0.99746600 0.03258620 -0.06324340
vn 0.98554900 -0.07035290 -0.15409000
vn 0.98554900 -0.07035290 -0.15409000
vn 0.00000000 -0.00000000 1.00000000
vn 0.00000000 -0.00000000 1.00000000
vn 0.00000000 -0.00000000 1.00000000
vn 0.46854100 -0.88343100 0.00434241
vn 0.60493300 -0.79627600 0.00027499
vn 0.64622900 -0.76314300 0.00054548
vn 0.59926600 -0.61900400 -0.50765600
vn 0.74882500 -0.48769400 -0.44879300
vn 0.87749000 -0.37953500 -0.29319700
vn 0.46854100 -0.88343100 0.00434241
vn 0.75691500 -0.65351200 0.00151189
vn 0.60493300 -0.79627600 0.00027499
vn 0.59926600 -0.61900400 -0.50765600
vn 0.64488800 0.76427700 0.00058516
vn 0.64899200 0.76079500 0.00050521
vn 0.60995000 0.79244000 0.00027206
vn 0.74756600 0.48852100 -0.44999100
vn 0.61512300 0.61024900 -0.49921900
vn 0.88245200 0.36921200 -0.29148100
vn 0.61512300 0.61024900 -0.49921900
vn 0.90963300 -0.12837000 -0.39508200
vn 0.90963300 -0.12837000 -0.39508200
vn 0.90963200 -0.24417500 -0.33607800
vn 0.54064000 -0.25996200 -0.80008000
vn 0.54064200 -0.49447700 -0.68058700
vn 0.33825900 -0.56116100 -0.75543300
vn 0.90963300 -0.12837000 -0.39508200
vn 0.90963200 -0.24417500 -0.33607900
vn 0.90963200 -0.24417500 -0.33607800
vn 0.90963200 -0.24417500 -0.33607800
vn 0.90963200 -0.24417500 -0.33607900
vn 0.54064200 -0.49447700 -0.68058700
vn 0.54064200 -0.49447700 -0.68058700
vn 0.90963300 0.12837000 -0.39508200
vn 0.90963200 0.24417600 -0.33607800
vn 0.90963200 0.24417500 -0.33607800
vn 0.54064100 0.49447700 -0.68058800
vn 0.54064000 0.25996300 -0.80008000
vn 0.90963200 0.24417600 -0.33607800
vn 0.96962200 0.18290000 -0.16242300
vn 0.90963200 0.24417500 -0.33607800
vn 0.33825900 0.56116100 -0.75543300
vn 0.54064100 0.49447700 -0.68058800
vn 0.54064100 0.49447700 -0.68058800
vn 0.90963200 0.24417600 -0.33607800
vn 0.90963300 -0.12837000 -0.39508200
vn 0.90963200 0.00000013 -0.41541400
vn 0.90963200 0.00000019 -0.41541400
vn 0.54064000 -0.25996200 -0.80008000
vn 0.54064000 0.00000002 -0.84125400
vn 0.90963200 0.00000019 -0.41541400
vn 0.90963300 -0.12837000 -0.39508200
vn 0.90963300 -0.12837000 -0.39508200
vn 0.54064000 -0.25996200 -0.80008000
vn 0.90963200 0.00000013 -0.41541400
vn 0.90963300 0.12837000 -0.39508200
vn 0.90963300 0.12837000 -0.39508200
vn 0.90963300 0.12837000 -0.39508200
vn 0.90963300 0.12837000 -0.39508200
vn 0.90963200 0.24417500 -0.33607800
vn 0.90963200 0.00000019 -0.41541400
vn 0.90963200 0.00000013 -0.41541400
vn 0.90963300 0.12837000 -0.39508200
vn 0.64622900 -0.76314300 0.00054548
vn 0.68627700 -0.72734100 0.00004467
vn 0.46854100 -0.88343100 0.00434241
vn 0.87749000 -0.37953500 -0.29319700
vn 0.96944800 -0.18397800 -0.16224100
vn 0.98494400 -0.15067000 -0.08475660
vn 0.87749000 -0.37953500 -0.29319700
vn 0.64488800 0.76427700 0.00058516
vn 0.68692000 0.72673300 0.00004474
vn 0.64899200 0.76079500 0.00050521
vn 0.88245200 0.36921200 -0.29148100
vn 0.98498700 0.15044500 -0.08466300
vn 0.88245200 0.36921200 -0.29148100
vn 0.71143300 0.70275400 0.00000000
vn 0.68692000 0.72673300 0.00004474
vn 0.64488800 0.76427700 0.00058516
vn 0.99876900 0.04477750 -0.02134630
vn 0.98498700 0.15044500 -0.08466300
vn 0.99992500 0.01137040 -0.00444337
vn 0.98498700 0.15044500 -0.08466300
vn 0.46854100 -0.88343100 0.00434241
vn 0.68627700 -0.72734100 0.00004467
vn 0.71129900 -0.70288900 -0.00000000
vn 0.98494400 -0.15067000 -0.08475660
vn 0.99878700 -0.04438530 -0.02130470
vn 0.99992800 -0.01121030 -0.00438081
vn 0.98494400 -0.15067000 -0.08475660
vn 0.99753800 -0.01948380 -0.06737250
vn 0.99919900 -0.01464250 -0.03725170
vn 0.99769300 -0.03753010 -0.05657250
vn 0.90963200 -0.24417500 -0.33607900
vn 0.99769300 -0.03753010 -0.05657250
vn 0.99912400 -0.02791690 -0.03117600
vn 0.99769300 -0.03753010 -0.05657250
vn 0.99769300 0.03753010 -0.05657250
vn 0.99919900 0.01464250 -0.03725170
vn 0.99753800 0.01948380 -0.06737250
vn 0.99769300 0.03753010 -0.05657250
vn 0.99912400 0.02791690 -0.03117600
vn 0.99769300 0.03753010 -0.05657250
vn 0.99745200 0.00000000 -0.07133890
vn 0.99922900 0.00000000 -0.03925010
vn 0.99753800 -0.01948380 -0.06737250
vn 0.99753800 -0.01948380 -0.06737250
vn 0.99753800 0.01948380 -0.06737250
vn 0.99745200 0.00000000 -0.07133890
vn 0.99753800 0.01948380 -0.06737250
vn 0.99992800 -0.01121030 -0.00438081
vn 0.99826800 -0.02085250 -0.05500580
vn 0.99679800 -0.04962590 -0.06270460
vn 0.71893400 -0.69507800 0.00034283
vn 0.75691500 -0.65351200 0.00151189
vn 0.46854100 -0.88343100 0.00434241
vn 0.97779700 -0.10935200 -0.17875900
vn 0.98809300 -0.11718500 -0.09970360
vn 0.99679800 -0.04962590 -0.06270460
vn 0.99679800 -0.04962590 -0.06270460
vn 0.99796700 0.02425020 -0.05893580
vn 0.99992500 0.01137040 -0.00444337
vn 0.99697000 0.04937160 -0.06010300
vn 0.75707000 0.65333100 0.00188370
vn 0.71893600 0.69507600 0.00034280
vn 0.64488800 0.76427700 0.00058516
vn 0.97824000 0.09426650 -0.18482300
vn 0.99697000 0.04937160 -0.06010300
vn 0.98894400 0.09995800 -0.10953700
vn 0.99697000 0.04937160 -0.06010300
vn 0.99799500 -0.01524080 -0.06142730
vn 0.99992800 -0.01121030 -0.00438081
vn 0.99992800 -0.01121030 -0.00438081
vn 0.99992800 -0.01121030 -0.00438081
vn 0.99777600 -0.00049676 -0.06665850
vn 0.99992800 -0.01121030 -0.00438081
vn 0.99782400 0.01465350 -0.06429150
vn 0.99992500 0.01137040 -0.00444337
vn 0.99992500 0.01137040 -0.00444337
vn 0.99992500 0.01137040 -0.00444337
vn 0.99992500 0.01137040 -0.00444337
vn 0.87182300 -0.47653100 -0.11332500
vn 0.75691500 -0.65351200 0.00151189
vn 0.71893400 -0.69507800 0.00034283
vn 0.97752100 -0.07546450 -0.19687100
vn 0.98809300 -0.11718500 -0.09970360
vn 0.98809300 -0.11718500 -0.09970360
vn 0.87040300 0.47880200 -0.11465700
vn 0.71893600 0.69507600 0.00034280
vn 0.75707000 0.65333100 0.00188370
vn 0.97609200 0.09924520 -0.19337700
vn 0.98894400 0.09995800 -0.10953700
vn 0.98894400 0.09995800 -0.10953700
vn 0.86524300 -0.49381500 -0.08661180
vn 0.91020900 -0.41414200 0.00225553
vn 0.75691500 -0.65351200 0.00151189
vn 0.75691500 -0.65351200 0.00151189
vn 0.85760600 -0.50872900 -0.07553960
vn 0.75691500 -0.65351200 0.00151189
vn 0.91020900 0.41414200 0.00225554
vn 0.86963800 0.48367000 -0.09895710
vn 0.75707000 0.65333100 0.00188370
vn 0.75707000 0.65333100 0.00188370
vn 0.85639800 0.51110000 -0.07320750
vn 0.75707000 0.65333100 0.00188370
vn 0.93202700 -0.23294700 -0.27759900
vn 0.98988200 -0.14187800 0.00226676
vn 0.91020900 -0.41414200 0.00225553
vn 0.91020900 -0.41414200 0.00225553
vn 0.87065100 -0.48606800 -0.07553580
vn 0.91020900 -0.41414200 0.00225553
vn 0.89387100 -0.43957700 -0.08812400
vn 0.91020900 -0.41414200 0.00225553
vn 0.98988200 0.14187800 0.00226676
vn 0.93115800 0.23343800 -0.28009200
vn 0.91020900 0.41414200 0.00225554
vn 0.91020900 0.41414200 0.00225554
vn 0.89355600 0.43979800 -0.09019580
vn 0.91020900 0.41414200 0.00225554
vn 0.99999800 -0.00000000 -0.00189488
vn 0.98988200 0.14187800 0.00226676
vn 0.98988200 -0.14187800 0.00226676
vn 0.99999800 -0.00000000 -0.00189488
vn 0.98988200 -0.14187800 0.00226676
vn 0.98988200 0.14187800 0.00226676
vn 0.99999800 -0.00000000 -0.00189488
vn 0.82250100 -0.11913600 -0.55614700
vn 0.79256100 0.00050592 -0.60979200
vn 0.79256100 0.00050592 -0.60979200
vn 0.81778500 0.12933200 -0.56080400
vn 0.79256100 0.00050592 -0.60979200
vn 0.80880300 -0.07203140 -0.58365100
vn 0.79256100 0.00050592 -0.60979200
vn 0.81070800 0.07776740 -0.58026300
vn 0.79256100 0.00050592 -0.60979200
vn 0.78372100 0.00043855 -0.62111300
vn 0.79256100 0.00050592 -0.60979200
vn -0.81810200 -0.23168700 -0.52633700
vn -0.87747800 -0.32735100 -0.35053300
vn -0.88737500 -0.37687000 -0.26558200
vn -0.80938300 0.19500500 -0.55396100
vn -0.83994400 0.26973800 -0.47088800
vn -0.89023100 0.37785000 -0.25439700
vn -0.88063300 0.34058100 -0.32937800
vn -0.84593300 -0.06384620 -0.52945300
vn -0.85362800 -0.13349600 -0.50348700
vn -0.85142700 0.12038600 -0.51047000
vn -0.86073500 0.18534800 -0.47411200
vn -0.84401800 -0.00111084 -0.53631400
vn -0.84659600 0.05808500 -0.52905600
vn -0.86599600 -0.21547300 -0.45124500
vn -0.88410600 -0.39912000 -0.24302400
vn -0.88896000 -0.29226400 -0.35260700
vn -0.89861000 -0.36564500 -0.24249500
vn -0.88274100 0.42205300 -0.20649400
vn -0.89061400 0.31103200 -0.33176300
vn -0.87510600 0.24070900 -0.41982000
vn -0.89449300 0.35957400 -0.26568700
vn -0.89627900 0.39083200 -0.20960500
vn -0.92113100 -0.04162560 -0.38702000
vn -0.91932100 -0.00076438 -0.39350900
vn -0.92610200 -0.08778960 -0.36691800
vn -0.92421700 0.08048600 -0.37328800
vn -0.93049100 0.12028200 -0.34600300
vn -0.92023100 0.03755400 -0.38956900
vn -0.94435500 -0.19205800 -0.26703500
vn -0.94549500 0.20585500 -0.25231400
vn -0.97599700 -0.05607360 -0.21044200
vn -0.93410900 -0.14386700 -0.32671400
vn -0.93654500 0.16073200 -0.31152700
vn -0.97597500 0.08113650 -0.20221000
vn -0.97396700 -0.02646190 -0.22514000
vn -0.97467700 0.05004900 -0.21794600
vn -0.97341800 -0.00023072 -0.22903700
vn -0.97283700 0.02713750 -0.22989700
vn -0.99877700 -0.00814359 0.04877040
vn -0.99877700 0.00814359 0.04877040
vn -0.99877700 -0.01606300 0.04675810
vn -0.99877700 0.01606300 0.04675810
vn -0.99877700 0.02354070 0.04346700
vn -0.99877800 0.03037130 0.03898740
vn -0.99877700 -0.02354070 0.04346700
vn -0.99877800 -0.03037130 0.03898740
vn -0.99877900 0.03636660 0.03344270
vn -0.99877900 -0.03636660 0.03344270
vn -0.99878000 0.04136300 0.02698670
vn -0.99878000 -0.04136300 0.02698670
vn -0.99878100 0.04522410 0.01979750
vn -0.99878100 -0.04522410 0.01979750
vn -0.99878200 0.04784410 0.01207300
vn -0.99878200 -0.04784410 0.01207300
vn -0.99878300 0.04915110 0.00402592
vn -0.99878300 -0.04915110 0.00402592
vn -0.99878500 0.04911280 -0.00412179
vn -0.99878500 -0.04911280 -0.00412179
vn -0.99878600 0.04773130 -0.01214630
vn -0.99878600 -0.04773130 -0.01214630
vn -0.99878800 0.04504420 -0.01982660
vn -0.99878800 -0.04504420 -0.01982660
vn -0.99879000 0.04112990 -0.02695270
vn -0.99879000 -0.04112990 -0.02695270
vn -0.99879200 0.03609770 -0.03332990
vn 0.13068900 -0.61701900 0.77602100
vn -0.99879200 -0.03609770 -0.03332990
vn -0.95092500 -0.15712800 0.26655500
vn -0.99472400 -0.05291170 0.08788680
vn -0.13135400 0.61497900 0.77752600
vn -0.99909800 0.02298770 -0.03570500
vn -0.99883700 -0.02418350 -0.04171620
vn -0.99885800 -0.01927910 -0.04371040
vn -0.99888100 -0.01422160 -0.04510150
vn -0.99890500 -0.00908873 -0.04588580
vn -0.99893100 -0.00395603 -0.04606340
vn -0.99906900 0.01925580 -0.03860350
vn -0.99901200 0.01071930 -0.04312810
vn -0.99904000 0.01514970 -0.04109240
vn -0.99898400 0.00601649 -0.04465680
vn -0.99895700 0.00110269 -0.04564420
vn -0.11543300 -0.31019400 0.94363900
vn -0.11536900 -0.60681700 -0.78642400
vn -0.11468800 -0.72108500 -0.68328900
vn -0.11908400 -0.50622600 -0.85413900
vn 0.11468800 -0.72108500 -0.68328900
vn 0.10396300 -0.61645700 -0.78049500
vn -0.11744500 -0.41042800 -0.90429800
vn -0.10396300 0.61645700 -0.78049500
vn -0.11468800 0.72108500 -0.68328900
vn -0.10988600 0.82030600 -0.56126900
vn -0.09534100 0.52263800 -0.84720700
vn 0.11536900 0.60681700 -0.78642400
vn 0.11908400 0.50622600 -0.85413900
vn -0.11097400 -0.45548500 0.88330000
vn 0.11543300 -0.31019400 0.94363900
vn -0.11543300 0.31019400 0.94363900
vn 0.11543300 0.31019400 0.94363900
vn -0.10479400 -0.58924500 0.80113000
vn 0.11097400 -0.45548500 0.88330000
vn -0.11097400 0.45548500 0.88330000
vn 0.11097400 0.45548500 0.88330000
vn -0.09703830 -0.70803300 0.69948000
vn 0.10479400 -0.58924500 0.80113000
vn -0.10479400 0.58924500 0.80113000
vn 0.10479400 0.58924500 0.80113000
vn 0.09703830 -0.70803300 0.69948000
vn -0.09703830 0.70803300 0.69948000
vn 0.09703830 0.70803300 0.69948000
vn -0.09534480 -0.95528800 -0.27988100
vn -0.10337200 -0.89901100 -0.42555100
vn 0.09534480 -0.95528800 -0.27988100
vn -0.09534480 0.95528800 -0.27988100
vn 0.09534480 0.95528800 -0.27988100
vn -0.10988600 -0.82030600 -0.56126900
vn 0.10337200 -0.89901100 -0.42555100
vn -0.10337200 0.89901100 -0.42555100
vn 0.10337200 0.89901100 -0.42555100
vn 0.10988600 -0.82030600 -0.56126900
vn 0.10988600 0.82030600 -0.56126900
vn 0.11468800 0.72108500 -0.68328900
vn -0.09841020 0.42771300 -0.89854100
vn 0.11744500 0.41042800 -0.90429800
vn -0.11563500 -0.30974900 -0.94376100
vn 0.09534100 -0.52263800 -0.84720700
vn 0.09841020 -0.42771300 -0.89854100
vn -0.10133400 0.32772300 -0.93932400
vn 0.11563500 0.30974900 -0.94376100
vn -0.11366400 -0.20538300 -0.97205900
vn 0.10133400 -0.32772300 -0.93932400
vn -0.10411500 0.22385100 -0.96904600
vn 0.11366400 0.20538300 -0.97205900
vn -0.11151600 -0.09856520 -0.98886300
vn 0.10411500 -0.22385100 -0.96904600
vn -0.10674100 0.11733100 -0.98734000
vn 0.11151600 0.09856520 -0.98886300
vn -0.10920600 0.00943241 -0.99397400
vn 0.10674100 -0.11733100 -0.98734000
vn 0.10920600 -0.00943241 -0.99397400
vn 0.99905800 -0.03310630 0.02803750
vn 0.99905800 -0.03310630 -0.02803750
vn 0.99901200 -0.01954760 -0.03990830
vn 0.99878200 -0.04784410 0.01207300
vn 0.99878100 -0.04522410 0.01979750
vn 0.99878300 -0.04915110 0.00402592
vn 0.99878000 -0.04136300 0.02698670
vn 0.99878000 0.04136300 0.02698670
vn 0.99877900 0.03636660 0.03344270
vn 0.99878100 0.04522410 0.01979750
vn 0.99877800 0.03037130 0.03898740
vn 0.99878500 -0.04911280 -0.00412179
vn 0.99878200 0.04784410 0.01207300
vn 0.99878600 -0.04773130 -0.01214630
vn 0.99878300 0.04915110 0.00402592
vn 0.99878800 -0.04504420 -0.01982660
vn 0.99878500 0.04911280 -0.00412179
vn 0.89627900 -0.39083200 -0.20960500
vn 0.88274100 -0.42205300 -0.20649400
vn 0.89449300 -0.35957400 -0.26568700
vn 0.94549500 -0.20585500 -0.25231400
vn 0.89861000 0.36564500 -0.24249500
vn 0.88411000 0.39916000 -0.24294200
vn 0.88737900 0.37687100 -0.26556900
vn 0.94435500 0.19205800 -0.26703500
vn 0.88896000 0.29226400 -0.35260700
vn 0.99877700 -0.00814359 0.04877040
vn 0.99877700 -0.01606300 0.04675810
vn 0.99902800 0.04315030 -0.00897823
vn 0.99877700 0.01606300 0.04675810
vn 0.99877700 0.00814359 0.04877040
vn 0.99877700 0.02354070 0.04346700
vn 0.99877800 -0.03037130 0.03898740
vn 0.99877700 -0.02354070 0.04346700
vn 0.99877900 -0.03636660 0.03344270
vn 0.99878600 0.04773130 -0.01214630
vn 0.99878800 0.04504420 -0.01982660
vn 0.99879000 0.04112990 -0.02695270
vn 0.99879000 -0.04112990 -0.02695270
vn 0.99879200 0.03609770 -0.03332990
vn 0.95092500 0.15712800 0.26655500
vn 0.99879200 -0.03609770 -0.03332990
vn 0.99472400 0.05291170 0.08788680
vn 0.99909800 -0.02298770 -0.03570500
vn 0.99906900 -0.01925580 -0.03860350
vn 0.99885800 0.01927910 -0.04371040
vn 0.99883700 0.02418350 -0.04171620
vn 0.99888100 0.01422160 -0.04510150
vn 0.99904000 -0.01514970 -0.04109240
vn 0.99893100 0.00395603 -0.04606340
vn 0.99890500 0.00908873 -0.04588580
vn 0.99898400 -0.00601649 -0.04465680
vn 0.99901200 -0.01071930 -0.04312810
vn 0.99895700 -0.00110269 -0.04564420
vn 0.99902800 0.04315020 0.00897824
vn 0.99901200 -0.01954760 0.03990830
vn 0.89023100 -0.37785000 -0.25439700
vn 0.80938300 -0.19500500 -0.55396100
vn 0.83994400 -0.26973800 -0.47088800
vn 0.88063300 -0.34058100 -0.32937800
vn 0.87747800 0.32735100 -0.35053300
vn 0.81810200 0.23168700 -0.52633700
vn 0.97599700 0.05607360 -0.21044200
vn 0.93410900 0.14386700 -0.32671400
vn 0.97597500 -0.08113650 -0.20221000
vn 0.93654500 -0.16073200 -0.31152700
vn 0.97396700 0.02646190 -0.22514000
vn 0.97467700 -0.05004900 -0.21794600
vn 0.97283700 -0.02713750 -0.22989700
vn 0.97341800 0.00023072 -0.22903700
vn 0.93049100 -0.12028200 -0.34600300
vn 0.87510600 -0.24070900 -0.41982000
vn 0.92610200 0.08778960 -0.36691800
vn 0.86599600 0.21547300 -0.45124500
vn 0.92023100 -0.03755400 -0.38956900
vn 0.92421700 -0.08048600 -0.37328800
vn 0.92113100 0.04162560 -0.38702000
vn 0.91932100 0.00076438 -0.39350900
vn 0.89061400 -0.31103200 -0.33176300
vn 0.86073500 -0.18534800 -0.47411200
vn 0.85142700 -0.12038600 -0.51047000
vn 0.85362800 0.13349600 -0.50348700
vn 0.84593300 0.06384620 -0.52945300
vn 0.84659600 -0.05808500 -0.52905600
vn 0.84401800 0.00111084 -0.53631400
f 1//1 2//2 3//3
f 4//4 5//5 6//6
f 7//7 8//8 9//9
f 10//10 11//11 4//4
f 9//9 12//12 13//13
f 14//14 15//15 11//11
f 16//16 12//12 17//17
f 18//18 19//19 15//15
f 20//20 17//17 19//19
f 21//21 22//22 23//23
f 24//24 25//25 26//26
f 4//4 27//27 28//28
f 29//29 30//30 31//31
f 32//32 33//33 34//34
f 9//9 35//35 36//36
f 37//37 38//38 39//39
f 40//40 41//41 42//42
f 43//43 44//44 45//45
f 46//46 47//47 4//4
f 43//43 48//48 46//46
f 49//49 50//50 51//51
f 52//52 53//53 54//54
f 9//9 55//55 56//56
f 57//57 56//56 58//58
f 59//59 52//52 57//57
f 60//60 61//61 62//62
f 63//63 64//64 65//65
f 66//66 67//67 68//68
f 69//69 70//70 71//71
f 72//72 73//73 74//74
f 75//75 76//76 43//43
f 65//65 77//77 75//75
f 78//78 79//79 80//80
f 81//81 82//82 83//83
f 84//84 85//85 86//86
f 87//87 88//88 89//89
f 90//90 91//91 92//92
f 93//93 94//94 95//95
f 52//52 96//96 97//97
f 97//97 98//98 81//81
f 99//99 100//100 101//101
f 102//102 103//103 65//65
f 99//99 104//104 102//102
f 105//105 106//106 107//107
f 108//108 81//81 109//109
f 108//108 110//110 105//105
f 111//111 112//112 113//113
f 114//114 115//115 116//116
f 117//117 118//118 119//119
f 120//120 121//121 122//122
f 123//123 124//124 125//125
f 126//126 127//127 128//128
f 129//129 130//130 131//131
f 114//114 132//132 99//99
f 133//133 134//134 135//135
f 136//136 137//137 138//138
f 139//139 140//140 141//141
f 142//142 143//143 144//144
f 145//145 146//146 147//147
f 148//148 149//149 150//150
f 105//105 151//151 136//136
f 152//152 153//153 154//154
f 155//155 156//156 114//114
f 157//157 152//152 158//158
f 157//157 159//159 155//155
f 160//160 161//161 162//162
f 163//163 164//164 136//136
f 165//165 157//157 164//164
f 161//161 157//157 166//166
f 167//167 168//168 169//169
f 170//170 168//168 161//161
f 171//171 172//172 173//173
f 171//171 174//174 152//152
f 175//175 168//168 176//176
f 177//177 178//178 171//171
f 179//179 180//180 181//181
f 182//182 183//183 184//184
f 185//185 186//186 187//187
f 188//188 171//171 189//189
f 171//171 190//190 191//191
f 190//190 183//183 192//192
f 193//193 194//194 195//195
f 196//196 183//183 197//197
f 198//198 199//199 200//200
f 200//200 201//201 168//168
f 202//202 203//203 168//168
f 204//204 183//183 203//203
f 205//205 206//206 207//207
f 208//208 209//209 210//210
f 210//210 211//211 171//171
f 212//212 168//168 213//213
f 214//214 215//215 200//200
f 200//200 168//168 216//216
f 217//217 218//218 219//219
f 220//220 221//221 222//222
f 219//219 223//223 224//224
f 225//225 226//226 210//210
f 227//227 228//228 229//229
f 230//230 231//231 232//232
f 233//233 234//234 235//235
f 236//236 237//237 238//238
f 239//239 200//200 240//240
f 241//241 242//242 243//243
f 244//244 245//245 246//246
f 247//247 210//210 248//248
f 210//210 171//171 249//249
f 250//250 251//251 252//252
f 253//253 254//254 255//255
f 256//256 257//257 200//200
f 258//258 259//259 260//260
f 261//261 262//262 263//263
f 264//264 265//265 266//266
f 267//267 268//268 269//269
f 270//270 271//271 272//272
f 273//273 274//274 275//275
f 276//276 277//277 278//278
f 279//279 280//280 281//281
f 282//282 283//283 219//219
f 284//284 285//285 286//286
f 287//287 288//288 289//289
f 290//290 291//291 292//292
f 293//293 294//294 295//295
f 296//296 297//297 298//298
f 299//299 300//300 301//301
f 302//302 303//303 304//304
f 305//305 306//306 307//307
f 308//308 219//219 309//309
f 310//310 311//311 312//312
f 313//313 210//210 314//314
f 315//315 316//316 317//317
f 318//318 319//319 320//320
f 321//321 322//322 316//316
f 323//323 200//200 324//324
f 325//325 326//326 327//327
f 325//325 328//328 329//329
f 330//330 316//316 331//331
f 325//325 332//332 333//333
f 334//334 335//335 336//336
f 337//337 335//335 316//316
f 338//338 339//339 340//340
f 339//339 341//341 325//325
f 342//342 343//343 335//335
f 344//344 339//339 345//345
f 346//346 343//343 347//347
f 348//348 345//345 346//346
f 349//349 350//350 351//351
f 352//352 353//353 354//354
f 355//355 356//356 357//357
f 358//358 359//359 360//360
f 361//361 362//362 363//363
f 364//364 365//365 366//366
f 367//367 368//368 369//369
f 370//370 325//325 371//371
f 372//372 373//373 374//374
f 375//375 372//372 376//376
f 377//377 378//378 379//379
f 380//380 381//381 382//382
f 380//380 383//383 384//384
f 385//385 386//386 387//387
f 388//388 325//325 389//389
f 390//390 391//391 392//392
f 393//393 394//394 395//395
f 396//396 397//397 316//316
f 398//398 399//399 400//400
f 401//401 402//402 403//403
f 404//404 405//405 406//406
f 407//407 339//339 408//408
f 409//409 410//410 411//411
f 412//412 339//339 325//325
f 413//413 414//414 415//415
f 416//416 335//335 417//417
f 418//418 419//419 420//420
f 421//421 316//316 335//335
f 422//422 423//423 424//424
f 425//425 339//339 426//426
f 427//427 428//428 429//429
f 430//430 431//431 432//432
f 433//433 343//343 434//434
f 435//435 436//436 437//437
f 438//438 335//335 343//343
f 439//439 440//440 441//441
f 442//442 345//345 443//443
f 444//444 445//445 446//446
f 345//345 339//339 447//447
f 448//448 449//449 450//450
f 451//451 452//452 453//453
f 454//454 343//343 452//452
f 455//455 456//456 457//457
f 458//458 459//459 460//460
f 461//461 459//459 462//462
f 457//457 345//345 463//463
f 464//464 465//465 466//466
f 467//467 468//468 469//469
f 470//470 471//471 472//472
f 473//473 474//474 475//475
f 476//476 477//477 478//478
f 479//479 474//474 469//469
f 480//480 481//481 482//482
f 483//483 484//484 485//485
f 486//486 487//487 488//488
f 489//489 346//346 490//490
f 484//484 346//346 491//491
f 492//492 493//493 494//494
f 495//495 496//496 497//497
f 498//498 499//499 500//500
f 501//501 469//469 496//496
f 502//502 503//503 504//504
f 505//505 506//506 507//507
f 508//508 509//509 510//510
f 507//507 484//484 511//511
f 512//512 513//513 514//514
f 515//515 516//516 517//517
f 518//518 519//519 520//520
f 521//521 496//496 516//516
f 522//522 523//523 524//524
f 525//525 526//526 527//527
f 528//528 529//529 530//530
f 507//507 531//531 525//525
f 532//532 533//533 534//534
f 535//535 536//536 537//537
f 538//538 539//539 540//540
f 541//541 516//516 536//536
f 542//542 543//543 544//544
f 545//545 546//546 547//547
f 548//548 549//549 550//550
f 525//525 551//551 545//545
f 552//552 553//553 554//554
f 555//555 556//556 557//557
f 558//558 559//559 560//560
f 561//561 536//536 556//556
f 562//562 563//563 564//564
f 565//565 566//566 567//567
f 568//568 569//569 570//570
f 545//545 571//571 565//565
f 572//572 573//573 574//574
f 575//575 576//576 577//577
f 578//578 579//579 580//580
f 581//581 556//556 576//576
f 582//582 583//583 584//584
f 585//585 586//586 587//587
f 588//588 589//589 590//590
f 565//565 591//591 585//585
f 592//592 593//593 594//594
f 595//595 596//596 597//597
f 598//598 599//599 600//600
f 601//601 576//576 596//596
f 602//602 603//603 604//604
f 605//605 606//606 607//607
f 608//608 609//609 610//610
f 585//585 611//611 605//605
f 612//612 613//613 614//614
f 615//615 616//616 617//617
f 618//618 619//619 620//620
f 621//621 596//596 616//616
f 622//622 623//623 624//624
f 625//625 626//626 627//627
f 628//628 629//629 630//630
f 605//605 631//631 625//625
f 632//632 633//633 634//634
f 635//635 636//636 637//637
f 638//638 639//639 640//640
f 641//641 616//616 636//636
f 642//642 643//643 644//644
f 645//645 646//646 647//647
f 648//648 649//649 650//650
f 625//625 651//651 645//645
f 652//652 653//653 654//654
f 655//655 656//656 657//657
f 658//658 659//659 660//660
f 661//661 636//636 656//656
f 662//662 663//663 664//664
f 665//665 666//666 667//667
f 668//668 669//669 670//670
f 645//645 671//671 665//665
f 672//672 673//673 674//674
f 675//675 676//676 677//677
f 678//678 679//679 680//680
f 681//681 656//656 676//676
f 682//682 683//683 684//684
f 685//685 686//686 687//687
f 688//688 689//689 690//690
f 665//665 691//691 685//685
f 692//692 693//693 694//694
f 695//695 696//696 697//697
f 698//698 699//699 700//700
f 701//701 676//676 696//696
f 702//702 703//703 704//704
f 705//705 706//706 707//707
f 708//708 709//709 710//710
f 685//685 711//711 705//705
f 712//712 713//713 714//714
f 715//715 696//696 716//716
f 717//717 716//716 713//713
f 718//718 719//719 720//720
f 721//721 722//722 723//723
f 724//724 720//720 725//725
f 705//705 726//726 721//721
f 727//727 728//728 729//729
f 730//730 731//731 732//732
f 733//733 734//734 735//735
f 736//736 737//737 738//738
f 737//737 739//739 740//740
f 741//741 742//742 735//735
f 743//743 731//731 742//742
f 744//744 745//745 746//746
f 747//747 748//748 749//749
f 750//750 751//751 752//752
f 753//753 748//748 731//731
f 754//754 755//755 756//756
f 757//757 758//758 759//759
f 760//760 761//761 762//762
f 763//763 764//764 765//765
f 763//763 766//766 767//767
f 766//766 758//758 768//768
f 769//769 770//770 771//771
f 772//772 773//773 774//774
f 775//775 776//776 777//777
f 778//778 773//773 748//748
f 779//779 780//780 781//781
f 782//782 783//783 784//784
f 785//785 786//786 787//787
f 758//758 783//783 788//788
f 789//789 790//790 791//791
f 792//792 793//793 794//794
f 795//795 796//796 797//797
f 798//798 794//794 773//773
f 799//799 800//800 801//801
f 802//802 803//803 804//804
f 805//805 806//806 807//807
f 783//783 803//803 808//808
f 809//809 810//810 811//811
f 812//812 803//803 813//813
f 814//814 815//815 816//816
f 817//817 803//803 794//794
f 818//818 819//819 820//820
f 821//821 822//822 823//823
f 824//824 823//823 825//825
f 825//825 380//380 826//826
f 827//827 828//828 829//829
f 830//830 831//831 832//832
f 833//833 834//834 835//835
f 836//836 837//837 838//838
f 839//839 840//840 841//841
f 842//842 843//843 844//844
f 845//845 846//846 847//847
f 848//848 849//849 850//850
f 851//851 852//852 853//853
f 854//854 855//855 856//856
f 857//857 858//858 859//859
f 860//860 861//861 862//862
f 863//863 864//864 823//823
f 865//865 866//866 867//867
f 868//868 869//869 866//866
f 870//870 866//866 372//372
f 871//871 872//872 873//873
f 874//874 875//875 452//452
f 876//876 877//877 878//878
f 879//879 880//880 881//881
f 877//877 882//882 883//883
f 452//452 884//884 885//885
f 881//881 886//886 884//884
f 887//887 888//888 889//889
f 890//890 891//891 892//892
f 893//893 894//894 895//895
f 892//892 457//457 896//896
f 897//897 898//898 459//459
f 897//897 894//894 899//899
f 900//900 901//901 894//894
f 902//902 903//903 904//904
f 902//902 892//892 905//905
f 906//906 907//907 908//908
f 346//346 909//909 910//910
f 911//911 912//912 913//913
f 914//914 915//915 916//916
f 917//917 918//918 919//919
f 474//474 920//920 346//346
f 921//921 720//720 922//922
f 735//735 721//721 923//923
f 922//922 737//737 924//924
f 925//925 926//926 927//927
f 928//928 929//929 930//930
f 931//931 930//930 932//932
f 933//933 934//934 935//935
f 925//925 936//936 937//937
f 935//935 938//938 936//936
f 939//939 940//940 941//941
f 942//942 943//943 944//944
f 945//945 946//946 943//943
f 947//947 948//948 949//949
f 941//941 950//950 951//951
f 947//947 951//951 952//952
f 953//953 954//954 955//955
f 380//380 956//956 957//957
f 958//958 959//959 960//960
f 866//866 961//961 962//962
f 963//963 964//964 965//965
f 966//966 967//967 968//968
f 969//969 970//970 971//971
f 972//972 973//973 974//974
f 975//975 976//976 977//977
f 978//978 979//979 980//980
f 881//881 981//981 982//982
f 983//983 984//984 985//985
f 986//986 877//877 987//987
f 988//988 984//984 986//986
f 989//989 990//990 991//991
f 992//992 993//993 994//994
f 995//995 894//894 989//989
f 996//996 993//993 902//902
f 997//997 998//998 999//999
f 1000//1000 1001//1001 1002//1002
f 997//997 1003//1003 881//881
f 1004//1004 1001//1001 984//984
f 1005//1005 1006//1006 1007//1007
f 1008//1008 1009//1009 1010//1010
f 989//989 1008//1008 1011//1011
f 1012//1012 1006//1006 993//993
f 1013//1013 1014//1014 1015//1015
f 1016//1016 1017//1017 1018//1018
f 1013//1013 1019//1019 997//997
f 1020//1020 1017//1017 1001//1001
f 1021//1021 1022//1022 1023//1023
f 1024//1024 1025//1025 1026//1026
f 1027//1027 1022//1022 1006//1006
f 1008//1008 1024//1024 1028//1028
f 1029//1029 1030//1030 1031//1031
f 1032//1032 1033//1033 1034//1034
f 1029//1029 1035//1035 1013//1013
f 1036//1036 1033//1033 1017//1017
f 1037//1037 1038//1038 1039//1039
f 1040//1040 1041//1041 1042//1042
f 1043//1043 1038//1038 1022//1022
f 1024//1024 1040//1040 1044//1044
f 1045//1045 1046//1046 1047//1047
f 1048//1048 1049//1049 1050//1050
f 1045//1045 1051//1051 1029//1029
f 1052//1052 1049//1049 1033//1033
f 1053//1053 1054//1054 1055//1055
f 1056//1056 1057//1057 1058//1058
f 1059//1059 1054//1054 1038//1038
f 1040//1040 1056//1056 1060//1060
f 1061//1061 1062//1062 1063//1063
f 1064//1064 1065//1065 1066//1066
f 1067//1067 1068//1068 1049//1049
f 1064//1064 1069//1069 1045//1045
f 1070//1070 1071//1071 1072//1072
f 1073//1073 1074//1074 1075//1075
f 1076//1076 1071//1071 1054//1054
f 1056//1056 1073//1073 1077//1077
f 1078//1078 1079//1079 1080//1080
f 1081//1081 1082//1082 1083//1083
f 1084//1084 1085//1085 1086//1086
f 1081//1081 1087//1087 1064//1064
f 1088//1088 1089//1089 1090//1090
f 1091//1091 1092//1092 1093//1093
f 1073//1073 1094//1094 1095//1095
f 1096//1096 1092//1092 1071//1071
f 1097//1097 1098//1098 1099//1099
f 1100//1100 1101//1101 1102//1102
f 1103//1103 1104//1104 1105//1105
f 1100//1100 1106//1106 1081//1081
f 1107//1107 1108//1108 1109//1109
f 1110//1110 1111//1111 1112//1112
f 1113//1113 1114//1114 1115//1115
f 1116//1116 1111//1111 1092//1092
f 1117//1117 1118//1118 1119//1119
f 1120//1120 1121//1121 1122//1122
f 1123//1123 1124//1124 1125//1125
f 1120//1120 1126//1126 1100//1100
f 1127//1127 1128//1128 1129//1129
f 1130//1130 1131//1131 1132//1132
f 1133//1133 1134//1134 1135//1135
f 1136//1136 1131//1131 1111//1111
f 1137//1137 1138//1138 1139//1139
f 1140//1140 1141//1141 1142//1142
f 1143//1143 1144//1144 1137//1137
f 1141//1141 1145//1145 1120//1120
f 1146//1146 1147//1147 1148//1148
f 1149//1149 1150//1150 1151//1151
f 1152//1152 1153//1153 1154//1154
f 1155//1155 1150//1150 1131//1131
f 1156//1156 1157//1157 1158//1158
f 1159//1159 1160//1160 1161//1161
f 1137//1137 1162//1162 1159//1159
f 1163//1163 1141//1141 1157//1157
f 1164//1164 1165//1165 1166//1166
f 1167//1167 1168//1168 1169//1169
f 1170//1170 1164//1164 1171//1171
f 1172//1172 1168//1168 1150//1150
f 1173//1173 1174//1174 1175//1175
f 1176//1176 1177//1177 1178//1178
f 1179//1179 1157//1157 1174//1174
f 1159//1159 1180//1180 1176//1176
f 1181//1181 1182//1182 1183//1183
f 1184//1184 1185//1185 1186//1186
f 1164//1164 1184//1184 1187//1187
f 1188//1188 1182//1182 1168//1168
f 1189//1189 1190//1190 1191//1191
f 1192//1192 1193//1193 1194//1194
f 1195//1195 1174//1174 1190//1190
f 1176//1176 1196//1196 1192//1192
f 1197//1197 1198//1198 1199//1199
f 1200//1200 1201//1201 1202//1202
f 1203//1203 1198//1198 1182//1182
f 1184//1184 1200//1200 1204//1204
f 1205//1205 1206//1206 1207//1207
f 1208//1208 1209//1209 1210//1210
f 1211//1211 1190//1190 1206//1206
f 1192//1192 1212//1212 1208//1208
f 1213//1213 941//941 1214//1214
f 1215//1215 1216//1216 1217//1217
f 1218//1218 941//941 1198//1198
f 1200//1200 1216//1216 1219//1219
f 1220//1220 1206//1206 925//925
f 1221//1221 930//930 1208//1208
f 1222//1222 943//943 1223//1223
f 1216//1216 1222//1222 1224//1224
f 1225//1225 1226//1226 1227//1227
f 1228//1228 1229//1229 1230//1230
f 1231//1231 943//943 1225//1225
f 1232//1232 1229//1229 947//947
f 1233//1233 935//935 1234//1234
f 1235//1235 1236//1236 1237//1237
f 1238//1238 930//930 1239//1239
f 1236//1236 1238//1238 1240//1240
f 1241//1241 1242//1242 1243//1243
f 1244//1244 1245//1245 1246//1246
f 1225//1225 1244//1244 1247//1247
f 1248//1248 1242//1242 1229//1229
f 1249//1249 1250//1250 1251//1251
f 1252//1252 1253//1253 1254//1254
f 1255//1255 935//935 1250//1250
f 1252//1252 1236//1236 1256//1256
f 1257//1257 1258//1258 1259//1259
f 1260//1260 1261//1261 1262//1262
f 1263//1263 1258//1258 1242//1242
f 1244//1244 1260//1260 1264//1264
f 1265//1265 1266//1266 1267//1267
f 1268//1268 1269//1269 1270//1270
f 1271//1271 1250//1250 1266//1266
f 1268//1268 1252//1252 1272//1272
f 1273//1273 1274//1274 1275//1275
f 1276//1276 1277//1277 1278//1278
f 1279//1279 1274//1274 1258//1258
f 1260//1260 1276//1276 1280//1280
f 1281//1281 1282//1282 1283//1283
f 1284//1284 1285//1285 1286//1286
f 1287//1287 1266//1266 1282//1282
f 1284//1284 1268//1268 1288//1288
f 1289//1289 1290//1290 1291//1291
f 1292//1292 1293//1293 1294//1294
f 1295//1295 1290//1290 1274//1274
f 1276//1276 1292//1292 1296//1296
f 1297//1297 1298//1298 1299//1299
f 1300//1300 1301//1301 1302//1302
f 1303//1303 1282//1282 1298//1298
f 1300//1300 1284//1284 1304//1304
f 1305//1305 1306//1306 1307//1307
f 1308//1308 1309//1309 1310//1310
f 1311//1311 1306//1306 1290//1290
f 1292//1292 1308//1308 1312//1312
f 1313//1313 1298//1298 1306//1306
f 1308//1308 1300//1300 1314//1314
f 1315//1315 1316//1316 1317//1317
f 1318//1318 372//372 1319//1319
f 1320//1320 1321//1321 1322//1322
f 823//823 1323//1323 1321//1321
f 1324//1324 1321//1321 1325//1325
f 1326//1326 1327//1327 1328//1328
f 1329//1329 1330//1330 823//823
f 1331//1331 1321//1321 1332//1332
f 823//823 1321//1321 1333//1333
f 1334//1334 1335//1335 1336//1336
f 1337//1337 1338//1338 1339//1339
f 1340//1340 1341//1341 1342//1342
f 825//825 823//823 1343//1343
f 825//825 1344//1344 1345//1345
f 1345//1345 1346//1346 1342//1342
f 1347//1347 1348//1348 1349//1349
f 1350//1350 372//372 1351//1351
f 1352//1352 1353//1353 1354//1354
f 1355//1355 866//866 1356//1356
f 1357//1357 1358//1358 1355//1355
f 1359//1359 1360//1360 1352//1352
f 1359//1359 1358//1358 1361//1361
f 1362//1362 1363//1363 1364//1364
f 1365//1365 1366//1366 380//380
f 1365//1365 1342//1342 1367//1367
f 1368//1368 1369//1369 1364//1364
f 1342//1342 1369//1369 1370//1370
f 1371//1371 1372//1372 1373//1373
f 1374//1374 1364//1364 1372//1372
f 1352//1352 1375//1375 1376//1376
f 1377//1377 1378//1378 1379//1379
f 1380//1380 1372//1372 1378//1378
f 1381//1381 1382//1382 1383//1383
f 1382//1382 1352//1352 1384//1384
f 1385//1385 1386//1386 1387//1387
f 1388//1388 1378//1378 1386//1386
f 1389//1389 1390//1390 1391//1391
f 1390//1390 1382//1382 1392//1392
f 1393//1393 1386//1386 459//459
f 1394//1394 1395//1395 1396//1396
f 1396//1396 1390//1390 1397//1397
f 1398//1398 1399//1399 1400//1400
f 1401//1401 1402//1402 1403//1403
f 1404//1404 1405//1405 1406//1406
f 1407//1407 1408//1408 1409//1409
f 1410//1410 1411//1411 1412//1412
f 1413//1413 1414//1414 1415//1415
f 1416//1416 1417//1417 1418//1418
f 1419//1419 1420//1420 1421//1421
f 1422//1422 1423//1423 1424//1424
f 1425//1425 1426//1426 1427//1427
f 1428//1428 1429//1429 1430//1430
f 1431//1431 1432//1432 1433//1433
f 1434//1434 1435//1435 1436//1436
f 1437//1437 1435//1435 1438//1438
f 1439//1439 1440//1440 1441//1441
f 1442//1442 1443//1443 1444//1444
f 1445//1445 1446//1446 1447//1447
f 1435//1435 1446//1446 1448//1448
f 1449//1449 1450//1450 1451//1451
f 1452//1452 1453//1453 1454//1454
f 1455//1455 1456//1456 1457//1457
f 1446//1446 1456//1456 1458//1458
f 1459//1459 1460//1460 1461//1461
f 1462//1462 1463//1463 1464//1464
f 1465//1465 1466//1466 1467//1467
f 1456//1456 1466//1466 1468//1468
f 1469//1469 1470//1470 1471//1471
f 1472//1472 1473//1473 1474//1474
f 1475//1475 1476//1476 1477//1477
f 1466//1466 1476//1476 1478//1478
f 1479//1479 1480//1480 1481//1481
f 1480//1480 1482//1482 1483//1483
f 1484//1484 1485//1485 1486//1486
f 1476//1476 1485//1485 1487//1487
f 1488//1488 1489//1489 1490//1490
f 1489//1489 1480//1480 1491//1491
f 1492//1492 1493//1493 1494//1494
f 1485//1485 1493//1493 1495//1495
f 1496//1496 1497//1497 1498//1498
f 1497//1497 1489//1489 1499//1499
f 1500//1500 1501//1501 1502//1502
f 1493//1493 1501//1501 1503//1503
f 1504//1504 1505//1505 1506//1506
f 1505//1505 1497//1497 1507//1507
f 1508//1508 1509//1509 1510//1510
f 1501//1501 1509//1509 1511//1511
f 1512//1512 1513//1513 1514//1514
f 1513//1513 1505//1505 1515//1515
f 1509//1509 1516//1516 1517//1517
f 1518//1518 1516//1516 720//720
f 1519//1519 1513//1513 1520//1520
f 1521//1521 713//713 1522//1522
f 1523//1523 1522//1522 1519//1519
f 1524//1524 1525//1525 1526//1526
f 737//737 1527//1527 1528//1528
f 1529//1529 1527//1527 1525//1525
f 1530//1530 1531//1531 763//763
f 1532//1532 1533//1533 1534//1534
f 1535//1535 713//713 763//763
f 1536//1536 1537//1537 713//713
f 1538//1538 1537//1537 1539//1539
f 1533//1533 1538//1538 1540//1540
f 1541//1541 1542//1542 1543//1543
f 1544//1544 1525//1525 1542//1542
f 1545//1545 1546//1546 1547//1547
f 1547//1547 1533//1533 1548//1548
f 1549//1549 1550//1550 1551//1551
f 1552//1552 1542//1542 1550//1550
f 1553//1553 1554//1554 1555//1555
f 1547//1547 1556//1556 1553//1553
f 1557//1557 1558//1558 1559//1559
f 1560//1560 1550//1550 1557//1557
f 1561//1561 1562//1562 1563//1563
f 1553//1553 1564//1564 1561//1561
f 1557//1557 1565//1565 1566//1566
f 1561//1561 1567//1567 1557//1557
f 1396//1396 1568//1568 1569//1569
f 1569//1569 1570//1570 877//877
f 1571//1571 1572//1572 1573//1573
f 1574//1574 1575//1575 1576//1576
f 1577//1577 1578//1578 1579//1579
f 1580//1580 1581//1581 1582//1582
f 1583//1583 1584//1584 1585//1585
f 1586//1586 1587//1587 1588//1588
f 1589//1589 1590//1590 1591//1591
f 1592//1592 1593//1593 1594//1594
f 1595//1595 1596//1596 1597//1597
f 1598//1598 1599//1599 1600//1600
f 1601//1601 1602//1602 1603//1603
f 1355//1355 1604//1604 1605//1605
f 1606//1606 372//372 1355//1355
f 1607//1607 1608//1608 1609//1609
f 1610//1610 1611//1611 1612//1612
f 1613//1613 1614//1614 1615//1615
f 1616//1616 1617//1617 1618//1618
f 1619//1619 1620//1620 1049//1049
f 1621//1621 1617//1617 1620//1620
f 1622//1622 1623//1623 1624//1624
f 1073//1073 1625//1625 1626//1626
f 1627//1627 1625//1625 1623//1623
f 1628//1628 1629//1629 1630//1630
f 1631//1631 1629//1629 1617//1617
f 1632//1632 1633//1633 1634//1634
f 1635//1635 1623//1623 1633//1633
f 1636//1636 1637//1637 1638//1638
f 1639//1639 1640//1640 1629//1629
f 1641//1641 1637//1637 1640//1640
f 1642//1642 1643//1643 1644//1644
f 1645//1645 1633//1633 1646//1646
f 1647//1647 1646//1646 1643//1643
f 1648//1648 1649//1649 1637//1637
f 1137//1137 1649//1649 1650//1650
f 1651//1651 1643//1643 1652//1652
f 1653//1653 1652//1652 1164//1164
f 1654//1654 1655//1655 1369//1369
f 1342//1342 1656//1656 1369//1369
f 1657//1657 1658//1658 1659//1659
f 1660//1660 1661//1661 1662//1662
f 1663//1663 1664//1664 1665//1665
f 1666//1666 1667//1667 1668//1668
f 1669//1669 1670//1670 1671//1671
f 1672//1672 1673//1673 1674//1674
f 1675//1675 1676//1676 1677//1677
f 1678//1678 1679//1679 1680//1680
f 1681//1681 1682//1682 1683//1683
f 1684//1684 1685//1685 1686//1686
f 1687//1687 1688//1688 1689//1689
f 1690//1690 1691//1691 1692//1692
f 1693//1693 1694//1694 1695//1695
f 1696//1696 1697//1697 1698//1698
f 1699//1699 1700//1700 1701//1701
f 1702//1702 1703//1703 1704//1704
f 1705//1705 1706//1706 1707//1707
f 1708//1708 1709//1709 1710//1710
f 1711//1711 1712//1712 1713//1713
f 1714//1714 1715//1715 1716//1716
f 1717//1717 1718//1718 1719//1719
f 1720//1720 1721//1721 1722//1722
f 1723//1723 1724//1724 1725//1725
f 1726//1726 1727//1727 1728//1728
f 1729//1729 1730//1730 1731//1731
f 1732//1732 1727//1727 1730//1730
f 1727//1727 1733//1733 1734//1734
f 1735//1735 1736//1736 1737//1737
f 1738//1738 1736//1736 1739//1739
f 1740//1740 1741//1741 1742//1742
f 1743//1743 1744//1744 1745//1745
f 1746//1746 1744//1744 1736//1736
f 1747//1747 1748//1748 1749//1749
f 1750//1750 1727//1727 1751//1751
f 1750//1750 1752//1752 1747//1747
f 1753//1753 1754//1754 1755//1755
f 1756//1756 1736//1736 1757//1757
f 1757//1757 1754//1754 1758//1758
f 1759//1759 1760//1760 1761//1761
f 1750//1750 1762//1762 1763//1763
f 1764//1764 1765//1765 1759//1759
f 1747//1747 1766//1766 1750//1750
f 1767//1767 1768//1768 1769//1769
f 1770//1770 1771//1771 1757//1757
f 1772//1772 1769//1769 1773//1773
f 1757//1757 1774//1774 1754//1754
f 1775//1775 1776//1776 1777//1777
f 1759//1759 1778//1778 1775//1775
f 1779//1779 1780//1780 1781//1781
f 1781//1781 1782//1782 1769//1769
f 1783//1783 1784//1784 1785//1785
f 1786//1786 1775//1775 1787//1787
f 1788//1788 1789//1789 1781//1781
f 1790//1790 1791//1791 1792//1792
f 1793//1793 1794//1794 1795//1795
f 1796//1796 1797//1797 1798//1798
f 1799//1799 1800//1800 1801//1801
f 1802//1802 1803//1803 1804//1804
f 1805//1805 1806//1806 1807//1807
f 1808//1808 1809//1809 1810//1810
f 1811//1811 1812//1812 1813//1813
f 1814//1814 1815//1815 1816//1816
f 1817//1817 1818//1818 1819//1819
f 1820//1820 1821//1821 1822//1822
f 1823//1823 1824//1824 1825//1825
f 1823//1823 1435//1435 1826//1826
f 1827//1827 1828//1828 1829//1829
f 1830//1830 1831//1831 1832//1832
f 1833//1833 1834//1834 1835//1835
f 1836//1836 1837//1837 1838//1838
f 1839//1839 1840//1840 1841//1841
f 1842//1842 1843//1843 1844//1844
f 1845//1845 1846//1846 1847//1847
f 1848//1848 1849//1849 1850//1850
f 1851//1851 1852//1852 1853//1853
f 1854//1854 1855//1855 1856//1856
f 1857//1857 1858//1858 1859//1859
f 1860//1860 1861//1861 1862//1862
f 1863//1863 1864//1864 1865//1865
f 1866//1866 1867//1867 1868//1868
f 1869//1869 1870//1870 1871//1871
f 1872//1872 1873//1873 1874//1874
f 1875//1875 1876//1876 1877//1877
f 1878//1878 1879//1879 1880//1880
f 1881//1881 1882//1882 1883//1883
f 1884//1884 1885//1885 1886//1886
f 1887//1887 1888//1888 1889//1889
f 1890//1890 1891//1891 1892//1892
f 1893//1893 1894//1894 1895//1895
f 1896//1896 1897//1897 1898//1898
f 1899//1899 1900//1900 1901//1901
f 1902//1902 1903//1903 1904//1904
f 1905//1905 1906//1906 1907//1907
f 1908//1908 1909//1909 1910//1910
f 1911//1911 1912//1912 1913//1913
f 1914//1914 1915//1915 1916//1916
f 1917//1917 1918//1918 1914//1914
f 1919//1919 1920//1920 1480//1480
f 1914//1914 1921//1921 1919//1919
f 1922//1922 1923//1923 1924//1924
f 1358//1358 1925//1925 1355//1355
f 1922//1922 1926//1926 1358//1358
f 1927//1927 1928//1928 1929//1929
f 1930//1930 1931//1931 1932//1932
f 1933//1933 1934//1934 1935//1935
f 1936//1936 1937//1937 1938//1938
f 1939//1939 1940//1940 1941//1941
f 1942//1942 1943//1943 1944//1944
f 1369//1369 1945//1945 1946//1946
f 1947//1947 1948//1948 1946//1946
f 1949//1949 1781//1781 1948//1948
f 1950//1950 1775//1775 1951//1951
f 1952//1952 1953//1953 1922//1922
f 1952//1952 1950//1950 1954//1954
f 1955//1955 1956//1956 1957//1957
f 1958//1958 1959//1959 1960//1960
f 1961//1961 1962//1962 1963//1963
f 1964//1964 1965//1965 1966//1966
f 1967//1967 1968//1968 1969//1969
f 1970//1970 1971//1971 1750//1750
f 1972//1972 1973//1973 1974//1974
f 1759//1759 1775//1775 1975//1975
f 1976//1976 1775//1775 1977//1977
f 1977//1977 1973//1973 1978//1978
f 1757//1757 1979//1979 1980//1980
f 1981//1981 1982//1982 1983//1983
f 1781//1781 1769//1769 1984//1984
f 1985//1985 1986//1986 1781//1781
f 1983//1983 1986//1986 1987//1987
f 1988//1988 1989//1989 1990//1990
f 1991//1991 1992//1992 1993//1993
f 1994//1994 1995//1995 1996//1996
f 1997//1997 1998//1998 1999//1999
f 2000//2000 1977//1977 2001//2001
f 2002//2002 2003//2003 2004//2004
f 2005//2005 1977//1977 1775//1775
f 2006//2006 1775//1775 1950//1950
f 1950//1950 2002//2002 2007//2007
f 2008//2008 2009//2009 2010//2010
f 2011//2011 1986//1986 2012//2012
f 2013//2013 2014//2014 2015//2015
f 1948//1948 1781//1781 2016//2016
f 1781//1781 1986//1986 2017//2017
f 1948//1948 2018//2018 2015//2015
f 2019//2019 1352//1352 2020//2020
f 2021//2021 2022//2022 2023//2023
f 2024//2024 2025//2025 2026//2026
f 2027//2027 1352//1352 2028//2028
f 2023//2023 2029//2029 2030//2030
f 1372//1372 2031//2031 2032//2032
f 2033//2033 2034//2034 2035//2035
f 2036//2036 2037//2037 2038//2038
f 1372//1372 2039//2039 2040//2040
f 2041//2041 2042//2042 2033//2033
f 2043//2043 1382//1382 2044//2044
f 2023//2023 2045//2045 2046//2046
f 2047//2047 1352//1352 1382//1382
f 1378//1378 2048//2048 2049//2049
f 2033//2033 2050//2050 2051//2051
f 1372//1372 2052//2052 1378//1378
f 2053//2053 2054//2054 2055//2055
f 2056//2056 1390//1390 2057//2057
f 2058//2058 2059//2059 2060//2060
f 2061//2061 1382//1382 1390//1390
f 2023//2023 2062//2062 2058//2058
f 2063//2063 2064//2064 2065//2065
f 1386//1386 2066//2066 2067//2067
f 2068//2068 2069//2069 2070//2070
f 1378//1378 2071//2071 1386//1386
f 2068//2068 2072//2072 2033//2033
f 2073//2073 2074//2074 2075//2075
f 2076//2076 1569//1569 2077//2077
f 2078//2078 2079//2079 2080//2080
f 2081//2081 2082//2082 1569//1569
f 2081//2081 2083//2083 2084//2084
f 2083//2083 2079//2079 2085//2085
f 2086//2086 2087//2087 2088//2088
f 2089//2089 2090//2090 2091//2091
f 2092//2092 1390//1390 1396//1396
f 1396//1396 1569//1569 2093//2093
f 2094//2094 2095//2095 2096//2096
f 2097//2097 2098//2098 2099//2099
f 2100//2100 2101//2101 2102//2102
f 2103//2103 2104//2104 2105//2105
f 1386//1386 2106//2106 2098//2098
f 2107//2107 2108//2108 2109//2109
f 2110//2110 2098//2098 2111//2111
f 2112//2112 2113//2113 2110//2110
f 2114//2114 2115//2115 2113//2113
f 2116//2116 2108//2108 2117//2117
f 2117//2117 2115//2115 2118//2118
f 2119//2119 2120//2120 2121//2121
f 2122//2122 2079//2079 2123//2123
f 2124//2124 2123//2123 2120//2120
f 2125//2125 2108//2108 2126//2126
f 2127//2127 2128//2128 2129//2129
f 2130//2130 2120//2120 2128//2128
f 2131//2131 2132//2132 2133//2133
f 2134//2134 2132//2132 2108//2108
f 2058//2058 2135//2135 2136//2136
f 2137//2137 2138//2138 2139//2139
f 2140//2140 2128//2128 2138//2138
f 2068//2068 2141//2141 2142//2142
f 2143//2143 2144//2144 2145//2145
f 2146//2146 2144//2144 2132//2132
f 2147//2147 2148//2148 2149//2149
f 2150//2150 2151//2151 2152//2152
f 2153//2153 2154//2154 2155//2155
f 2156//2156 2157//2157 2158//2158
f 2159//2159 2160//2160 2161//2161
f 2162//2162 2158//2158 2058//2058
f 2163//2163 2138//2138 2151//2151
f 2164//2164 2165//2165 2166//2166
f 2167//2167 2168//2168 2169//2169
f 2170//2170 2171//2171 2172//2172
f 2173//2173 2174//2174 2175//2175
f 2175//2175 2176//2176 2068//2068
f 2177//2177 2168//2168 2144//2144
f 2178//2178 2179//2179 2180//2180
f 2181//2181 2182//2182 2183//2183
f 2184//2184 2185//2185 2186//2186
f 2187//2187 2188//2188 2189//2189
f 2190//2190 2151//2151 2188//2188
f 2191//2191 2192//2192 2193//2193
f 2194//2194 2195//2195 2196//2196
f 2197//2197 2198//2198 2199//2199
f 2200//2200 2201//2201 2202//2202
f 2203//2203 2204//2204 2205//2205
f 2206//2206 2204//2204 2168//2168
f 2207//2207 2208//2208 2209//2209
f 2210//2210 2211//2211 2212//2212
f 2213//2213 2214//2214 2215//2215
f 2216//2216 2217//2217 2218//2218
f 2219//2219 2220//2220 2158//2158
f 2221//2221 2222//2222 2223//2223
f 2158//2158 2224//2224 2210//2210
f 2225//2225 2226//2226 2227//2227
f 2210//2210 2228//2228 2229//2229
f 2230//2230 2231//2231 2232//2232
f 2233//2233 2175//2175 2234//2234
f 2235//2235 2236//2236 2237//2237
f 2238//2238 2239//2239 2240//2240
f 2241//2241 2175//2175 2210//2210
f 2242//2242 2243//2243 2244//2244
f 2245//2245 2246//2246 2247//2247
f 2248//2248 2249//2249 2250//2250
f 2251//2251 2252//2252 2253//2253
f 2254//2254 2255//2255 2256//2256
f 2257//2257 2258//2258 2259//2259
f 2260//2260 2175//2175 2261//2261
f 2262//2262 2263//2263 2264//2264
f 2265//2265 2266//2266 2267//2267
f 2268//2268 2269//2269 2270//2270
f 2271//2271 2272//2272 2273//2273
f 2274//2274 2275//2275 2276//2276
f 2277//2277 2278//2278 2279//2279
f 2280//2280 2281//2281 2282//2282
f 2283//2283 2284//2284 2285//2285
f 2286//2286 2287//2287 2288//2288
f 2289//2289 2290//2290 2291//2291
f 2292//2292 2293//2293 2294//2294
f 2295//2295 2296//2296 2297//2297
f 2298//2298 2299//2299 2300//2300
f 2301//2301 2302//2302 2303//2303
f 2304//2304 2305//2305 2306//2306
f 2307//2307 2308//2308 2309//2309
f 2310//2310 2311//2311 2312//2312
f 2313//2313 2314//2314 2315//2315
f 2316//2316 2317//2317 2318//2318
f 2319//2319 2320//2320 2321//2321
f 2322//2322 2323//2323 2324//2324
f 2325//2325 2326//2326 2327//2327
f 2328//2328 2329//2329 2330//2330
f 2331//2331 2332//2332 2158//2158
f 2333//2333 2334//2334 2335//2335
f 2336//2336 2337//2337 2338//2338
f 2339//2339 2340//2340 2341//2341
f 2342//2342 2343//2343 2344//2344
f 2158//2158 2345//2345 2346//2346
f 2347//2347 2348//2348 2349//2349
f 2350//2350 2351//2351 2352//2352
f 2353//2353 2354//2354 2355//2355
f 2356//2356 2357//2357 2358//2358
f 2359//2359 2360//2360 2175//2175
f 2361//2361 2362//2362 2363//2363
f 2364//2364 2365//2365 2366//2366
f 2367//2367 2368//2368 2369//2369
f 2370//2370 2371//2371 2372//2372
f 2373//2373 2374//2374 2375//2375
f 2376//2376 2377//2377 2378//2378
f 2379//2379 2380//2380 2381//2381
f 2382//2382 2383//2383 2384//2384
f 2385//2385 2386//2386 2387//2387
f 2388//2388 2389//2389 2390//2390
f 2391//2391 2392//2392 2393//2393
f 2394//2394 2395//2395 2396//2396
f 2397//2397 2398//2398 2399//2399
f 2400//2400 2401//2401 2402//2402
f 2403//2403 2404//2404 2405//2405
f 2406//2406 2407//2407 2408//2408
f 2409//2409 2410//2410 2411//2411
f 2412//2412 2413//2413 2414//2414
f 2415//2415 2416//2416 2417//2417
f 2418//2418 2419//2419 2420//2420
f 2421//2421 2422//2422 2423//2423
f 2424//2424 2425//2425 2426//2426
f 2427//2427 2428//2428 2429//2429
f 2430//2430 2431//2431 2432//2432
f 2433//2433 2434//2434 2435//2435
f 2436//2436 2437//2437 2438//2438
f 2439//2439 2440//2440 2441//2441
f 2442//2442 2443//2443 2444//2444
f 2445//2445 2446//2446 2447//2447
f 2448//2448 2449//2449 2450//2450
f 2451//2451 2452//2452 2453//2453
f 2454//2454 2455//2455 2456//2456
f 2457//2457 2458//2458 2459//2459
f 2460//2460 2461//2461 2462//2462
f 2463//2463 2464//2464 2465//2465
f 2466//2466 2467//2467 2468//2468
f 2469//2469 2470//2470 2471//2471
f 2472//2472 2473//2473 2474//2474
f 2475//2475 2476//2476 2477//2477
f 2478//2478 2479//2479 2480//2480
f 2481//2481 2482//2482 2483//2483
f 2484//2484 2485//2485 2486//2486
f 2487//2487 2488//2488 2489//2489
f 2490//2490 2491//2491 2492//2492
f 2493//2493 2494//2494 2495//2495
f 2496//2496 2497//2497 2498//2498
f 2499//2499 2500//2500 2501//2501
f 2502//2502 2503//2503 2504//2504
f 2505//2505 2506//2506 2507//2507
f 2508//2508 2509//2509 2510//2510
f 2511//2511 2512//2512 2513//2513
f 2514//2514 2515//2515 2516//2516
f 2517//2517 2518//2518 2519//2519
f 2520//2520 2521//2521 2522//2522
f 2523//2523 2524//2524 2525//2525
f 2526//2526 2527//2527 2528//2528
f 2529//2529 2530//2530 2531//2531
f 2532//2532 2533//2533 2534//2534
f 2535//2535 2536//2536 2537//2537
f 2538//2538 2539//2539 2540//2540
f 2541//2541 2542//2542 2543//2543
f 2544//2544 2545//2545 2546//2546
f 2547//2547 2548//2548 2549//2549
f 2550//2550 2551//2551 2552//2552
f 2553//2553 2554//2554 2555//2555
f 2556//2556 2557//2557 2558//2558
f 2559//2559 2560//2560 2561//2561
f 2562//2562 2563//2563 2564//2564
f 2565//2565 2566//2566 2567//2567
f 2568//2568 2569//2569 2570//2570
f 2571//2571 2572//2572 2573//2573
f 2574//2574 2575//2575 2576//2576
f 2577//2577 2578//2578 2579//2579
f 2580//2580 2581//2581 2582//2582
f 2583//2583 2584//2584 2585//2585
f 2586//2586 2587//2587 2588//2588
f 2589//2589 2590//2590 2591//2591
f 2592//2592 2593//2593 2594//2594
f 2595//2595 2596//2596 2597//2597
f 2598//2598 2599//2599 2600//2600
f 2601//2601 2602//2602 2603//2603
f 2604//2604 2605//2605 2606//2606
f 2607//2607 2608//2608 2609//2609
f 2610//2610 2611//2611 2612//2612
f 2613//2613 2614//2614 2615//2615
f 2616//2616 2617//2617 2618//2618
f 2619//2619 2620//2620 2621//2621
f 2622//2622 2623//2623 2624//2624
f 2625//2625 2626//2626 2627//2627
f 2628//2628 2629//2629 2630//2630
f 2631//2631 2632//2632 2633//2633
f 2634//2634 2635//2635 2636//2636
f 2637//2637 2638//2638 2639//2639
f 2640//2640 2641//2641 2642//2642
f 2643//2643 2644//2644 2645//2645
f 2646//2646 2647//2647 2648//2648
f 2649//2649 2650//2650 2651//2651
f 2652//2652 2653//2653 2654//2654
f 2655//2655 2656//2656 2657//2657
f 2658//2658 2659//2659 2660//2660
f 2661//2661 2662//2662 2663//2663
f 2664//2664 2665//2665 2666//2666
f 2667//2667 2668//2668 2669//2669
f 2670//2670 2671//2671 2672//2672
f 2673//2673 2674//2674 2675//2675
f 2676//2676 2677//2677 2678//2678
f 2679//2679 2680//2680 2681//2681
f 2682//2682 2683//2683 2684//2684
f 2685//2685 2686//2686 2687//2687
f 2688//2688 2689//2689 2690//2690
f 2691//2691 2692//2692 2693//2693
f 2694//2694 2695//2695 2696//2696
f 2697//2697 2698//2698 2699//2699
f 2700//2700 2701//2701 2702//2702
f 2703//2703 2704//2704 2705//2705
f 2706//2706 2707//2707 2708//2708
f 2709//2709 2710//2710 2711//2711
f 2712//2712 2713//2713 2714//2714
f 2715//2715 2716//2716 2717//2717
f 2718//2718 2719//2719 2720//2720
f 2721//2721 2722//2722 2723//2723
f 2724//2724 2725//2725 2726//2726
f 2727//2727 2728//2728 2729//2729
f 2730//2730 2731//2731 2732//2732
f 2733//2733 2734//2734 2735//2735
f 2736//2736 2737//2737 2738//2738
f 2739//2739 2740//2740 2741//2741
f 2742//2742 2743//2743 2744//2744
f 2745//2745 2746//2746 2747//2747
f 2748//2748 2749//2749 2750//2750
f 2751//2751 2752//2752 2753//2753
f 2754//2754 2755//2755 2756//2756
f 2757//2757 2758//2758 2759//2759
f 2760//2760 2761//2761 2762//2762
f 2763//2763 2764//2764 2765//2765
f 2766//2766 2767//2767 2768//2768
f 2769//2769 2770//2770 2771//2771
f 2772//2772 2773//2773 2774//2774
f 2775//2775 2776//2776 2777//2777
f 2778//2778 2779//2779 2780//2780
f 2781//2781 2782//2782 2783//2783
f 2784//2784 2785//2785 2786//2786
f 2787//2787 2788//2788 2789//2789
f 2790//2790 2791//2791 2792//2792
f 2793//2793 2794//2794 2795//2795
f 2796//2796 2797//2797 2798//2798
f 2799//2799 2800//2800 2801//2801
f 2802//2802 2803//2803 2804//2804
f 2805//2805 2806//2806 2807//2807
f 2808//2808 2809//2809 2810//2810
f 2811//2811 2812//2812 2813//2813
f 2814//2814 2815//2815 2816//2816
f 2817//2817 2818//2818 2819//2819
f 2820//2820 2821//2821 2822//2822
f 2823//2823 2824//2824 2825//2825
f 2826//2826 2827//2827 2828//2828
f 2829//2829 2830//2830 2831//2831
f 2832//2832 2833//2833 2834//2834
f 2835//2835 2836//2836 2837//2837
f 2838//2838 2839//2839 2840//2840
f 2841//2841 2842//2842 2843//2843
f 2844//2844 2845//2845 2846//2846
f 2847//2847 2848//2848 2849//2849
f 2850//2850 2188//2188 2848//2848
f 2851//2851 2852//2852 2853//2853
f 2854//2854 2852//2852 2204//2204
f 2855//2855 2856//2856 2857//2857
f 2858//2858 2859//2859 2860//2860
f 2861//2861 2862//2862 2863//2863
f 2864//2864 2865//2865 2866//2866
f 2867//2867 2868//2868 2869//2869
f 2870//2870 2871//2871 2872//2872
f 2873//2873 2874//2874 2875//2875
f 2876//2876 2877//2877 2878//2878
f 2879//2879 2880//2880 2881//2881
f 2882//2882 2883//2883 2884//2884
f 2885//2885 2886//2886 2887//2887
f 2888//2888 2889//2889 2890//2890
f 2891//2891 2892//2892 2893//2893
f 2894//2894 2895//2895 2896//2896
f 2897//2897 2898//2898 2899//2899
f 2900//2900 2901//2901 2902//2902
f 2903//2903 2904//2904 2905//2905
f 2906//2906 2907//2907 2908//2908
f 2909//2909 2848//2848 2907//2907
f 2910//2910 2911//2911 2912//2912
f 2913//2913 2914//2914 2915//2915
f 2916//2916 2914//2914 2852//2852
f 2917//2917 2918//2918 2919//2919
f 2920//2920 2921//2921 2922//2922
f 2923//2923 2924//2924 2925//2925
f 2926//2926 2927//2927 2928//2928
f 2929//2929 2930//2930 2931//2931
f 2932//2932 2933//2933 2934//2934
f 2935//2935 2936//2936 2937//2937
f 2938//2938 2939//2939 2940//2940
f 2941//2941 2942//2942 2943//2943
f 2944//2944 2945//2945 2946//2946
f 2947//2947 2948//2948 2949//2949
f 2950//2950 2951//2951 2952//2952
f 2953//2953 2954//2954 2955//2955
f 2956//2956 2957//2957 2958//2958
f 2959//2959 2960//2960 2961//2961
f 2962//2962 2963//2963 2964//2964
f 2965//2965 2966//2966 2967//2967
f 2968//2968 2969//2969 2970//2970
f 2971//2971 2972//2972 2973//2973
f 2974//2974 2907//2907 2966//2966
f 2975//2975 2976//2976 2977//2977
f 2978//2978 2979//2979 2980//2980
f 2981//2981 2982//2982 2983//2983
f 2984//2984 2979//2979 2914//2914
f 2985//2985 2986//2986 2987//2987
f 2988//2988 2966//2966 2989//2989
f 2990//2990 2991//2991 2992//2992
f 2993//2993 2994//2994 2995//2995
f 2996//2996 2997//2997 2998//2998
f 2997//2997 2979//2979 2999//2999
f 3000//3000 3001//3001 3002//3002
f 3003//3003 3004//3004 3005//3005
f 3006//3006 2966//2966 3003//3003
f 3007//3007 3008//3008 3009//3009
f 3010//3010 3011//3011 3012//3012
f 3013//3013 3014//3014 2997//2997
f 3015//3015 3016//3016 3017//3017
f 3018//3018 3019//3019 3020//3020
f 3021//3021 3022//3022 3023//3023
f 3024//3024 3025//3025 3026//3026
f 3027//3027 3028//3028 3029//3029
f 3030//3030 3031//3031 3032//3032
f 3033//3033 3034//3034 3035//3035
f 3036//3036 3037//3037 3038//3038
f 3003//3003 3039//3039 3040//3040
f 3041//3041 3042//3042 3043//3043
f 3044//3044 3045//3045 3046//3046
f 3047//3047 3048//3048 3049//3049
f 3050//3050 3051//3051 3052//3052
f 3053//3053 3054//3054 3055//3055
f 3056//3056 3057//3057 3058//3058
f 3059//3059 3060//3060 3061//3061
f 3062//3062 3063//3063 3064//3064
f 3065//3065 3066//3066 3067//3067
f 3068//3068 3069//3069 3070//3070
f 3071//3071 3072//3072 3073//3073
f 3074//3074 3075//3075 3076//3076
f 3077//3077 3078//3078 3079//3079
f 3080//3080 3081//3081 3082//3082
f 1823//1823 3083//3083 3003//3003
f 3084//3084 3085//3085 3086//3086
f 3087//3087 3088//3088 3089//3089
f 3090//3090 3091//3091 3092//3092
f 3093//3093 3094//3094 3095//3095
f 3096//3096 3097//3097 3098//3098
f 3099//3099 3100//3100 3101//3101
f 3102//3102 3103//3103 3104//3104
f 3105//3105 3106//3106 3107//3107
f 3108//3108 3109//3109 3110//3110
f 3111//3111 3112//3112 3113//3113
f 3114//3114 3115//3115 3116//3116
f 3117//3117 3118//3118 3119//3119
f 3120//3120 3121//3121 3122//3122
f 3123//3123 3124//3124 3125//3125
f 3126//3126 3127//3127 3128//3128
f 3129//3129 3130//3130 3131//3131
f 3132//3132 3133//3133 3134//3134
f 3135//3135 3136//3136 3137//3137
f 3138//3138 3139//3139 3140//3140
f 3141//3141 3142//3142 3143//3143
f 3144//3144 3145//3145 3146//3146
f 3147//3147 3148//3148 3149//3149
f 3150//3150 3151//3151 3152//3152
f 3153//3153 3154//3154 3155//3155
f 3156//3156 3157//3157 3158//3158
f 3159//3159 3160//3160 3161//3161
f 3162//3162 3163//3163 3164//3164
f 3165//3165 3166//3166 3167//3167
f 3168//3168 3169//3169 3170//3170
f 3171//3171 3172//3172 3173//3173
f 3174//3174 3175//3175 3176//3176
f 3177//3177 3178//3178 3179//3179
f 3180//3180 3181//3181 3182//3182
f 3183//3183 3184//3184 3185//3185
f 3186//3186 3187//3187 3188//3188
f 3189//3189 3190//3190 3191//3191
f 3192//3192 3193//3193 3194//3194
f 3195//3195 3196//3196 3197//3197
f 3198//3198 3199//3199 3200//3200
f 3201//3201 3202//3202 3203//3203
f 3204//3204 3205//3205 3206//3206
f 3207//3207 3208//3208 3209//3209
f 3210//3210 3211//3211 3212//3212
f 3213//3213 3214//3214 3215//3215
f 3216//3216 3217//3217 3218//3218
f 3219//3219 3220//3220 3221//3221
f 3222//3222 3223//3223 3224//3224
f 3225//3225 3226//3226 3227//3227
f 3228//3228 3229//3229 3230//3230
f 3231//3231 3232//3232 3233//3233
f 3234//3234 3235//3235 3236//3236
f 3237//3237 3238//3238 3239//3239
f 3240//3240 3241//3241 3242//3242
f 3243//3243 3244//3244 3245//3245
f 3246//3246 3247//3247 3248//3248
f 3249//3249 3250//3250 3251//3251
f 3252//3252 3253//3253 3254//3254
f 3255//3255 3256//3256 3257//3257
f 3258//3258 3259//3259 3260//3260
f 3261//3261 3262//3262 3263//3263
f 3264//3264 3265//3265 3266//3266
f 3267//3267 3268//3268 3269//3269
f 3270//3270 3271//3271 3272//3272
f 3273//3273 3274//3274 3275//3275
f 3276//3276 3277//3277 3278//3278
f 3279//3279 3280//3280 3281//3281
f 3282//3282 3283//3283 3284//3284
f 3285//3285 3286//3286 3287//3287
f 3288//3288 3289//3289 3290//3290
f 3291//3291 3292//3292 3293//3293
f 3294//3294 3295//3295 3296//3296
f 3297//3297 3298//3298 3299//3299
f 3300//3300 3301//3301 3302//3302
f 3303//3303 3304//3304 3305//3305
f 3306//3306 3307//3307 3308//3308
f 3309//3309 3310//3310 3311//3311
f 3312//3312 3313//3313 3314//3314
f 3315//3315 3316//3316 3317//3317
f 3318//3318 3319//3319 3320//3320
f 3321//3321 3322//3322 3323//3323
f 3324//3324 3325//3325 3326//3326
f 3327//3327 3328//3328 3329//3329
f 3330//3330 3331//3331 3332//3332
f 3333//3333 3334//3334 3335//3335
f 3336//3336 3337//3337 3338//3338
f 3339//3339 3340//3340 3341//3341
f 3342//3342 3343//3343 3344//3344
f 3345//3345 3346//3346 3347//3347
f 3348//3348 3349//3349 3350//3350
f 3351//3351 3352//3352 3353//3353
f 3354//3354 3355//3355 3356//3356
f 3357//3357 3358//3358 3359//3359
f 3360//3360 3361//3361 3362//3362
f 3363//3363 3364//3364 3365//3365
f 3366//3366 3367//3367 3368//3368
f 3369//3369 3370//3370 3371//3371
f 3372//3372 3373//3373 3374//3374
f 3375//3375 3376//3376 3377//3377
f 3378//3378 3379//3379 3380//3380
f 3381//3381 3382//3382 3383//3383
f 3384//3384 3385//3385 3386//3386
f 3387//3387 3388//3388 3389//3389
f 3390//3390 3391//3391 3392//3392
f 3393//3393 3394//3394 3395//3395
f 3396//3396 3397//3397 3398//3398
f 3399//3399 3400//3400 3401//3401
f 3402//3402 3403//3403 3404//3404
f 3405//3405 3406//3406 3407//3407
f 3408//3408 3409//3409 3410//3410
f 3411//3411 3412//3412 3413//3413
f 3414//3414 3415//3415 3416//3416
f 3417//3417 3418//3418 3419//3419
f 3420//3420 3421//3421 3422//3422
f 3423//3423 3424//3424 3425//3425
f 3426//3426 3427//3427 3428//3428
f 3429//3429 3430//3430 3431//3431
f 3432//3432 3433//3433 3434//3434
f 3435//3435 3436//3436 3437//3437
f 3438//3438 3439//3439 3440//3440
f 3441//3441 3442//3442 3443//3443
f 3444//3444 3445//3445 3446//3446
f 3447//3447 3448//3448 3449//3449
f 3450//3450 3451//3451 3452//3452
f 3453//3453 3454//3454 3455//3455
f 3456//3456 3457//3457 3458//3458
f 3459//3459 3460//3460 3461//3461
f 3462//3462 3463//3463 3464//3464
f 3465//3465 3466//3466 3467//3467
f 3468//3468 3469//3469 3470//3470
f 3471//3471 3472//3472 3473//3473
f 3474//3474 3475//3475 3476//3476
f 3477//3477 3478//3478 3479//3479
f 3480//3480 3481//3481 3482//3482
f 3483//3483 3484//3484 3485//3485
f 3486//3486 3487//3487 3488//3488
f 3489//3489 3490//3490 3491//3491
f 3492//3492 3493//3493 3494//3494
f 3495//3495 3496//3496 3497//3497
f 3498//3498 3499//3499 3500//3500
f 3501//3501 3502//3502 3503//3503
f 3504//3504 3505//3505 3506//3506
f 3507//3507 3508//3508 3509//3509
f 3510//3510 3511//3511 3512//3512
f 3513//3513 3514//3514 3515//3515
f 3516//3516 3517//3517 3518//3518
f 3519//3519 3520//3520 3521//3521
f 3522//3522 3523//3523 3524//3524
f 3525//3525 3526//3526 3527//3527
f 3528//3528 3529//3529 3530//3530
f 3531//3531 3532//3532 3533//3533
f 3534//3534 3535//3535 3536//3536
f 3537//3537 3538//3538 3539//3539
f 3540//3540 3541//3541 3542//3542
f 3543//3543 3544//3544 3545//3545
f 3546//3546 3547//3547 3548//3548
f 3549//3549 3550//3550 3551//3551
f 3552//3552 3553//3553 3554//3554
f 3555//3555 3556//3556 3557//3557
f 3558//3558 3559//3559 3560//3560
f 3561//3561 3562//3562 3563//3563
f 3564//3564 3565//3565 3566//3566
f 3567//3567 3568//3568 3569//3569
f 3570//3570 3571//3571 3572//3572
f 3573//3573 3574//3574 3575//3575
f 3576//3576 3577//3577 3578//3578
f 3579//3579 3580//3580 3581//3581
f 3582//3582 1359//1359 3583//3583
f 3584//3584 1359//1359 1352//1352
f 3585//3585 3586//3586 3587//3587
f 3588//3588 3589//3589 3590//3590
f 1364//1364 3591//3591 3592//3592
f 1364//1364 3593//3593 1372//1372
f 3594//3594 3595//3595 3596//3596
f 3597//3597 3598//3598 3599//3599
f 3600//3600 3601//3601 3602//3602
f 3603//3603 3604//3604 3605//3605
f 3606//3606 3607//3607 3608//3608
f 3609//3609 3610//3610 3611//3611
f 2023//2023 3612//3612 3613//3613
f 3614//3614 3615//3615 3616//3616
f 3617//3617 3618//3618 3619//3619
f 2033//2033 3620//3620 3621//3621
f 3622//3622 3623//3623 3624//3624
f 3625//3625 3626//3626 3627//3627
f 3628//3628 3629//3629 3630//3630
f 2058//2058 3631//3631 3632//3632
f 3633//3633 3634//3634 3635//3635
f 2058//2058 3636//3636 2023//2023
f 3637//3637 3638//3638 3639//3639
f 2068//2068 3640//3640 3641//3641
f 2033//2033 3642//3642 2068//2068
f 3643//3643 3644//3644 3645//3645
f 2158//2158 3646//3646 3647//3647
f 3648//3648 3649//3649 3650//3650
f 2158//2158 3651//3651 2058//2058
f 3652//3652 3653//3653 3654//3654
f 2175//2175 3655//3655 3656//3656
f 3657//3657 3658//3658 3659//3659
f 2068//2068 3660//3660 2175//2175
f 3661//3661 3662//3662 3663//3663
f 2210//2210 3664//3664 3665//3665
f 3666//3666 3667//3667 3668//3668
f 2210//2210 3669//3669 2158//2158
f 3670//3670 3671//3671 3672//3672
f 2175//2175 3673//3673 2210//2210
f 3674//3674 3675//3675 3676//3676
f 1364//1364 3677//3677 3678//3678
f 3679//3679 3680//3680 3681//3681
f 3682//3682 1359//1359 3683//3683
f 3684//3684 3685//3685 3686//3686
f 3687//3687 3688//3688 3689//3689
f 3690//3690 3691//3691 3692//3692
f 3693//3693 3694//3694 3695//3695
f 3696//3696 3697//3697 3698//3698
f 3699//3699 3700//3700 3701//3701
f 3702//3702 3703//3703 3704//3704
f 3705//3705 3706//3706 3707//3707
f 3708//3708 3709//3709 3710//3710
f 3711//3711 3712//3712 3713//3713
f 3714//3714 3715//3715 3716//3716
f 3717//3717 3718//3718 3719//3719
f 3720//3720 3721//3721 3722//3722
f 3723//3723 3724//3724 3725//3725
f 3726//3726 3727//3727 3728//3728
f 3729//3729 3730//3730 3731//3731
f 3732//3732 3733//3733 3734//3734
f 3735//3735 3736//3736 3737//3737
f 3738//3738 3739//3739 3740//3740
f 3741//3741 3742//3742 3743//3743
f 3744//3744 3745//3745 3746//3746
f 3747//3747 3748//3748 3749//3749
f 3750//3750 3751//3751 3752//3752
f 3753//3753 3754//3754 3755//3755
f 3756//3756 3757//3757 3758//3758
f 3759//3759 3760//3760 3761//3761
f 3762//3762 3763//3763 3764//3764
f 3765//3765 3766//3766 3767//3767
f 3768//3768 3769//3769 3770//3770
f 3771//3771 3772//3772 3773//3773
f 3774//3774 3775//3775 3776//3776
f 3777//3777 3778//3778 3779//3779
f 3780//3780 3781//3781 3782//3782
f 3783//3783 3784//3784 3785//3785
f 3786//3786 3787//3787 3788//3788
f 3789//3789 3790//3790 3791//3791
f 3792//3792 3793//3793 3794//3794
f 3795//3795 3796//3796 3797//3797
f 3798//3798 3799//3799 3800//3800
f 3801//3801 3802//3802 3803//3803
f 3804//3804 3805//3805 3806//3806
f 3807//3807 3808//3808 3809//3809
f 3810//3810 3811//3811 3812//3812
f 3813//3813 3814//3814 3815//3815
f 3816//3816 3817//3817 3818//3818
f 3819//3819 3820//3820 3821//3821
f 3822//3822 3823//3823 3824//3824
f 3825//3825 3826//3826 3827//3827
f 3828//3828 3829//3829 3830//3830
f 3831//3831 3832//3832 3833//3833
f 3834//3834 3835//3835 3836//3836
f 3837//3837 3838//3838 3839//3839
f 3840//3840 3841//3841 3842//3842
f 3843//3843 3844//3844 3845//3845
f 3846//3846 3847//3847 3848//3848
f 3849//3849 3850//3850 3851//3851
f 3852//3852 3853//3853 3854//3854
f 3855//3855 3856//3856 3857//3857
f 3858//3858 3859//3859 3860//3860
f 3861//3861 3862//3862 3863//3863
f 3864//3864 3865//3865 3866//3866
f 3867//3867 3868//3868 3869//3869
f 3870//3870 3871//3871 3872//3872
f 3873//3873 3874//3874 3875//3875
f 3876//3876 3877//3877 3878//3878
f 3879//3879 3880//3880 3881//3881
f 3882//3882 3883//3883 3884//3884
f 3885//3885 3886//3886 3887//3887
f 3888//3888 3889//3889 3890//3890
f 3891//3891 3892//3892 3893//3893
f 3894//3894 3895//3895 3896//3896
f 3897//3897 3898//3898 3899//3899
f 3900//3900 3901//3901 3902//3902
f 3903//3903 3904//3904 3905//3905
f 3906//3906 3907//3907 3908//3908
f 3909//3909 3910//3910 3911//3911
f 3912//3912 3913//3913 3914//3914
f 3915//3915 3916//3916 3917//3917
f 3918//3918 3919//3919 3920//3920
f 3921//3921 3922//3922 3923//3923
f 3924//3924 3925//3925 3926//3926
f 3927//3927 3928//3928 3929//3929
f 3930//3930 3931//3931 3932//3932
f 3933//3933 3934//3934 3935//3935
f 3936//3936 3937//3937 3938//3938
f 3939//3939 3940//3940 3941//3941
f 3942//3942 3943//3943 3944//3944
f 3945//3945 3946//3946 3947//3947
f 3948//3948 3949//3949 3950//3950
f 3951//3951 3952//3952 3953//3953
f 3954//3954 3955//3955 3956//3956
f 3957//3957 3958//3958 3959//3959
f 3960//3960 3961//3961 3962//3962
f 3963//3963 3964//3964 3965//3965
f 3966//3966 3967//3967 3968//3968
f 3969//3969 3970//3970 3971//3971
f 3972//3972 3973//3973 3974//3974
f 3975//3975 3976//3976 3977//3977
f 3978//3978 3979//3979 3980//3980
f 3981//3981 3982//3982 3983//3983
f 3984//3984 3985//3985 3986//3986
f 3987//3987 3988//3988 3989//3989
f 3990//3990 3991//3991 3992//3992
f 3993//3993 3994//3994 3995//3995
f 3996//3996 3997//3997 3998//3998
f 3999//3999 4000//4000 4001//4001
f 4002//4002 4003//4003 4004//4004
f 4005//4005 4006//4006 4007//4007
f 4008//4008 4009//4009 4010//4010
f 4011//4011 4012//4012 4013//4013
f 4014//4014 4015//4015 4016//4016
f 4017//4017 4018//4018 4019//4019
f 4020//4020 4021//4021 4022//4022
f 4023//4023 4024//4024 4025//4025
f 4026//4026 4027//4027 4028//4028
f 4029//4029 4030//4030 4031//4031
f 4032//4032 4033//4033 4034//4034
f 4035//4035 4036//4036 4037//4037
f 4038//4038 4039//4039 4040//4040
f 4041//4041 4042//4042 4043//4043
f 4044//4044 4045//4045 4046//4046
f 4047//4047 4048//4048 4049//4049
f 4050//4050 4051//4051 4052//4052
f 4053//4053 4054//4054 4055//4055
f 4056//4056 4057//4057 4058//4058
f 4059//4059 4060//4060 4061//4061
f 4062//4062 4063//4063 4064//4064
f 4065//4065 4066//4066 4067//4067
f 4068//4068 4069//4069 4070//4070
f 4071//4071 4072//4072 4073//4073
f 4074//4074 4075//4075 4076//4076
f 4077//4077 4078//4078 4079//4079
f 4080//4080 4081//4081 4082//4082
f 4083//4083 4084//4084 4085//4085
f 4086//4086 4087//4087 4088//4088
f 4089//4089 4090//4090 4091//4091
f 4092//4092 4093//4093 4094//4094
f 4095//4095 4096//4096 4097//4097
f 4098//4098 4099//4099 4100//4100
f 4101//4101 4102//4102 4103//4103
f 4104//4104 4105//4105 4106//4106
f 4107//4107 4108//4108 4109//4109
f 4110//4110 4111//4111 4112//4112
f 4113//4113 4114//4114 4115//4115
f 4116//4116 4117//4117 4118//4118
f 4119//4119 4120//4120 1977//1977
f 4121//4121 4122//4122 4123//4123
f 4124//4124 4125//4125 4126//4126
f 4127//4127 1986//1986 4128//4128
f 4129//4129 4130//4130 4131//4131
f 4132//4132 4133//4133 4134//4134
f 4130//4130 4135//4135 4136//4136
f 4137//4137 4138//4138 4139//4139
f 4140//4140 4141//4141 4142//4142
f 4143//4143 4138//4138 4144//4144
f 4145//4145 4130//4130 4146//4146
f 4147//4147 4148//4148 4149//4149
f 4138//4138 4148//4148 4150//4150
f 4151//4151 4152//4152 4153//4153
f 4154//4154 4152//4152 4130//4130
f 4155//4155 4148//4148 4156//4156
f 4157//4157 4158//4158 4159//4159
f 4160//4160 4158//4158 4152//4152
f 4161//4161 4162//4162 4163//4163
f 4164//4164 4148//4148 4162//4162
f 4165//4165 4166//4166 4167//4167
f 4168//4168 4166//4166 4158//4158
f 4169//4169 4162//4162 4166//4166
f 4170//4170 4171//4171 4172//4172
f 2002//2002 4173//4173 4174//4174
f 1952//1952 1359//1359 4175//4175
f 1952//1952 4176//4176 2002//2002
f 4177//4177 4178//4178 4179//4179
f 2015//2015 4180//4180 4181//4181
f 4182//4182 4183//4183 1364//1364
f 2015//2015 4184//4184 4182//4182
f 4185//4185 4186//4186 4187//4187
f 4188//4188 4189//4189 4190//4190
f 4191//4191 4192//4192 4193//4193
f 4194//4194 4195//4195 4196//4196
f 4197//4197 4198//4198 4199//4199
f 4200//4200 4201//4201 4202//4202
f 4203//4203 4204//4204 4205//4205
f 4206//4206 4207//4207 4208//4208
f 4209//4209 4210//4210 4211//4211
f 4212//4212 4213//4213 4214//4214
f 4215//4215 4216//4216 4217//4217
f 4218//4218 4219//4219 4220//4220
f 4221//4221 4222//4222 4223//4223
f 4224//4224 4225//4225 4226//4226
f 4227//4227 4228//4228 4229//4229
f 4230//4230 1730//1730 4231//4231
f 4232//4232 1730//1730 4233//4233
f 4234//4234 1744//1744 4235//4235
f 1744//1744 4236//4236 4237//4237
f 4238//4238 4239//4239 4240//4240
f 4241//4241 1730//1730 1750//1750
f 1750//1750 4239//4239 4242//4242
f 4243//4243 4244//4244 4245//4245
f 1757//1757 1744//1744 4246//4246
f 1757//1757 4247//4247 4243//4243
f 4248//4248 4249//4249 1973//1973
f 1750//1750 4250//4250 4239//4239
f 1983//1983 4251//4251 4252//4252
f 4243//4243 4253//4253 1757//1757
f 4254//4254 4255//4255 1977//1977
f 1977//1977 4256//4256 1973//1973
f 1986//1986 4257//4257 4258//4258
f 1983//1983 4259//4259 1986//1986
f 4260//4260 4261//4261 4262//4262
f 4263//4263 4264//4264 4265//4265
f 4266//4266 4267//4267 4268//4268
f 2997//2997 4269//4269 4270//4270
f 4271//4271 4272//4272 4273//4273
f 4274//4274 4275//4275 4276//4276
f 4277//4277 4278//4278 4279//4279
f 4280//4280 4281//4281 4282//4282
f 4283//4283 4284//4284 4285//4285
f 4286//4286 4287//4287 4288//4288
f 4289//4289 4290//4290 4291//4291
f 4292//4292 1914//1914 4293//4293
f 4294//4294 4295//4295 4296//4296
f 4297//4297 1476//1476 4298//4298
f 4299//4299 4300//4300 4301//4301
f 4302//4302 4303//4303 4304//4304
f 4305//4305 1476//1476 1466//1466
f 4306//4306 1466//1466 4303//4303
f 4307//4307 4308//4308 4309//4309
f 4310//4310 1485//1485 4311//4311
f 4312//4312 4313//4313 4314//4314
f 4315//4315 1485//1485 1476//1476
f 4316//4316 4317//4317 4318//4318
f 4319//4319 1493//1493 4320//4320
f 4321//4321 4322//4322 4323//4323
f 4324//4324 1493//1493 1485//1485
f 4325//4325 4326//4326 4327//4327
f 4328//4328 1501//1501 4329//4329
f 4330//4330 4331//4331 4332//4332
f 4333//4333 1501//1501 1493//1493
f 4334//4334 4335//4335 4336//4336
f 4337//4337 4338//4338 4339//4339
f 4340//4340 1509//1509 1501//1501
f 4337//4337 1509//1509 4341//4341
f 4342//4342 4343//4343 4344//4344
f 4345//4345 2079//2079 4346//4346
f 4347//4347 4348//4348 4349//4349
f 2123//2123 2079//2079 4350//4350
f 4351//4351 4348//4348 2123//2123
f 4352//4352 4353//4353 4354//4354
f 4355//4355 2144//2144 4356//4356
f 4357//4357 4358//4358 4359//4359
f 4360//4360 4361//4361 4362//4362
f 2132//2132 2144//2144 4363//4363
f 4360//4360 2132//2132 4364//4364
f 4365//4365 4366//4366 4367//4367
f 4368//4368 2204//2204 4369//4369
f 4370//4370 4371//4371 4372//4372
f 2144//2144 2168//2168 4373//4373
f 4374//4374 2168//2168 2204//2204
f 4375//4375 4376//4376 4377//4377
f 4378//4378 2852//2852 4379//4379
f 4380//4380 4381//4381 4382//4382
f 4383//4383 2204//2204 2852//2852
f 4384//4384 4385//4385 4386//4386
f 4387//4387 4388//4388 4389//4389
f 4390//4390 2852//2852 2914//2914
f 4391//4391 2914//2914 4388//4388
f 4392//4392 4393//4393 4394//4394
f 4395//4395 4396//4396 2966//2966
f 4397//4397 4398//4398 4399//4399
f 4400//4400 4401//4401 4402//4402
f 4403//4403 2907//2907 4400//4400
f 4404//4404 2966//2966 2907//2907
f 4405//4405 4406//4406 4407//4407
f 4408//4408 4409//4409 4410//4410
f 4411//4411 4412//4412 4413//4413
f 4414//4414 4415//4415 4416//4416
f 4417//4417 4418//4418 4409//4409
f 4414//4414 4418//4418 4419//4419
f 4420//4420 4421//4421 4422//4422
f 4423//4423 4424//4424 4425//4425
f 4426//4426 4427//4427 4428//4428
f 4429//4429 4430//4430 4431//4431
f 4432//4432 4424//4424 4433//4433
f 4434//4434 4433//4433 4431//4431
f 4435//4435 4436//4436 4437//4437
f 4438//4438 4439//4439 4440//4440
f 4441//4441 4442//4442 4443//4443
f 4444//4444 4409//4409 4439//4439
f 4445//4445 4446//4446 4447//4447
f 4448//4448 4449//4449 4450//4450
f 4451//4451 4452//4452 4453//4453
f 4454//4454 4449//4449 4424//4424
f 4455//4455 4456//4456 4457//4457
f 4458//4458 4459//4459 4460//4460
f 4461//4461 4462//4462 4463//4463
f 4464//4464 4439//4439 4465//4465
f 4466//4466 4465//4465 4459//4459
f 4467//4467 4468//4468 4469//4469
f 4470//4470 4471//4471 4472//4472
f 4473//4473 4474//4474 4475//4475
f 4476//4476 4477//4477 4449//4449
f 4478//4478 4471//4471 4477//4477
f 4479//4479 4480//4480 4481//4481
f 4482//4482 4483//4483 4484//4484
f 4485//4485 4459//4459 4486//4486
f 4487//4487 4486//4486 4483//4483
f 4488//4488 4489//4489 4490//4490
f 4491//4491 4492//4492 4493//4493
f 4494//4494 4495//4495 4471//4471
f 4493//4493 4495//4495 4496//4496
f 4497//4497 4498//4498 4499//4499
f 4500//4500 4501//4501 4502//4502
f 4503//4503 4504//4504 4505//4505
f 4506//4506 4507//4507 4508//4508
f 4509//4509 4510//4510 4511//4511
f 4512//4512 4513//4513 4514//4514
f 4515//4515 4516//4516 4517//4517
f 4518//4518 4519//4519 4520//4520
f 4521//4521 4522//4522 4523//4523
f 4524//4524 4525//4525 4526//4526
f 4527//4527 4528//4528 4529//4529
f 4530//4530 4531//4531 4532//4532
f 4130//4130 4531//4531 4533//4533
f 4534//4534 4535//4535 4536//4536
f 4537//4537 4538//4538 4138//4138
f 4539//4539 4540//4540 4541//4541
f 4542//4542 4543//4543 4544//4544
f 4545//4545 4546//4546 4547//4547
f 4547//4547 4548//4548 2079//2079
f 4549//4549 4550//4550 4551//4551
f 4552//4552 4553//4553 4554//4554
f 2966//2966 4555//4555 3003//3003
f 3003//3003 4556//4556 4554//4554
f 4557//4557 4558//4558 4559//4559
f 4560//4560 4561//4561 4562//4562
f 4563//4563 4564//4564 4565//4565
f 4566//4566 4567//4567 4568//4568
f 4569//4569 4565//4565 2997//2997
f 4570//4570 4571//4571 4572//4572
f 4573//4573 1823//1823 4574//4574
f 4575//4575 4576//4576 4577//4577
f 4578//4578 4554//4554 4579//4579
f 4580//4580 1823//1823 3003//3003
f 3003//3003 4554//4554 4581//4581
f 4582//4582 4583//4583 4584//4584
f 4585//4585 4586//4586 4587//4587
f 4588//4588 4589//4589 4590//4590
f 4591//4591 1823//1823 4592//4592
f 4593//4593 4594//4594 4595//4595
f 4596//4596 4597//4597 4598//4598
f 4599//4599 4600//4600 4601//4601
f 4602//4602 4603//4603 4604//4604
f 4605//4605 4606//4606 4607//4607
f 4608//4608 4609//4609 4610//4610
f 4606//4606 1823//1823 4611//4611
f 4612//4612 4613//4613 4614//4614
f 4615//4615 4616//4616 4617//4617
f 4618//4618 4619//4619 4620//4620
f 4621//4621 4622//4622 4623//4623
f 4624//4624 4625//4625 4626//4626
f 4622//4622 4606//4606 4627//4627
f 4628//4628 4629//4629 4630//4630
f 4631//4631 4632//4632 4633//4633
f 4634//4634 4635//4635 4636//4636
f 4637//4637 4303//4303 4638//4638
f 4639//4639 4640//4640 4641//4641
f 4303//4303 4622//4622 4642//4642
f 4643//4643 4644//4644 4645//4645
f 4646//4646 1914//1914 4647//4647
f 4648//4648 4649//4649 4650//4650
f 4651//4651 4652//4652 4653//4653
f 4654//4654 4655//4655 4656//4656
f 4657//4657 4658//4658 4659//4659
f 4660//4660 1919//1919 4661//4661
f 4662//4662 4663//4663 4664//4664
f 1914//1914 1919//1919 4665//4665
f 4666//4666 4667//4667 4668//4668
f 4669//4669 4670//4670 4671//4671
f 4672//4672 4673//4673 4674//4674
f 4675//4675 4676//4676 4677//4677
f 4678//4678 4679//4679 4680//4680
f 1919//1919 4676//4676 4681//4681
f 4682//4682 4683//4683 4684//4684
f 4685//4685 4686//4686 4687//4687
f 4688//4688 4689//4689 4690//4690
f 4691//4691 4692//4692 4693//4693
f 4694//4694 4695//4695 4696//4696
f 4676//4676 4692//4692 4697//4697
f 4698//4698 4699//4699 4700//4700
f 4701//4701 4702//4702 4703//4703
f 4704//4704 4705//4705 4706//4706
f 4707//4707 4692//4692 4708//4708
f 4709//4709 4710//4710 4711//4711
f 4712//4712 4713//4713 4714//4714
f 4715//4715 4716//4716 4717//4717
f 4718//4718 4719//4719 4720//4720
f 4721//4721 4722//4722 4723//4723
f 4724//4724 4725//4725 4726//4726
f 4727//4727 4692//4692 4722//4722
f 4728//4728 4729//4729 4730//4730
f 4731//4731 4337//4337 4732//4732
f 4733//4733 4734//4734 4735//4735
f 4736//4736 4737//4737 4738//4738
f 4739//4739 4740//4740 4741//4741
f 4742//4742 4722//4722 4743//4743
f 4743//4743 4740//4740 4744//4744
f 4745//4745 4746//4746 4747//4747
f 4748//4748 4749//4749 4750//4750
f 4751//4751 4337//4337 4752//4752
f 4753//4753 4754//4754 4751//4751
f 4755//4755 4749//4749 4754//4754
f 4756//4756 4757//4757 4758//4758
f 4759//4759 4760//4760 4761//4761
f 4757//4757 4762//4762 4763//4763
f 4762//4762 4764//4764 4765//4765
f 4766//4766 4764//4764 4749//4749
f 4767//4767 4749//4749 4761//4761
f 4768//4768 4769//4769 4770//4770
f 4771//4771 4772//4772 4773//4773
f 4774//4774 4775//4775 4776//4776
f 4777//4777 4778//4778 4779//4779
f 4780//4780 4781//4781 4772//4772
f 4777//4777 4781//4781 4782//4782
f 4783//4783 4784//4784 4785//4785
f 4786//4786 4787//4787 4788//4788
f 4761//4761 4789//4789 4790//4790
f 4788//4788 4757//4757 4791//4791
f 4792//4792 4793//4793 4794//4794
f 4795//4795 4796//4796 4797//4797
f 4798//4798 4799//4799 4800//4800
f 4801//4801 4772//4772 4796//4796
f 4802//4802 4803//4803 4804//4804
f 4805//4805 4806//4806 4807//4807
f 4808//4808 4809//4809 4810//4810
f 4788//4788 4811//4811 4805//4805
f 4812//4812 4813//4813 4814//4814
f 4815//4815 4816//4816 4817//4817
f 4818//4818 4819//4819 4820//4820
f 4821//4821 4796//4796 4816//4816
f 4822//4822 4823//4823 4824//4824
f 4825//4825 4826//4826 4827//4827
f 4828//4828 4829//4829 4830//4830
f 4805//4805 4831//4831 4825//4825
f 4832//4832 4833//4833 4834//4834
f 4835//4835 4836//4836 4837//4837
f 4838//4838 4839//4839 4840//4840
f 4841//4841 4816//4816 4835//4835
f 4842//4842 4843//4843 4844//4844
f 4835//4835 4845//4845 4846//4846
f 4847//4847 4848//4848 4849//4849
f 4825//4825 4850//4850 4835//4835
f 4851//4851 4852//4852 4853//4853
f 4854//4854 4855//4855 4856//4856
f 4857//4857 4858//4858 4859//4859
f 4138//4138 4860//4860 4859//4859
f 4861//4861 4862//4862 4863//4863
f 4864//4864 4865//4865 4348//4348
f 4866//4866 4867//4867 4868//4868
f 4547//4547 4869//4869 4870//4870
f 4871//4871 4872//4872 4873//4873
f 4874//4874 4875//4875 4876//4876
f 4877//4877 4872//4872 4874//4874
f 4878//4878 4879//4879 4880//4880
f 4881//4881 4882//4882 4883//4883
f 4884//4884 4885//4885 4886//4886
f 4887//4887 4888//4888 4881//4881
f 4889//4889 4879//4879 4890//4890
f 4890//4890 4885//4885 4891//4891
f 4892//4892 4893//4893 4894//4894
f 4895//4895 4896//4896 4897//4897
f 4885//4885 4898//4898 4899//4899
f 4900//4900 4901//4901 4902//4902
f 4885//4885 4894//4894 4903//4903
f 4902//4902 4904//4904 4896//4896
f 4905//4905 4906//4906 4907//4907
f 4908//4908 4909//4909 4910//4910
f 4911//4911 4912//4912 4913//4913
f 4914//4914 4909//4909 4348//4348
f 4915//4915 4916//4916 4917//4917
f 4918//4918 4919//4919 4920//4920
f 4547//4547 4915//4915 4921//4921
f 4922//4922 4919//4919 4872//4872
f 4923//4923 4924//4924 4925//4925
f 4926//4926 4927//4927 4928//4928
f 4929//4929 4924//4924 4879//4879
f 4926//4926 4930//4930 4881//4881
f 4931//4931 4932//4932 4360//4360
f 4933//4933 4934//4934 4935//4935
f 4360//4360 4936//4936 4894//4894
f 4934//4934 4896//4896 4937//4937
f 4938//4938 4939//4939 4940//4940
f 4941//4941 4942//4942 4943//4943
f 4944//4944 4945//4945 4946//4946
f 4947//4947 4942//4942 4909//4909
f 4948//4948 4949//4949 4950//4950
f 4951//4951 4934//4934 4952//4952
f 4953//4953 4954//4954 4955//4955
f 4956//4956 4957//4957 4958//4958
f 4915//4915 4953//4953 4959//4959
f 4960//4960 4957//4957 4919//4919
f 4961//4961 4962//4962 4963//4963
f 4964//4964 4965//4965 4966//4966
f 4967//4967 4962//4962 4924//4924
f 4964//4964 4968//4968 4926//4926
f 4969//4969 4970//4970 4971//4971
f 4972//4972 4973//4973 4974//4974
f 4972//4972 4975//4975 4976//4976
f 4977//4977 4970//4970 4942//4942
f 4978//4978 4979//4979 4980//4980
f 4981//4981 4982//4982 4983//4983
f 4984//4984 4985//4985 4986//4986
f 4987//4987 4988//4988 4989//4989
f 4953//4953 4984//4984 4990//4990
f 4991//4991 4988//4988 4957//4957
f 4992//4992 4993//4993 4994//4994
f 4995//4995 4996//4996 4997//4997
f 4998//4998 4993//4993 4962//4962
f 4995//4995 4999//4999 4964//4964
f 5000//5000 5001//5001 5002//5002
f 5003//5003 5004//5004 5005//5005
f 4970//4970 5006//5006 5000//5000
f 5004//5004 5007//5007 4972//4972
f 5008//5008 5009//5009 5010//5010
f 5011//5011 5012//5012 5009//5009
f 5013//5013 5014//5014 5015//5015
f 5016//5016 5017//5017 5018//5018
f 5000//5000 5019//5019 5013//5013
f 5020//5020 5004//5004 5017//5017
f 5021//5021 5022//5022 5023//5023
f 5024//5024 5025//5025 5026//5026
f 4984//4984 5021//5021 5027//5027
f 5028//5028 5025//5025 4988//4988
f 5029//5029 4431//4431 5030//5030
f 5031//5031 5032//5032 5033//5033
f 5034//5034 4431//4431 4993//4993
f 5031//5031 5035//5035 4995//4995
f 5036//5036 5037//5037 5038//5038
f 5039//5039 5037//5037 5009//5009
f 5040//5040 5041//5041 5042//5042
f 4400//4400 5043//5043 5044//5044
f 5045//5045 5017//5017 5046//5046
f 5013//5013 5047//5047 4400//4400
f 5048//5048 4388//4388 5049//5049
f 5050//5050 5051//5051 5052//5052
f 5053//5053 5051//5051 5037//5037
f 5054//5054 5055//5055 5056//5056
f 5057//5057 5058//5058 5059//5059
f 5060//5060 4565//4565 5061//5061
f 5062//5062 5063//5063 5051//5051
f 4388//4388 5064//5064 5065//5065
f 5064//5064 4565//4565 5066//5066
f 5067//5067 5068//5068 5069//5069
f 5070//5070 5071//5071 5072//5072
f 4414//4414 5073//5073 5074//5074
f 5075//5075 5076//5076 5077//5077
f 5021//5021 4414//4414 5078//5078
f 5079//5079 5076//5076 5025//5025
f 5080//5080 5081//5081 5082//5082
f 5080//5080 5083//5083 5031//5031
f 5084//5084 5085//5085 5086//5086
f 5087//5087 5085//5085 5076//5076
f 5088//5088 5089//5089 5090//5090
f 5088//5088 5091//5091 5080//5080
f 5092//5092 5093//5093 5094//5094
f 5095//5095 5093//5093 5085//5085
f 5096//5096 5097//5097 5098//5098
f 5096//5096 5099//5099 5088//5088
f 5100//5100 5101//5101 5102//5102
f 5103//5103 5101//5101 5093//5093
f 5104//5104 5105//5105 5106//5106
f 5104//5104 5107//5107 5096//5096
f 5108//5108 5109//5109 5110//5110
f 5111//5111 5109//5109 5101//5101
f 4493//4493 5112//5112 5113//5113
f 5114//5114 5115//5115 5116//5116
f 5115//5115 5117//5117 5104//5104
f 4483//4483 5118//5118 5119//5119
f 5120//5120 5121//5121 5122//5122
f 5123//5123 5121//5121 5109//5109
f 5124//5124 5125//5125 5126//5126
f 5127//5127 5128//5128 5129//5129
f 4493//4493 5130//5130 5124//5124
f 5131//5131 5115//5115 5128//5128
f 5132//5132 5133//5133 5134//5134
f 5135//5135 5136//5136 5137//5137
f 4483//4483 5132//5132 5138//5138
f 5139//5139 5136//5136 5121//5121
f 5140//5140 5141//5141 5142//5142
f 5143//5143 5144//5144 5145//5145
f 5124//5124 5146//5146 5140//5140
f 5147//5147 5128//5128 5144//5144
f 5148//5148 5149//5149 5150//5150
f 5151//5151 5152//5152 5153//5153
f 5132//5132 5148//5148 5154//5154
f 5155//5155 5152//5152 5136//5136
f 5156//5156 5157//5157 5158//5158
f 5159//5159 5160//5160 5161//5161
f 5140//5140 5162//5162 5156//5156
f 5163//5163 5144//5144 5160//5160
f 5164//5164 5165//5165 5166//5166
f 5167//5167 5168//5168 5169//5169
f 5148//5148 5165//5165 5170//5170
f 5171//5171 5168//5168 5152//5152
f 5172//5172 5173//5173 5174//5174
f 5175//5175 5176//5176 5177//5177
f 5156//5156 5178//5178 5172//5172
f 5179//5179 5160//5160 5176//5176
f 5180//5180 5181//5181 5168//5168
f 5182//5182 5183//5183 5184//5184
f 5165//5165 5185//5185 5186//5186
f 5185//5185 5183//5183 5187//5187
f 5188//5188 5189//5189 5190//5190
f 5191//5191 5192//5192 5193//5193
f 5194//5194 5190//5190 5172//5172
f 5195//5195 5176//5176 5191//5191
f 5196//5196 5197//5197 5198//5198
f 5199//5199 5200//5200 5201//5201
f 5202//5202 5203//5203 5183//5183
f 5204//5204 5205//5205 5206//5206
f 5207//5207 5183//5183 5197//5197
f 5200//5200 5204//5204 5208//5208
f 5209//5209 5210//5210 5211//5211
f 5212//5212 5213//5213 5214//5214
f 5215//5215 5190//5190 5216//5216
f 5217//5217 5218//5218 5209//5209
f 5219//5219 5190//5190 5220//5220
f 5221//5221 5213//5213 5219//5219
f 5222//5222 5223//5223 5224//5224
f 5225//5225 5226//5226 5227//5227
f 5228//5228 5197//5197 5223//5223
f 5225//5225 5200//5200 5229//5229
f 5230//5230 5231//5231 5232//5232
f 5233//5233 5234//5234 5235//5235
f 5209//5209 5233//5233 5236//5236
f 5237//5237 5231//5231 5213//5213
f 5238//5238 5239//5239 5240//5240
f 5241//5241 5242//5242 5243//5243
f 5244//5244 5223//5223 5239//5239
f 5241//5241 5225//5225 5245//5245
f 5246//5246 5247//5247 5248//5248
f 5249//5249 5250//5250 5251//5251
f 5252//5252 5247//5247 5231//5231
f 5233//5233 5249//5249 5253//5253
f 5254//5254 5255//5255 5256//5256
f 5257//5257 5258//5258 5259//5259
f 5260//5260 5239//5239 5255//5255
f 5257//5257 5241//5241 5261//5261
f 5262//5262 5263//5263 5264//5264
f 5265//5265 5266//5266 5267//5267
f 5268//5268 5263//5263 5247//5247
f 5249//5249 5265//5265 5269//5269
f 5270//5270 5271//5271 5272//5272
f 5273//5273 5274//5274 5275//5275
f 5276//5276 5255//5255 5271//5271
f 5273//5273 5257//5257 5277//5277
f 5278//5278 5279//5279 5280//5280
f 5281//5281 5282//5282 5283//5283
f 5284//5284 5279//5279 5263//5263
f 5265//5265 5281//5281 5285//5285
f 5286//5286 5287//5287 5288//5288
f 5289//5289 5290//5290 5291//5291
f 5292//5292 5271//5271 5287//5287
f 5289//5289 5273//5273 5293//5293
f 5294//5294 5287//5287 5279//5279
f 5281//5281 5289//5289 5295//5295
f 5296//5296 5297//5297 5298//5298
f 5299//5299 5300//5300 5301//5301
f 5302//5302 5303//5303 5304//5304
f 4158//4158 4166//4166 5305//5305
f 5302//5302 4158//4158 5306//5306
f 5307//5307 4166//4166 4162//4162
f 5308//5308 4162//4162 5300//5300
f 5309//5309 5310//5310 5311//5311
f 5312//5312 5313//5313 5314//5314
f 5315//5315 5316//5316 5317//5317
f 5318//5318 5319//5319 5320//5320
f 5321//5321 5322//5322 5323//5323
f 5324//5324 5325//5325 5326//5326
f 5327//5327 5328//5328 5329//5329
f 5330//5330 5331//5331 5332//5332
f 5333//5333 5334//5334 5335//5335
f 5336//5336 5337//5337 5338//5338
f 5339//5339 5340//5340 5341//5341
f 5342//5342 5343//5343 5344//5344
f 4874//4874 5344//5344 5345//5345
f 4881//4881 5346//5346 5347//5347
f 5348//5348 4902//4902 5347//5347
f 4554//4554 5349//5349 5350//5350
f 5351//5351 5352//5352 5353//5353
f 5354//5354 5352//5352 5355//5355
f 5356//5356 5357//5357 5358//5358
f 5051//5051 5359//5359 5357//5357
f 4740//4740 5360//5360 5361//5361
f 5362//5362 5363//5363 5364//5364
f 5365//5365 4777//4777 5366//5366
f 5367//5367 5368//5368 5369//5369
f 5370//5370 5371//5371 4740//4740
f 5369//5369 5363//5363 5372//5372
f 5370//5370 4777//4777 5373//5373
f 5168//5168 5374//5374 5375//5375
f 5204//5204 5375//5375 5376//5376
f 5191//5191 5377//5377 5378//5378
f 5209//5209 5379//5379 5377//5377
f 5380//5380 5381//5381 5382//5382
f 5383//5383 5384//5384 5385//5385
f 5386//5386 5387//5387 5388//5388
f 5389//5389 5390//5390 5391//5391
f 5392//5392 5393//5393 5394//5394
f 5395//5395 5396//5396 5397//5397
f 5398//5398 5352//5352 5397//5397
f 5399//5399 5400//5400 5401//5401
f 5402//5402 5400//5400 5357//5357
f 5403//5403 5404//5404 5405//5405
f 5406//5406 5397//5397 5404//5404
f 5407//5407 5408//5408 5409//5409
f 5410//5410 5408//5408 5400//5400
f 5411//5411 5412//5412 5413//5413
f 5414//5414 5404//5404 5412//5412
f 5415//5415 5416//5416 5417//5417
f 5418//5418 5416//5416 5408//5408
f 5419//5419 5420//5420 5421//5421
f 5422//5422 5412//5412 5420//5420
f 5423//5423 5424//5424 5425//5425
f 5426//5426 5424//5424 5416//5416
f 5427//5427 5428//5428 5429//5429
f 5430//5430 5420//5420 5428//5428
f 5431//5431 5432//5432 5433//5433
f 5434//5434 5432//5432 5424//5424
f 5435//5435 5436//5436 5437//5437
f 5438//5438 5428//5428 5436//5436
f 5439//5439 5440//5440 5441//5441
f 5442//5442 5440//5440 5432//5432
f 5443//5443 5444//5444 5445//5445
f 5446//5446 5436//5436 5444//5444
f 5447//5447 5448//5448 5449//5449
f 5450//5450 5448//5448 5440//5440
f 5451//5451 5452//5452 5453//5453
f 5454//5454 5444//5444 5452//5452
f 5455//5455 5456//5456 5457//5457
f 5458//5458 5456//5456 5448//5448
f 5459//5459 5460//5460 5461//5461
f 5462//5462 5452//5452 5460//5460
f 5463//5463 5464//5464 5465//5465
f 5466//5466 5464//5464 5456//5456
f 5467//5467 5468//5468 5469//5469
f 5470//5470 5460//5460 5468//5468
f 5471//5471 5472//5472 5473//5473
f 5474//5474 5472//5472 5464//5464
f 5475//5475 5476//5476 5477//5477
f 5478//5478 5468//5468 5476//5476
f 5479//5479 5480//5480 5481//5481
f 5482//5482 5480//5480 5472//5472
f 5483//5483 5484//5484 5485//5485
f 5486//5486 5476//5476 5484//5484
f 5487//5487 5488//5488 5489//5489
f 5490//5490 5489//5489 5480//5480
f 5491//5491 5492//5492 4749//4749
f 5493//5493 5484//5484 5492//5492
f 5494//5494 5363//5363 5489//5489
f 5495//5495 5496//5496 5497//5497
f 5498//5498 5496//5496 5499//5499
f 5500//5500 5499//5499 5369//5369
f 5501//5501 5502//5502 5503//5503
f 4761//4761 5504//5504 5505//5505
f 5504//5504 5502//5502 5506//5506
f 5507//5507 5508//5508 5509//5509
f 5510//5510 5508//5508 5496//5496
f 5511//5511 5512//5512 5513//5513
f 5502//5502 5512//5512 5514//5514
f 5515//5515 5516//5516 5517//5517
f 5518//5518 5516//5516 5508//5508
f 5519//5519 5520//5520 5521//5521
f 5512//5512 5520//5520 5522//5522
f 5523//5523 5524//5524 5525//5525
f 5526//5526 5525//5525 5516//5516
f 5527//5527 5520//5520 5528//5528
f 5529//5529 5520//5520 5525//5525
f 5530//5530 4531//4531 5531//5531
f 4859//4859 5532//5532 5533//5533
f 5534//5534 5535//5535 5536//5536
f 5537//5537 5344//5344 5534//5534
f 5534//5534 5538//5538 5539//5539
f 5540//5540 5541//5541 5534//5534
f 5542//5542 5540//5540 4972//4972
f 5543//5543 5544//5544 5545//5545
f 5546//5546 5544//5544 4934//4934
f 5009//5009 5547//5547 5548//5548
f 5549//5549 5547//5547 5544//5544
f 5550//5550 5551//5551 5552//5552
f 5017//5017 5553//5553 5554//5554
f 5555//5555 5553//5553 5551//5551
f 5556//5556 5551//5551 5557//5557
f 5551//5551 5352//5352 5558//5558
f 5559//5559 5560//5560 5561//5561
f 5562//5562 5563//5563 5564//5564
f 5565//5565 5566//5566 5567//5567
f 5568//5568 5569//5569 5570//5570
f 5571//5571 4531//4531 5566//5566
f 5572//5572 5573//5573 5574//5574
f 5575//5575 5576//5576 5577//5577
f 4859//4859 5578//5578 5575//5575
f 5579//5579 5580//5580 5581//5581
f 5582//5582 5583//5583 5584//5584
f 5585//5585 5586//5586 5587//5587
f 5588//5588 5589//5589 5566//5566
f 5584//5584 5590//5590 4531//4531
f 5591//5591 5566//5566 4531//4531
f 5592//5592 5593//5593 5594//5594
f 5300//5300 5595//5595 5596//5596
f 5597//5597 5598//5598 5599//5599
f 5300//5300 5600//5600 5601//5601
f 5600//5600 5575//5575 5602//5602
f 5603//5603 5575//5575 5598//5598
f 5604//5604 5605//5605 5606//5606
f 5607//5607 5302//5302 5608//5608
f 5609//5609 5610//5610 5611//5611
f 5584//5584 5302//5302 5612//5612
f 5613//5613 5614//5614 5615//5615
f 5616//5616 5617//5617 5618//5618
f 5619//5619 5620//5620 5621//5621
f 5622//5622 5623//5623 5624//5624
f 5625//5625 5626//5626 5627//5627
f 5628//5628 5566//5566 5626//5626
f 5629//5629 5630//5630 5631//5631
f 5598//5598 5632//5632 5633//5633
f 5575//5575 5634//5634 5598//5598
f 5635//5635 5636//5636 5637//5637
f 5638//5638 5639//5639 5640//5640
f 5598//5598 5641//5641 5638//5638
f 5642//5642 5643//5643 5644//5644
f 5645//5645 5646//5646 5647//5647
f 5648//5648 5626//5626 5646//5646
f 5649//5649 5650//5650 5651//5651
f 5652//5652 5626//5626 5566//5566
f 5653//5653 5654//5654 5626//5626
f 5650//5650 5654//5654 5655//5655
f 5656//5656 5657//5657 5658//5658
f 5659//5659 5598//5598 5660//5660
f 5661//5661 5660//5660 5657//5657
f 5662//5662 5663//5663 5664//5664
f 5663//5663 5650//5650 5665//5665
f 5666//5666 5663//5663 5667//5667
f 5668//5668 5657//5657 5663//5663
f 5669//5669 5670//5670 5671//5671
f 5672//5672 5673//5673 5674//5674
f 5675//5675 5676//5676 5677//5677
f 5675//5675 5678//5678 5670//5670
f 5679//5679 5680//5680 5681//5681
f 5682//5682 5683//5683 5684//5684
f 5685//5685 5686//5686 5687//5687
f 5679//5679 5688//5688 5685//5685
f 5689//5689 5670//5670 5690//5690
f 5646//5646 5654//5654 5691//5691
f 5692//5692 5654//5654 5693//5693
f 5694//5694 5693//5693 5689//5689
f 5695//5695 5696//5696 5679//5679
f 5660//5660 5638//5638 5697//5697
f 5693//5693 5660//5660 5698//5698
f 5693//5693 5699//5699 5695//5695
f 5700//5700 5701//5701 5702//5702
f 5703//5703 5700//5700 5704//5704
f 5703//5703 5705//5705 5675//5675
f 5706//5706 5707//5707 5708//5708
f 5709//5709 5710//5710 5706//5706
f 5685//5685 5711//5711 5709//5709
f 5712//5712 5713//5713 5714//5714
f 5712//5712 5715//5715 5716//5716
f 5716//5716 5717//5717 5700//5700
f 5718//5718 5719//5719 5720//5720
f 5721//5721 5719//5719 5722//5722
f 5723//5723 5722//5722 5706//5706
f 5724//5724 5725//5725 5726//5726
f 5727//5727 5712//5712 5728//5728
f 5724//5724 5729//5729 5730//5730
f 5728//5728 5730//5730 5731//5731
f 5732//5732 5733//5733 5734//5734
f 5735//5735 5736//5736 5719//5719
f 5737//5737 5733//5733 5736//5736
f 5738//5738 5739//5739 5740//5740
f 5741//5741 5742//5742 5724//5724
f 5733//5733 5743//5743 5744//5744
f 5724//5724 5745//5745 5746//5746
f 5747//5747 5748//5748 5733//5733
f 5749//5749 5745//5745 5750//5750
f 5751//5751 5752//5752 5748//5748
f 5753//5753 5750//5750 5754//5754
f 5755//5755 5754//5754 5752//5752
f 4//4 11//11 5756//5756
f 4//4 5756//5756 5757//5757
f 46//46 4//4 5758//5758
f 5758//5758 4//4 5757//5757
f 5759//5759 12//12 9//9
f 5759//5759 9//9 5760//5760
f 9//9 56//56 5761//5761
f 5760//5760 9//9 5762//5762
f 9//9 5761//5761 5762//5762
f 11//11 15//15 5763//5763
f 11//11 5764//5764 5756//5756
f 11//11 5763//5763 5764//5764
f 12//12 5765//5765 17//17
f 5766//5766 12//12 5759//5759
f 5766//5766 5765//5765 12//12
f 15//15 19//19 5767//5767
f 15//15 5767//5767 5763//5763
f 19//19 17//17 5768//5768
f 5765//5765 5768//5768 17//17
f 19//19 5768//5768 5767//5767
f 5757//5757 5756//5756 5769//5769
f 5764//5764 5769//5769 5756//5756
f 46//46 5758//5758 5770//5770
f 46//46 5770//5770 43//43
f 5771//5771 5758//5758 5757//5757
f 43//43 5770//5770 5758//5758
f 43//43 5758//5758 5772//5772
f 5772//5772 5758//5758 5771//5771
f 5757//5757 5769//5769 5771//5771
f 5760//5760 5766//5766 5759//5759
f 56//56 5773//5773 5761//5761
f 57//57 5773//5773 56//56
f 5760//5760 5762//5762 5774//5774
f 5775//5775 5766//5766 5760//5760
f 5760//5760 5774//5774 5775//5775
f 5762//5762 5761//5761 5776//5776
f 5774//5774 5762//5762 5776//5776
f 5761//5761 5777//5777 5776//5776
f 5761//5761 5773//5773 5777//5777
f 5778//5778 5764//5764 5763//5763
f 5779//5779 5763//5763 5767//5767
f 5778//5778 5763//5763 5779//5779
f 5780//5780 5769//5769 5764//5764
f 5780//5780 5764//5764 5778//5778
f 5781//5781 5765//5765 5766//5766
f 5781//5781 5768//5768 5765//5765
f 5775//5775 5782//5782 5766//5766
f 5781//5781 5766//5766 5782//5782
f 5783//5783 5767//5767 5768//5768
f 5779//5779 5767//5767 5783//5783
f 5783//5783 5768//5768 5781//5781
f 5772//5772 75//75 43//43
f 52//52 5773//5773 57//57
f 97//97 5777//5777 52//52
f 52//52 5777//5777 5773//5773
f 5772//5772 65//65 75//75
f 5771//5771 65//65 5772//5772
f 102//102 65//65 5784//5784
f 5784//5784 65//65 5771//5771
f 5776//5776 97//97 81//81
f 5785//5785 81//81 108//108
f 5785//5785 5776//5776 81//81
f 5776//5776 5777//5777 97//97
f 5786//5786 114//114 99//99
f 102//102 5784//5784 99//99
f 99//99 5784//5784 5787//5787
f 99//99 5787//5787 5786//5786
f 5786//5786 155//155 114//114
f 5784//5784 5771//5771 5787//5787
f 5787//5787 5771//5771 5769//5769
f 5788//5788 108//108 105//105
f 136//136 164//164 105//105
f 105//105 5789//5789 5788//5788
f 105//105 164//164 5789//5789
f 5788//5788 5785//5785 108//108
f 5774//5774 5776//5776 5785//5785
f 5775//5775 5785//5785 5788//5788
f 5775//5775 5774//5774 5785//5785
f 5786//5786 5787//5787 5780//5780
f 5790//5790 155//155 5786//5786
f 5786//5786 5780//5780 5790//5790
f 5787//5787 5769//5769 5780//5780
f 5788//5788 5789//5789 5782//5782
f 5788//5788 5782//5782 5775//5775
f 5789//5789 164//164 5791//5791
f 5791//5791 164//164 157//157
f 5791//5791 5782//5782 5789//5789
f 152//152 190//190 171//171
f 190//190 152//152 157//157
f 5790//5790 157//157 155//155
f 161//161 203//203 157//157
f 157//157 183//183 190//190
f 5792//5792 157//157 5790//5790
f 157//157 203//203 183//183
f 5791//5791 157//157 5793//5793
f 5793//5793 157//157 5792//5792
f 168//168 203//203 161//161
f 5790//5790 5778//5778 5792//5792
f 5790//5790 5780//5780 5778//5778
f 5791//5791 5793//5793 5783//5783
f 5781//5781 5782//5782 5791//5791
f 5791//5791 5783//5783 5781//5781
f 5793//5793 5792//5792 5779//5779
f 5783//5783 5793//5793 5779//5779
f 5779//5779 5792//5792 5778//5778
f 346//346 452//452 343//343
f 346//346 345//345 474//474
f 474//474 345//345 457//457
f 884//884 452//452 346//346
f 346//346 5794//5794 884//884
f 484//484 5794//5794 346//346
f 1355//1355 372//372 866//866
f 474//474 457//457 892//892
f 892//892 5795//5795 474//474
f 474//474 5795//5795 469//469
f 881//881 884//884 5794//5794
f 484//484 5796//5796 5794//5794
f 507//507 5796//5796 484//484
f 997//997 5794//5794 5796//5796
f 881//881 5794//5794 997//997
f 825//825 1365//1365 380//380
f 1345//1345 1365//1365 825//825
f 1345//1345 1342//1342 1365//1365
f 1369//1369 1946//1946 1364//1364
f 1364//1364 1946//1946 4182//4182
f 1386//1386 897//897 459//459
f 2098//2098 897//897 1386//1386
f 902//902 5795//5795 892//892
f 2098//2098 894//894 897//897
f 2110//2110 894//894 2098//2098
f 989//989 894//894 2110//2110
f 469//469 5797//5797 496//496
f 469//469 5795//5795 5797//5797
f 496//496 5797//5797 5798//5798
f 496//496 5799//5799 516//516
f 496//496 5798//5798 5799//5799
f 993//993 5797//5797 5795//5795
f 993//993 5795//5795 902//902
f 1006//1006 5798//5798 5797//5797
f 1006//1006 5797//5797 993//993
f 507//507 5800//5800 5796//5796
f 525//525 5801//5801 507//507
f 507//507 5801//5801 5800//5800
f 1013//1013 5796//5796 5800//5800
f 997//997 5796//5796 1013//1013
f 516//516 5799//5799 5802//5802
f 516//516 5802//5802 536//536
f 1022//1022 5799//5799 5798//5798
f 1038//1038 5802//5802 5799//5799
f 1038//1038 5799//5799 1022//1022
f 1022//1022 5798//5798 1006//1006
f 525//525 5803//5803 5801//5801
f 545//545 5803//5803 525//525
f 1029//1029 5800//5800 5801//5801
f 1045//1045 5801//5801 5803//5803
f 1029//1029 5801//5801 1045//1045
f 1013//1013 5800//5800 1029//1029
f 536//536 5802//5802 5804//5804
f 536//536 5804//5804 556//556
f 1054//1054 5804//5804 5802//5802
f 1054//1054 5802//5802 1038//1038
f 4606//4606 1446//1446 1435//1435
f 4606//4606 1435//1435 1823//1823
f 545//545 5805//5805 5803//5803
f 565//565 5805//5805 545//545
f 1064//1064 5803//5803 5805//5805
f 1045//1045 5803//5803 1064//1064
f 556//556 5804//5804 5806//5806
f 556//556 5806//5806 576//576
f 1071//1071 5806//5806 5804//5804
f 1071//1071 5804//5804 1054//1054
f 4622//4622 1456//1456 1446//1446
f 4622//4622 1446//1446 4606//4606
f 565//565 5807//5807 5805//5805
f 585//585 5807//5807 565//565
f 1081//1081 5805//5805 5807//5807
f 1064//1064 5805//5805 1081//1081
f 576//576 5806//5806 5808//5808
f 576//576 5808//5808 596//596
f 1092//1092 5808//5808 5806//5806
f 1092//1092 5806//5806 1071//1071
f 4303//4303 1466//1466 1456//1456
f 4303//4303 1456//1456 4622//4622
f 585//585 5809//5809 5807//5807
f 605//605 5809//5809 585//585
f 1100//1100 5807//5807 5809//5809
f 1081//1081 5807//5807 1100//1100
f 596//596 5808//5808 5810//5810
f 596//596 5810//5810 616//616
f 1111//1111 5810//5810 5808//5808
f 1111//1111 5808//5808 1092//1092
f 605//605 5811//5811 5809//5809
f 625//625 5811//5811 605//605
f 1120//1120 5809//5809 5811//5811
f 1100//1100 5809//5809 1120//1120
f 616//616 5810//5810 5812//5812
f 616//616 5812//5812 636//636
f 4676//4676 1480//1480 1489//1489
f 1919//1919 1480//1480 4676//4676
f 1131//1131 5812//5812 5810//5810
f 1131//1131 5810//5810 1111//1111
f 625//625 5813//5813 5811//5811
f 645//645 5813//5813 625//625
f 1141//1141 5811//5811 5813//5813
f 1120//1120 5811//5811 1141//1141
f 636//636 5812//5812 5814//5814
f 636//636 5814//5814 656//656
f 4692//4692 1489//1489 1497//1497
f 4676//4676 1489//1489 4692//4692
f 1150//1150 5814//5814 5812//5812
f 1150//1150 5812//5812 1131//1131
f 645//645 5815//5815 5813//5813
f 665//665 5815//5815 645//645
f 1157//1157 5813//5813 5815//5815
f 1141//1141 5813//5813 1157//1157
f 656//656 5814//5814 5816//5816
f 656//656 5816//5816 676//676
f 4722//4722 1497//1497 1505//1505
f 4692//4692 1497//1497 4722//4722
f 1168//1168 5816//5816 5814//5814
f 1168//1168 5814//5814 1150//1150
f 665//665 5817//5817 5815//5815
f 685//685 5817//5817 665//665
f 1174//1174 5815//5815 5817//5817
f 1157//1157 5815//5815 1174//1174
f 676//676 5816//5816 5818//5818
f 676//676 5818//5818 696//696
f 4743//4743 1505//1505 1513//1513
f 4722//4722 1505//1505 4743//4743
f 1182//1182 5818//5818 5816//5816
f 1182//1182 5816//5816 1168//1168
f 685//685 5819//5819 5817//5817
f 705//705 5819//5819 685//685
f 1190//1190 5817//5817 5819//5819
f 1174//1174 5817//5817 1190//1190
f 696//696 5818//5818 5820//5820
f 696//696 5820//5820 716//716
f 5821//5821 1513//1513 1519//1519
f 4743//4743 1513//1513 5821//5821
f 1198//1198 5820//5820 5818//5818
f 1198//1198 5818//5818 1182//1182
f 4337//4337 1516//1516 1509//1509
f 705//705 5822//5822 5819//5819
f 721//721 5822//5822 705//705
f 1206//1206 5819//5819 5822//5822
f 1190//1190 5819//5819 1206//1206
f 716//716 5823//5823 713//713
f 1522//1522 713//713 1537//1537
f 763//763 713//713 5823//5823
f 716//716 5820//5820 951//951
f 5824//5824 5823//5823 716//716
f 716//716 951//951 5824//5824
f 1519//1519 1522//1522 1538//1538
f 1538//1538 1522//1522 1537//1537
f 1519//1519 1538//1538 5821//5821
f 941//941 951//951 5820//5820
f 941//941 5820//5820 1198//1198
f 922//922 720//720 1516//1516
f 922//922 1516//1516 5825//5825
f 5825//5825 1516//1516 4751//4751
f 4751//4751 1516//1516 4337//4337
f 721//721 936//936 5822//5822
f 735//735 742//742 721//721
f 742//742 936//936 721//721
f 925//925 5822//5822 936//936
f 1206//1206 5822//5822 925//925
f 763//763 5823//5823 5824//5824
f 5824//5824 766//766 763//763
f 5824//5824 951//951 5826//5826
f 947//947 5826//5826 951//951
f 5824//5824 5826//5826 766//766
f 742//742 5827//5827 936//936
f 731//731 5827//5827 742//742
f 935//935 936//936 5827//5827
f 922//922 1527//1527 737//737
f 5825//5825 1527//1527 922//922
f 748//748 5828//5828 731//731
f 731//731 5828//5828 5827//5827
f 4757//4757 1525//1525 1527//1527
f 4762//4762 1527//1527 5825//5825
f 4757//4757 1527//1527 4762//4762
f 4788//4788 1542//1542 1525//1525
f 4788//4788 1525//1525 4757//4757
f 748//748 5829//5829 5828//5828
f 773//773 5830//5830 748//748
f 748//748 5830//5830 5829//5829
f 1250//1250 5827//5827 5828//5828
f 935//935 5827//5827 1250//1250
f 1266//1266 5828//5828 5829//5829
f 1250//1250 5828//5828 1266//1266
f 4805//4805 1550//1550 1542//1542
f 4805//4805 1542//1542 4788//4788
f 773//773 5831//5831 5830//5830
f 794//794 5831//5831 773//773
f 1282//1282 5829//5829 5830//5830
f 1298//1298 5830//5830 5831//5831
f 1282//1282 5830//5830 1298//1298
f 1266//1266 5829//5829 1282//1282
f 766//766 5832//5832 758//758
f 758//758 5833//5833 783//783
f 758//758 5832//5832 5834//5834
f 758//758 5834//5834 5833//5833
f 766//766 5826//5826 5832//5832
f 783//783 5833//5833 5835//5835
f 783//783 5835//5835 803//803
f 4796//4796 1547//1547 1553//1553
f 4772//4772 1533//1533 1547//1547
f 4772//4772 1547//1547 4796//4796
f 4816//4816 1553//1553 1561//1561
f 4796//4796 1553//1553 4816//4816
f 1242//1242 5834//5834 5832//5832
f 1229//1229 5832//5832 5826//5826
f 1242//1242 5832//5832 1229//1229
f 1258//1258 5833//5833 5834//5834
f 1274//1274 5835//5835 5833//5833
f 1274//1274 5833//5833 1258//1258
f 1258//1258 5834//5834 1242//1242
f 4781//4781 1538//1538 1533//1533
f 4781//4781 1533//1533 4772//4772
f 1229//1229 5826//5826 947//947
f 4825//4825 1557//1557 1550//1550
f 4825//4825 1550//1550 4805//4805
f 794//794 5836//5836 5831//5831
f 803//803 5836//5836 794//794
f 1306//1306 5831//5831 5836//5836
f 1298//1298 5831//5831 1306//1306
f 803//803 5835//5835 5836//5836
f 4835//4835 1561//1561 1557//1557
f 4816//4816 1561//1561 4835//4835
f 1290//1290 5836//5836 5835//5835
f 1290//1290 5835//5835 1274//1274
f 4835//4835 1557//1557 4825//4825
f 1306//1306 5836//5836 1290//1290
f 986//986 1569//1569 877//877
f 2081//2081 1569//1569 986//986
f 984//984 2081//2081 986//986
f 1001//1001 5837//5837 984//984
f 984//984 5837//5837 2081//2081
f 989//989 2110//2110 2113//2113
f 989//989 2113//2113 1008//1008
f 4762//4762 5825//5825 4751//4751
f 1208//1208 930//930 5838//5838
f 1238//1238 5838//5838 930//930
f 1208//1208 5838//5838 5839//5839
f 1208//1208 5839//5839 1192//1192
f 5840//5840 5838//5838 1238//1238
f 1236//1236 5840//5840 1238//1238
f 5838//5838 5841//5841 5839//5839
f 5840//5840 5842//5842 5838//5838
f 5842//5842 5841//5841 5838//5838
f 1252//1252 5843//5843 1236//1236
f 1236//1236 5843//5843 5840//5840
f 1222//1222 5844//5844 943//943
f 1225//1225 943//943 5844//5844
f 1216//1216 5845//5845 1222//1222
f 5845//5845 5844//5844 1222//1222
f 1200//1200 5846//5846 1216//1216
f 1216//1216 5846//5846 5845//5845
f 1225//1225 5844//5844 5847//5847
f 1225//1225 5847//5847 1244//1244
f 5845//5845 5848//5848 5844//5844
f 5844//5844 5849//5849 5847//5847
f 5848//5848 5849//5849 5844//5844
f 1358//1358 1359//1359 1922//1922
f 1922//1922 1359//1359 1952//1952
f 1001//1001 5850//5850 5837//5837
f 1017//1017 5850//5850 1001//1001
f 5837//5837 2083//2083 2081//2081
f 5850//5850 5851//5851 5837//5837
f 5837//5837 5851//5851 2083//2083
f 1008//1008 2113//2113 5852//5852
f 1008//1008 5852//5852 1024//1024
f 2113//2113 5853//5853 5852//5852
f 2115//2115 5853//5853 2113//2113
f 1017//1017 5854//5854 5850//5850
f 1033//1033 5854//5854 1017//1017
f 5854//5854 5855//5855 5850//5850
f 5850//5850 5855//5855 5851//5851
f 1024//1024 5852//5852 5856//5856
f 1024//1024 5856//5856 1040//1040
f 5852//5852 5857//5857 5856//5856
f 5852//5852 5853//5853 5857//5857
f 1033//1033 5858//5858 5854//5854
f 1049//1049 5858//5858 1033//1033
f 5858//5858 5859//5859 5854//5854
f 5854//5854 5859//5859 5855//5855
f 1040//1040 5856//5856 5860//5860
f 1040//1040 5860//5860 1056//1056
f 5856//5856 5861//5861 5860//5860
f 5856//5856 5857//5857 5861//5861
f 1049//1049 1620//1620 5858//5858
f 1620//1620 5862//5862 5858//5858
f 5858//5858 5862//5862 5859//5859
f 1056//1056 5860//5860 5863//5863
f 1056//1056 5863//5863 1073//1073
f 5860//5860 5864//5864 5863//5863
f 5860//5860 5861//5861 5864//5864
f 1617//1617 4418//4418 1620//1620
f 1620//1620 4418//4418 5862//5862
f 1073//1073 5863//5863 1625//1625
f 5863//5863 4433//4433 1625//1625
f 5863//5863 5864//5864 4433//4433
f 1629//1629 4409//4409 1617//1617
f 1617//1617 4409//4409 4418//4418
f 1625//1625 4424//4424 1623//1623
f 1625//1625 4433//4433 4424//4424
f 1640//1640 4439//4439 1629//1629
f 1629//1629 4439//4439 4409//4409
f 1623//1623 4449//4449 1633//1633
f 1623//1623 4424//4424 4449//4449
f 1637//1637 4465//4465 1640//1640
f 1649//1649 4459//4459 1637//1637
f 1637//1637 4459//4459 4465//4465
f 1640//1640 4465//4465 4439//4439
f 1633//1633 4477//4477 1646//1646
f 1633//1633 4449//4449 4477//4477
f 1137//1137 5865//5865 1649//1649
f 1159//1159 5865//5865 1137//1137
f 5865//5865 4486//4486 1649//1649
f 1649//1649 4486//4486 4459//4459
f 1646//1646 4471//4471 1643//1643
f 1643//1643 4495//4495 1652//1652
f 1643//1643 4471//4471 4495//4495
f 1646//1646 4477//4477 4471//4471
f 1159//1159 5866//5866 5865//5865
f 1176//1176 5866//5866 1159//1159
f 5866//5866 5867//5867 5865//5865
f 5865//5865 5867//5867 4486//4486
f 1164//1164 1652//1652 5868//5868
f 1164//1164 5868//5868 1184//1184
f 1652//1652 5869//5869 5868//5868
f 1652//1652 4495//4495 5869//5869
f 1176//1176 5870//5870 5866//5866
f 1192//1192 5870//5870 1176//1176
f 5870//5870 5871//5871 5866//5866
f 5866//5866 5871//5871 5867//5867
f 1184//1184 5868//5868 5872//5872
f 1184//1184 5872//5872 1200//1200
f 5868//5868 5873//5873 5872//5872
f 5868//5868 5869//5869 5873//5873
f 1192//1192 5839//5839 5870//5870
f 5839//5839 5874//5874 5870//5870
f 5870//5870 5874//5874 5871//5871
f 1200//1200 5872//5872 5846//5846
f 5872//5872 5875//5875 5846//5846
f 5872//5872 5873//5873 5875//5875
f 5839//5839 5841//5841 5874//5874
f 5846//5846 5876//5876 5845//5845
f 5846//5846 5875//5875 5876//5876
f 5845//5845 5876//5876 5848//5848
f 1244//1244 5847//5847 5877//5877
f 1244//1244 5877//5877 1260//1260
f 5847//5847 5878//5878 5877//5877
f 5847//5847 5849//5849 5878//5878
f 1252//1252 5879//5879 5843//5843
f 1268//1268 5879//5879 1252//1252
f 5843//5843 5880//5880 5840//5840
f 5840//5840 5880//5880 5842//5842
f 5879//5879 5881//5881 5843//5843
f 5843//5843 5881//5881 5880//5880
f 1260//1260 5877//5877 5882//5882
f 1260//1260 5882//5882 1276//1276
f 5877//5877 5883//5883 5882//5882
f 5877//5877 5878//5878 5883//5883
f 1268//1268 5884//5884 5879//5879
f 1284//1284 5884//5884 1268//1268
f 5884//5884 5885//5885 5879//5879
f 5879//5879 5885//5885 5881//5881
f 1276//1276 5882//5882 5886//5886
f 1276//1276 5886//5886 1292//1292
f 5882//5882 5887//5887 5886//5886
f 5882//5882 5883//5883 5887//5887
f 1284//1284 5888//5888 5884//5884
f 1300//1300 5888//5888 1284//1284
f 5888//5888 5889//5889 5884//5884
f 5884//5884 5889//5889 5885//5885
f 1292//1292 5886//5886 5890//5890
f 1292//1292 5890//5890 1308//1308
f 5886//5886 5891//5891 5890//5890
f 5886//5886 5887//5887 5891//5891
f 1300//1300 5892//5892 5888//5888
f 1308//1308 5892//5892 1300//1300
f 5892//5892 5893//5893 5888//5888
f 5888//5888 5893//5893 5889//5889
f 1308//1308 5890//5890 5892//5892
f 5890//5890 5894//5894 5892//5892
f 5890//5890 5891//5891 5894//5894
f 5892//5892 5894//5894 5893//5893
f 2002//2002 1950//1950 1952//1952
f 4182//4182 1946//1946 1948//1948
f 4182//4182 1948//1948 2015//2015
f 5821//5821 5370//5370 4743//4743
f 4743//4743 5370//5370 4740//4740
f 5821//5821 1538//1538 4781//4781
f 5821//5821 4781//4781 5370//5370
f 4751//4751 4754//4754 4762//4762
f 4762//4762 4754//4754 4764//4764
f 5370//5370 4781//4781 4777//4777
f 4414//4414 5862//5862 4418//4418
f 5021//5021 5862//5862 4414//4414
f 5021//5021 5859//5859 5862//5862
f 4431//4431 4433//4433 5864//5864
f 4493//4493 5869//5869 4495//4495
f 4483//4483 4486//4486 5867//5867
f 5124//5124 5869//5869 4493//4493
f 5124//5124 5873//5873 5869//5869
f 1730//1730 1727//1727 1750//1750
f 1736//1736 1744//1744 1757//1757
f 4942//4942 2138//2138 2128//2128
f 4909//4909 2128//2128 2120//2120
f 4942//4942 2128//2128 4909//4909
f 4970//4970 2138//2138 4942//4942
f 4970//4970 2151//2151 2138//2138
f 2108//2108 2132//2132 4360//4360
f 4547//4547 2079//2079 2083//2083
f 4348//4348 2120//2120 2123//2123
f 4909//4909 2120//2120 4348//4348
f 4547//4547 2083//2083 4915//4915
f 4915//4915 2083//2083 5851//5851
f 4915//4915 5851//5851 4953//4953
f 4953//4953 5851//5851 5855//5855
f 2108//2108 4894//4894 2117//2117
f 4360//4360 4894//4894 2108//2108
f 2115//2115 2117//2117 4890//4890
f 2117//2117 4894//4894 4885//4885
f 4890//4890 2117//2117 4885//4885
f 4879//4879 5853//5853 2115//2115
f 4879//4879 2115//2115 4890//4890
f 4924//4924 5853//5853 4879//4879
f 4924//4924 5857//5857 5853//5853
f 5000//5000 2151//2151 4970//4970
f 5000//5000 2188//2188 2151//2151
f 5013//5013 2188//2188 5000//5000
f 5013//5013 2848//2848 2188//2188
f 4400//4400 2848//2848 5013//5013
f 4400//4400 2907//2907 2848//2848
f 4388//4388 2914//2914 2979//2979
f 4388//4388 2979//2979 5064//5064
f 2979//2979 2997//2997 5064//5064
f 5064//5064 2997//2997 4565//4565
f 4130//4130 4152//4152 5584//5584
f 5584//5584 4531//4531 4130//4130
f 5600//5600 4148//4148 4138//4138
f 4138//4138 4859//4859 5600//5600
f 4152//4152 4158//4158 5302//5302
f 5584//5584 4152//4152 5302//5302
f 5300//5300 4162//4162 4148//4148
f 5300//5300 4148//4148 5600//5600
f 5600//5600 4859//4859 5575//5575
f 5895//5895 4896//4896 4934//4934
f 5895//5895 4934//4934 5544//5544
f 5037//5037 5896//5896 5009//5009
f 5009//5009 5896//5896 5547//5547
f 5051//5051 5897//5897 5037//5037
f 5037//5037 5897//5897 5896//5896
f 5051//5051 5357//5357 5897//5897
f 5093//5093 5898//5898 5085//5085
f 5085//5085 5899//5899 5076//5076
f 5085//5085 5898//5898 5899//5899
f 5101//5101 5900//5900 5093//5093
f 5093//5093 5900//5900 5898//5898
f 5076//5076 5901//5901 5025//5025
f 5076//5076 5899//5899 5901//5901
f 4984//4984 5859//5859 5021//5021
f 5080//5080 5902//5902 5088//5088
f 5031//5031 5903//5903 5080//5080
f 5080//5080 5903//5903 5902//5902
f 5088//5088 5904//5904 5096//5096
f 5088//5088 5902//5902 5904//5904
f 4431//4431 5864//5864 4993//4993
f 4995//4995 5905//5905 5031//5031
f 5031//5031 5905//5905 5903//5903
f 4993//4993 5864//5864 5861//5861
f 4993//4993 5861//5861 4962//4962
f 5109//5109 5906//5906 5101//5101
f 5101//5101 5906//5906 5900//5900
f 5096//5096 5907//5907 5104//5104
f 5096//5096 5904//5904 5907//5907
f 4483//4483 5867//5867 5132//5132
f 5121//5121 5908//5908 5109//5109
f 5109//5109 5908//5908 5906//5906
f 5104//5104 5909//5909 5115//5115
f 5104//5104 5907//5907 5909//5909
f 5121//5121 5910//5910 5908//5908
f 5136//5136 5910//5910 5121//5121
f 5132//5132 5867//5867 5871//5871
f 5132//5132 5871//5871 5148//5148
f 5115//5115 5909//5909 5911//5911
f 5115//5115 5911//5911 5128//5128
f 5140//5140 5873//5873 5124//5124
f 5716//5716 5912//5912 5712//5712
f 5712//5712 5913//5913 5728//5728
f 5712//5712 5912//5912 5913//5913
f 5914//5914 5716//5716 5700//5700
f 5915//5915 5700//5700 5703//5703
f 5915//5915 5914//5914 5700//5700
f 5914//5914 5912//5912 5716//5716
f 5916//5916 5722//5722 5719//5719
f 5736//5736 5917//5917 5719//5719
f 5719//5719 5918//5918 5916//5916
f 5719//5719 5917//5917 5918//5918
f 5916//5916 5706//5706 5722//5722
f 5709//5709 5706//5706 5919//5919
f 5919//5919 5706//5706 5920//5920
f 5920//5920 5706//5706 5916//5916
f 4874//4874 5921//5921 5344//5344
f 4872//4872 5921//5921 4874//4874
f 5344//5344 5540//5540 5534//5534
f 5921//5921 5540//5540 5344//5344
f 4919//4919 5922//5922 4872//4872
f 4872//4872 5922//5922 5921//5921
f 5921//5921 5397//5397 5352//5352
f 5921//5921 5352//5352 5923//5923
f 5923//5923 5352//5352 5553//5553
f 5553//5553 5352//5352 5551//5551
f 5408//5408 5924//5924 5400//5400
f 5400//5400 5925//5925 5357//5357
f 5400//5400 5924//5924 5925//5925
f 5416//5416 5905//5905 5408//5408
f 5408//5408 5926//5926 5924//5924
f 5408//5408 5905//5905 5926//5926
f 5357//5357 5925//5925 5547//5547
f 5357//5357 5547//5547 5896//5896
f 5896//5896 5897//5897 5357//5357
f 5922//5922 5404//5404 5397//5397
f 5922//5922 5397//5397 5921//5921
f 5927//5927 5412//5412 5404//5404
f 5928//5928 5404//5404 5922//5922
f 5927//5927 5404//5404 5928//5928
f 5424//5424 5903//5903 5416//5416
f 5416//5416 5903//5903 5905//5905
f 5929//5929 5420//5420 5412//5412
f 5929//5929 5412//5412 5927//5927
f 5432//5432 5902//5902 5424//5424
f 5424//5424 5902//5902 5903//5903
f 5901//5901 5428//5428 5420//5420
f 5901//5901 5420//5420 5929//5929
f 5440//5440 5904//5904 5432//5432
f 5432//5432 5904//5904 5902//5902
f 5899//5899 5436//5436 5428//5428
f 5899//5899 5428//5428 5901//5901
f 5448//5448 5907//5907 5440//5440
f 5440//5440 5907//5907 5904//5904
f 5898//5898 5444//5444 5436//5436
f 5898//5898 5436//5436 5899//5899
f 5456//5456 5909//5909 5448//5448
f 5448//5448 5909//5909 5907//5907
f 5900//5900 5452//5452 5444//5444
f 5900//5900 5444//5444 5898//5898
f 5464//5464 5911//5911 5456//5456
f 5456//5456 5911//5911 5909//5909
f 5906//5906 5460//5460 5452//5452
f 5906//5906 5452//5452 5900//5900
f 5472//5472 5930//5930 5464//5464
f 5464//5464 5930//5930 5911//5911
f 5908//5908 5468//5468 5460//5460
f 5908//5908 5460//5460 5906//5906
f 5480//5480 5931//5931 5472//5472
f 5472//5472 5931//5931 5930//5930
f 5910//5910 5476//5476 5468//5468
f 5910//5910 5468//5468 5908//5908
f 5489//5489 5932//5932 5480//5480
f 5480//5480 5932//5932 5931//5931
f 5933//5933 5484//5484 5476//5476
f 5933//5933 5476//5476 5910//5910
f 5363//5363 5934//5934 5489//5489
f 5489//5489 5934//5934 5932//5932
f 4754//4754 4749//4749 4764//4764
f 5492//5492 5935//5935 4749//4749
f 4761//4761 4749//4749 5935//5935
f 5936//5936 5492//5492 5484//5484
f 5936//5936 5484//5484 5933//5933
f 5369//5369 5499//5499 5363//5363
f 5499//5499 5377//5377 5363//5363
f 5363//5363 5377//5377 5934//5934
f 5937//5937 5935//5935 5492//5492
f 5375//5375 5937//5937 5492//5492
f 5375//5375 5492//5492 5936//5936
f 4761//4761 5935//5935 5937//5937
f 5937//5937 5504//5504 4761//4761
f 5937//5937 5938//5938 5504//5504
f 5504//5504 5939//5939 5502//5502
f 5504//5504 5938//5938 5939//5939
f 5938//5938 5937//5937 5375//5375
f 5508//5508 5940//5940 5496//5496
f 5496//5496 5941//5941 5499//5499
f 5496//5496 5940//5940 5941//5941
f 5516//5516 5942//5942 5508//5508
f 5508//5508 5942//5942 5940//5940
f 5499//5499 5941//5941 5377//5377
f 5502//5502 5943//5943 5512//5512
f 5502//5502 5939//5939 5943//5943
f 5525//5525 5944//5944 5516//5516
f 5516//5516 5945//5945 5942//5942
f 5516//5516 5944//5944 5945//5945
f 5512//5512 5946//5946 5520//5520
f 5512//5512 5943//5943 5947//5947
f 5512//5512 5947//5947 5946//5946
f 5520//5520 5948//5948 5525//5525
f 5525//5525 5948//5948 5944//5944
f 5520//5520 5946//5946 5948//5948
f 4919//4919 5928//5928 5922//5922
f 4957//4957 5928//5928 4919//4919
f 5921//5921 5949//5949 5540//5540
f 5923//5923 5949//5949 5921//5921
f 4962//4962 5857//5857 4924//4924
f 4881//4881 5925//5925 4926//4926
f 4881//4881 5347//5347 5925//5925
f 4926//4926 5925//5925 5924//5924
f 4926//4926 5924//5924 4964//4964
f 5347//5347 5895//5895 5925//5925
f 5347//5347 4902//4902 5950//5950
f 5347//5347 5950//5950 5895//5895
f 5925//5925 5895//5895 5544//5544
f 5925//5925 5544//5544 5547//5547
f 5950//5950 4902//4902 4896//4896
f 5950//5950 4896//4896 5895//5895
f 4953//4953 5855//5855 4984//4984
f 4957//4957 5927//5927 5928//5928
f 4988//4988 5927//5927 4957//4957
f 4962//4962 5861//5861 5857//5857
f 4964//4964 5924//5924 5926//5926
f 4964//4964 5926//5926 4995//4995
f 4972//4972 5540//5540 5949//5949
f 4972//4972 5949//5949 5004//5004
f 4984//4984 5855//5855 5859//5859
f 4988//4988 5929//5929 5927//5927
f 5025//5025 5929//5929 4988//4988
f 4995//4995 5926//5926 5905//5905
f 5004//5004 5949//5949 5923//5923
f 5004//5004 5923//5923 5017//5017
f 5025//5025 5901//5901 5929//5929
f 5017//5017 5923//5923 5553//5553
f 5128//5128 5911//5911 5930//5930
f 5128//5128 5930//5930 5144//5144
f 5136//5136 5933//5933 5910//5910
f 5152//5152 5933//5933 5136//5136
f 5140//5140 5875//5875 5873//5873
f 5156//5156 5875//5875 5140//5140
f 5144//5144 5930//5930 5931//5931
f 5144//5144 5931//5931 5160//5160
f 5148//5148 5871//5871 5874//5874
f 5148//5148 5874//5874 5165//5165
f 5152//5152 5936//5936 5933//5933
f 5168//5168 5936//5936 5152//5152
f 5156//5156 5876//5876 5875//5875
f 5172//5172 5876//5876 5156//5156
f 5160//5160 5931//5931 5932//5932
f 5160//5160 5932//5932 5176//5176
f 5165//5165 5874//5874 5841//5841
f 5165//5165 5841//5841 5185//5185
f 5168//5168 5375//5375 5936//5936
f 5172//5172 5848//5848 5876//5876
f 5172//5172 5190//5190 5848//5848
f 5176//5176 5932//5932 5934//5934
f 5176//5176 5934//5934 5191//5191
f 5841//5841 5842//5842 5185//5185
f 5185//5185 5842//5842 5183//5183
f 5197//5197 5183//5183 5842//5842
f 5938//5938 5375//5375 5204//5204
f 5219//5219 5848//5848 5190//5190
f 5219//5219 5849//5849 5848//5848
f 5191//5191 5934//5934 5377//5377
f 5197//5197 5842//5842 5880//5880
f 5197//5197 5880//5880 5223//5223
f 5200//5200 5938//5938 5204//5204
f 5209//5209 5377//5377 5941//5941
f 5209//5209 5941//5941 5233//5233
f 5213//5213 5849//5849 5219//5219
f 5225//5225 5939//5939 5200//5200
f 5200//5200 5939//5939 5938//5938
f 5223//5223 5880//5880 5881//5881
f 5223//5223 5881//5881 5239//5239
f 5225//5225 5943//5943 5939//5939
f 5241//5241 5943//5943 5225//5225
f 5231//5231 5878//5878 5213//5213
f 5213//5213 5878//5878 5849//5849
f 5231//5231 5883//5883 5878//5878
f 5247//5247 5883//5883 5231//5231
f 5233//5233 5941//5941 5940//5940
f 5233//5233 5940//5940 5249//5249
f 5239//5239 5881//5881 5885//5885
f 5239//5239 5885//5885 5255//5255
f 5241//5241 5947//5947 5943//5943
f 5257//5257 5947//5947 5241//5241
f 5247//5247 5887//5887 5883//5883
f 5263//5263 5887//5887 5247//5247
f 5249//5249 5940//5940 5942//5942
f 5249//5249 5942//5942 5265//5265
f 5255//5255 5885//5885 5889//5889
f 5255//5255 5889//5889 5271//5271
f 5257//5257 5946//5946 5947//5947
f 5273//5273 5946//5946 5257//5257
f 5263//5263 5891//5891 5887//5887
f 5279//5279 5891//5891 5263//5263
f 5265//5265 5942//5942 5945//5945
f 5265//5265 5945//5945 5281//5281
f 5271//5271 5889//5889 5893//5893
f 5271//5271 5893//5893 5287//5287
f 5273//5273 5948//5948 5946//5946
f 5289//5289 5948//5948 5273//5273
f 5279//5279 5894//5894 5891//5891
f 5287//5287 5894//5894 5279//5279
f 5281//5281 5945//5945 5944//5944
f 5281//5281 5944//5944 5289//5289
f 5287//5287 5893//5893 5894//5894
f 5289//5289 5944//5944 5948//5948
f 5724//5724 5730//5730 5951//5951
f 5952//5952 5745//5745 5724//5724
f 5952//5952 5724//5724 5953//5953
f 5724//5724 5951//5951 5954//5954
f 5953//5953 5724//5724 5954//5954
f 5728//5728 5913//5913 5730//5730
f 5730//5730 5913//5913 5951//5951
f 5736//5736 5733//5733 5918//5918
f 5918//5918 5733//5733 5955//5955
f 5733//5733 5748//5748 5956//5956
f 5733//5733 5956//5956 5955//5955
f 5736//5736 5918//5918 5917//5917
f 5957//5957 5679//5679 5685//5685
f 5957//5957 5695//5695 5679//5679
f 5685//5685 5958//5958 5957//5957
f 5709//5709 5919//5919 5685//5685
f 5685//5685 5919//5919 5958//5958
f 5670//5670 5689//5689 5675//5675
f 5675//5675 5689//5689 5959//5959
f 5960//5960 5703//5703 5675//5675
f 5675//5675 5959//5959 5960//5960
f 5654//5654 5646//5646 5626//5626
f 5638//5638 5660//5660 5598//5598
f 5693//5693 5650//5650 5663//5663
f 5654//5654 5650//5650 5693//5693
f 5693//5693 5663//5663 5657//5657
f 5657//5657 5660//5660 5693//5693
f 5961//5961 5693//5693 5695//5695
f 5962//5962 5689//5689 5693//5693
f 5962//5962 5693//5693 5963//5963
f 5964//5964 5693//5693 5961//5961
f 5963//5963 5693//5693 5964//5964
f 5961//5961 5695//5695 5957//5957
f 5959//5959 5689//5689 5962//5962
f 5960//5960 5915//5915 5703//5703
f 5960//5960 5959//5959 5965//5965
f 5962//5962 5965//5965 5959//5959
f 5966//5966 5915//5915 5960//5960
f 5960//5960 5965//5965 5966//5966
f 5957//5957 5958//5958 5967//5967
f 5957//5957 5967//5967 5961//5961
f 5919//5919 5920//5920 5958//5958
f 5958//5958 5920//5920 5968//5968
f 5958//5958 5968//5968 5967//5967
f 5962//5962 5963//5963 5969//5969
f 5970//5970 5965//5965 5962//5962
f 5962//5962 5969//5969 5970//5970
f 5961//5961 5971//5971 5964//5964
f 5961//5961 5967//5967 5971//5971
f 5963//5963 5964//5964 5972//5972
f 5972//5972 5964//5964 5971//5971
f 5969//5969 5963//5963 5972//5972
f 5973//5973 5914//5914 5915//5915
f 5966//5966 5973//5973 5915//5915
f 5951//5951 5912//5912 5914//5914
f 5954//5954 5951//5951 5914//5914
f 5973//5973 5954//5954 5914//5914
f 5916//5916 5918//5918 5920//5920
f 5920//5920 5918//5918 5955//5955
f 5955//5955 5968//5968 5920//5920
f 5951//5951 5913//5913 5912//5912
f 5974//5974 5745//5745 5952//5952
f 5745//5745 5975//5975 5750//5750
f 5974//5974 5975//5975 5745//5745
f 5953//5953 5974//5974 5952//5952
f 5953//5953 5954//5954 5973//5973
f 5966//5966 5974//5974 5953//5953
f 5953//5953 5973//5973 5966//5966
f 5748//5748 5976//5976 5956//5956
f 5748//5748 5752//5752 5977//5977
f 5748//5748 5977//5977 5976//5976
f 5955//5955 5956//5956 5968//5968
f 5976//5976 5968//5968 5956//5956
f 5754//5754 5750//5750 5978//5978
f 5975//5975 5978//5978 5750//5750
f 5752//5752 5754//5754 5979//5979
f 5752//5752 5979//5979 5977//5977
f 5754//5754 5978//5978 5979//5979
f 5970//5970 5975//5975 5974//5974
f 5970//5970 5978//5978 5975//5975
f 5966//5966 5965//5965 5974//5974
f 5970//5970 5974//5974 5965//5965
f 5971//5971 5976//5976 5977//5977
f 5972//5972 5977//5977 5979//5979
f 5971//5971 5977//5977 5972//5972
f 5967//5967 5968//5968 5976//5976
f 5967//5967 5976//5976 5971//5971
f 5969//5969 5979//5979 5978//5978
f 5969//5969 5978//5978 5970//5970
f 5972//5972 5979//5979 5969//5969

