v 0.01457720 0.01718210 0.00000000
v 0.01457720 0.01718210 0.00000000
v 0.01456000 0.01750000 0.00000000
v 0.01456000 0.01750000 0.00000000
v 0.01456000 0.01750000 0.02244000
v 0.01456000 0.01750000 0.02244000
v 0.01462870 0.01686800 0.00000000
v 0.01462870 0.01686800 0.00000000
v 0.01457720 0.01718210 0.02244000
v 0.01457720 0.01718210 0.02244000
v 0.01471390 0.01656130 0.00000000
v 0.01471390 0.01656130 0.00000000
v 0.01462870 0.01686800 0.02244000
v 0.01462870 0.01686800 0.02244000
v 0.01483170 0.01626550 0.00000000
v 0.01483170 0.01626550 0.00000000
v 0.01471390 0.01656130 0.02244000
v 0.01471390 0.01656130 0.02244000
v 0.01498080 0.01598430 0.00000000
v 0.01498080 0.01598430 0.00000000
v 0.01483170 0.01626550 0.02244000
v 0.01483170 0.01626550 0.02244000
v 0.01515950 0.01572080 0.00000000
v 0.01515950 0.01572080 0.00000000
v 0.01498080 0.01598430 0.02244000
v 0.01498080 0.01598430 0.02244000
v 0.01536560 0.01547820 0.00000000
v 0.01536560 0.01547820 0.00000000
v 0.01515950 0.01572080 0.02244000
v 0.01515950 0.01572080 0.02244000
v 0.01559670 0.01525920 0.00000000
v 0.01559670 0.01525920 0.00000000
v 0.01536560 0.01547820 0.02244000
v 0.01536560 0.01547820 0.02244000
v 0.01585010 0.01506660 0.00000000
v 0.01585010 0.01506660 0.00000000
v 0.01559670 0.01525920 0.02244000
v 0.01559670 0.01525920 0.02244000
v 0.01612290 0.01490250 0.00000000
v 0.01612290 0.01490250 0.00000000
v 0.01585010 0.01506660 0.02244000
v 0.01585010 0.01506660 0.02244000
v 0.01641180 0.01476880 0.00000000
v 0.01641180 0.01476880 0.00000000
v 0.01612290 0.01490250 0.02244000
v 0.01612290 0.01490250 0.02244000
v 0.01671350 0.01466720 0.00000000
v 0.01671350 0.01466720 0.00000000
v 0.01641180 0.01476880 0.02244000
v 0.01641180 0.01476880 0.02244000
v 0.01702440 0.01459870 0.00000000
v 0.01702440 0.01459870 0.00000000
v 0.01671350 0.01466720 0.02244000
v 0.01671350 0.01466720 0.02244000
v 0.01734080 0.01456430 0.00000000
v 0.01734080 0.01456430 0.00000000
v 0.01702440 0.01459870 0.02244000
v 0.01702440 0.01459870 0.02244000
v 0.01765920 0.01456430 0.00000000
v 0.01765920 0.01456430 0.00000000
v 0.01734080 0.01456430 0.02244000
v 0.01734080 0.01456430 0.02244000
v 0.01797560 0.01459870 0.00000000
v 0.01797560 0.01459870 0.00000000
v 0.01765920 0.01456430 0.02244000
v 0.01765920 0.01456430 0.02244000
v 0.01828650 0.01466720 0.00000000
v 0.01828650 0.01466720 0.00000000
v 0.01797560 0.01459870 0.02244000
v 0.01797560 0.01459870 0.02244000
v 0.01858820 0.01476880 0.00000000
v 0.01858820 0.01476880 0.00000000
v 0.01828650 0.01466720 0.02244000
v 0.01828650 0.01466720 0.02244000
v 0.01887710 0.01490250 0.00000000
v 0.01887710 0.01490250 0.00000000
v 0.01858820 0.01476880 0.02244000
v 0.01858820 0.01476880 0.02244000
v 0.01914990 0.01506660 0.00000000
v 0.01914990 0.01506660 0.00000000
v 0.01887710 0.01490250 0.02244000
v 0.01887710 0.01490250 0.02244000
v 0.01940330 0.01525920 0.00000000
v 0.01940330 0.01525920 0.00000000
v 0.01914990 0.01506660 0.02244000
v 0.01914990 0.01506660 0.02244000
v 0.01963440 0.01547820 0.00000000
v 0.01963440 0.01547820 0.00000000
v 0.01940330 0.01525920 0.02244000
v 0.01940330 0.01525920 0.02244000
v 0.01984050 0.01572080 0.00000000
v 0.01984050 0.01572080 0.00000000
v 0.01963440 0.01547820 0.02244000
v 0.01963440 0.01547820 0.02244000
v 0.02001920 0.01598430 0.00000000
v 0.02001920 0.01598430 0.00000000
v 0.01984050 0.01572080 0.02244000
v 0.01984050 0.01572080 0.02244000
v 0.02016830 0.01626550 0.00000000
v 0.02016830 0.01626550 0.00000000
v 0.02001920 0.01598430 0.02244000
v 0.02001920 0.01598430 0.02244000
v 0.02028610 0.01656130 0.00000000
v 0.02028610 0.01656130 0.00000000
v 0.02016830 0.01626550 0.02244000
v 0.02016830 0.01626550 0.02244000
v 0.02037130 0.01686800 0.00000000
v 0.02037130 0.01686800 0.00000000
v 0.02028610 0.01656130 0.02244000
v 0.02028610 0.01656130 0.02244000
v 0.02042280 0.01718210 0.00000000
v 0.02042280 0.01718210 0.00000000
v 0.02037130 0.01686800 0.02244000
v 0.02037130 0.01686800 0.02244000
v 0.02044000 0.01750000 0.00000000
v 0.02044000 0.01750000 0.00000000
v 0.02042280 0.01718210 0.02244000
v 0.02042280 0.01718210 0.02244000
v 0.02042280 0.01781790 0.00000000
v 0.02042280 0.01781790 0.00000000
v 0.02044000 0.01750000 0.02244000
v 0.02044000 0.01750000 0.02244000
v 0.02037130 0.01813200 0.00000000
v 0.02037130 0.01813200 0.00000000
v 0.02042280 0.01781790 0.02244000
v 0.02042280 0.01781790 0.02244000
v 0.02028610 0.01843870 0.00000000
v 0.02028610 0.01843870 0.00000000
v 0.02037130 0.01813200 0.02244000
v 0.02037130 0.01813200 0.02244000
v 0.02016830 0.01873450 0.00000000
v 0.02016830 0.01873450 0.00000000
v 0.02028610 0.01843870 0.02244000
v 0.02028610 0.01843870 0.02244000
v 0.02001920 0.01901570 0.00000000
v 0.02001920 0.01901570 0.00000000
v 0.02016830 0.01873450 0.02244000
v 0.02016830 0.01873450 0.02244000
v 0.01984050 0.01927920 0.00000000
v 0.01984050 0.01927920 0.00000000
v 0.02001920 0.01901570 0.02244000
v 0.02001920 0.01901570 0.02244000
v 0.01963440 0.01952180 0.00000000
v 0.01963440 0.01952180 0.00000000
v 0.01984050 0.01927920 0.02244000
v 0.01984050 0.01927920 0.02244000
v 0.01940330 0.01974080 0.00000000
v 0.01940330 0.01974080 0.00000000
v 0.01963440 0.01952180 0.02244000
v 0.01963440 0.01952180 0.02244000
v 0.01914990 0.01993340 0.00000000
v 0.01914990 0.01993340 0.00000000
v 0.01940330 0.01974080 0.02244000
v 0.01940330 0.01974080 0.02244000
v 0.01887710 0.02009750 0.00000000
v 0.01887710 0.02009750 0.00000000
v 0.01914990 0.01993340 0.02244000
v 0.01914990 0.01993340 0.02244000
v 0.01858820 0.02023120 0.00000000
v 0.01858820 0.02023120 0.00000000
v 0.01887710 0.02009750 0.02244000
v 0.01887710 0.02009750 0.02244000
v 0.01828650 0.02033280 0.00000000
v 0.01828650 0.02033280 0.00000000
v 0.01858820 0.02023120 0.02244000
v 0.01858820 0.02023120 0.02244000
v 0.01797560 0.02040130 0.00000000
v 0.01797560 0.02040130 0.00000000
v 0.01828650 0.02033280 0.02244000
v 0.01828650 0.02033280 0.02244000
v 0.01765920 0.02043570 0.00000000
v 0.01765920 0.02043570 0.00000000
v 0.01797560 0.02040130 0.02244000
v 0.01797560 0.02040130 0.02244000
v 0.01734080 0.02043570 0.00000000
v 0.01734080 0.02043570 0.00000000
v 0.01765920 0.02043570 0.02244000
v 0.01765920 0.02043570 0.02244000
v 0.01702440 0.02040130 0.00000000
v 0.01702440 0.02040130 0.00000000
v 0.01734080 0.02043570 0.02244000
v 0.01734080 0.02043570 0.02244000
v 0.01671350 0.02033280 0.00000000
v 0.01671350 0.02033280 0.00000000
v 0.01702440 0.02040130 0.02244000
v 0.01702440 0.02040130 0.02244000
v 0.01641180 0.02023120 0.00000000
v 0.01641180 0.02023120 0.00000000
v 0.01671350 0.02033280 0.02244000
v 0.01671350 0.02033280 0.02244000
v 0.01612290 0.02009750 0.00000000
v 0.01612290 0.02009750 0.00000000
v 0.01641180 0.02023120 0.02244000
v 0.01641180 0.02023120 0.02244000
v 0.01585010 0.01993340 0.00000000
v 0.01585010 0.01993340 0.00000000
v 0.01612290 0.02009750 0.02244000
v 0.01612290 0.02009750 0.02244000
v 0.01559670 0.01974080 0.00000000
v 0.01559670 0.01974080 0.00000000
v 0.01585010 0.01993340 0.02244000
v 0.01585010 0.01993340 0.02244000
v 0.01536560 0.01952180 0.00000000
v 0.01536560 0.01952180 0.00000000
v 0.01559670 0.01974080 0.02244000
v 0.01559670 0.01974080 0.02244000
v 0.01515950 0.01927920 0.00000000
v 0.01515950 0.01927920 0.00000000
v 0.01536560 0.01952180 0.02244000
v 0.01536560 0.01952180 0.02244000
v 0.01498080 0.01901570 0.00000000
v 0.01498080 0.01901570 0.00000000
v 0.01515950 0.01927920 0.02244000
v 0.01515950 0.01927920 0.02244000
v 0.01483170 0.01873450 0.00000000
v 0.01483170 0.01873450 0.00000000
v 0.01498080 0.01901570 0.02244000
v 0.01498080 0.01901570 0.02244000
v 0.01471390 0.01843870 0.00000000
v 0.01471390 0.01843870 0.00000000
v 0.01483170 0.01873450 0.02244000
v 0.01483170 0.01873450 0.02244000
v 0.01462870 0.01813200 0.00000000
v 0.01462870 0.01813200 0.00000000
v 0.01471390 0.01843870 0.02244000
v 0.01471390 0.01843870 0.02244000
v 0.01457720 0.01781790 0.00000000
v 0.01457720 0.01781790 0.00000000
v 0.01462870 0.01813200 0.02244000
v 0.01462870 0.01813200 0.02244000
v 0.01457720 0.01781790 0.02244000
v 0.01457720 0.01781790 0.02244000
v 0.02300000 0.01750000 0.02500000
v 0.02300000 0.01750000 0.02500000
v 0.02296780 0.01809470 0.02500000
v 0.02296780 0.01809470 0.02500000
v 0.02287140 0.01868230 0.02500000
v 0.02287140 0.01868230 0.02500000
v 0.02271210 0.01925620 0.02500000
v 0.02271210 0.01925620 0.02500000
v 0.02249170 0.01980940 0.02500000
v 0.02249170 0.01980940 0.02500000
v 0.02221270 0.02033550 0.02500000
v 0.02221270 0.02033550 0.02500000
v 0.02187850 0.02082850 0.02500000
v 0.02187850 0.02082850 0.02500000
v 0.02149300 0.02128230 0.02500000
v 0.02149300 0.02128230 0.02500000
v 0.02106060 0.02169190 0.02500000
v 0.02106060 0.02169190 0.02500000
v 0.02058650 0.02205230 0.02500000
v 0.02058650 0.02205230 0.02500000
v 0.02007620 0.02235930 0.02500000
v 0.02007620 0.02235930 0.02500000
v 0.01953580 0.02260940 0.02500000
v 0.01953580 0.02260940 0.02500000
v 0.01897140 0.02279950 0.02500000
v 0.01897140 0.02279950 0.02500000
v 0.01838980 0.02292750 0.02500000
v 0.01838980 0.02292750 0.02500000
v 0.01779780 0.02299190 0.02500000
v 0.01779780 0.02299190 0.02500000
v 0.01720220 0.02299190 0.02500000
v 0.01720220 0.02299190 0.02500000
v 0.01661020 0.02292750 0.02500000
v 0.01661020 0.02292750 0.02500000
v 0.01602860 0.02279950 0.02500000
v 0.01602860 0.02279950 0.02500000
v 0.01546420 0.02260940 0.02500000
v 0.01546420 0.02260940 0.02500000
v 0.01492380 0.02235930 0.02500000
v 0.01492380 0.02235930 0.02500000
v 0.01441350 0.02205230 0.02500000
v 0.01441350 0.02205230 0.02500000
v 0.01393940 0.02169190 0.02500000
v 0.01393940 0.02169190 0.02500000
v 0.01350700 0.02128230 0.02500000
v 0.01350700 0.02128230 0.02500000
v 0.01312150 0.02082850 0.02500000
v 0.01312150 0.02082850 0.02500000
v 0.01278730 0.02033550 0.02500000
v 0.01278730 0.02033550 0.02500000
v 0.01250830 0.01980940 0.02500000
v 0.01250830 0.01980940 0.02500000
v 0.01228790 0.01925620 0.02500000
v 0.01228790 0.01925620 0.02500000
v 0.01212860 0.01868230 0.02500000
v 0.01212860 0.01868230 0.02500000
v 0.01203220 0.01809470 0.02500000
v 0.01203220 0.01809470 0.02500000
v 0.01200000 0.01750000 0.02500000
v 0.01200000 0.01750000 0.02500000
v 0.01203220 0.01690530 0.02500000
v 0.01203220 0.01690530 0.02500000
v 0.01212860 0.01631770 0.02500000
v 0.01212860 0.01631770 0.02500000
v 0.01228790 0.01574380 0.02500000
v 0.01228790 0.01574380 0.02500000
v 0.01250830 0.01519060 0.02500000
v 0.01250830 0.01519060 0.02500000
v 0.01278730 0.01466450 0.02500000
v 0.01278730 0.01466450 0.02500000
v 0.01312150 0.01417150 0.02500000
v 0.01312150 0.01417150 0.02500000
v 0.01350700 0.01371770 0.02500000
v 0.01350700 0.01371770 0.02500000
v 0.01393940 0.01330810 0.02500000
v 0.01393940 0.01330810 0.02500000
v 0.01441350 0.01294770 0.02500000
v 0.01441350 0.01294770 0.02500000
v 0.01492380 0.01264070 0.02500000
v 0.01492380 0.01264070 0.02500000
v 0.01546420 0.01239060 0.02500000
v 0.01546420 0.01239060 0.02500000
v 0.01602860 0.01220050 0.02500000
v 0.01602860 0.01220050 0.02500000
v 0.01661020 0.01207250 0.02500000
v 0.01661020 0.01207250 0.02500000
v 0.01720220 0.01200810 0.02500000
v 0.01720220 0.01200810 0.02500000
v 0.01779780 0.01200810 0.02500000
v 0.01779780 0.01200810 0.02500000
v 0.01838980 0.01207250 0.02500000
v 0.01838980 0.01207250 0.02500000
v 0.01897140 0.01220050 0.02500000
v 0.01897140 0.01220050 0.02500000
v 0.01953580 0.01239060 0.02500000
v 0.01953580 0.01239060 0.02500000
v 0.02007620 0.01264070 0.02500000
v 0.02007620 0.01264070 0.02500000
v 0.02058650 0.01294770 0.02500000
v 0.02058650 0.01294770 0.02500000
v 0.02106060 0.01330810 0.02500000
v 0.02106060 0.01330810 0.02500000
v 0.02149300 0.01371770 0.02500000
v 0.02149300 0.01371770 0.02500000
v 0.02187850 0.01417150 0.02500000
v 0.02187850 0.01417150 0.02500000
v 0.02221270 0.01466450 0.02500000
v 0.02221270 0.01466450 0.02500000
v 0.02249170 0.01519060 0.02500000
v 0.02249170 0.01519060 0.02500000
v 0.02271210 0.01574380 0.02500000
v 0.02271210 0.01574380 0.02500000
v 0.02287140 0.01631770 0.02500000
v 0.02287140 0.01631770 0.02500000
v 0.02296780 0.01690530 0.02500000
v 0.02296780 0.01690530 0.02500000
v 0.01720220 -0.01200810 0.02500000
v 0.01720220 -0.01200810 0.02500000
v 0.01779780 -0.01200810 0.02500000
v 0.01779780 -0.01200810 0.02500000
v 0.01546420 -0.01239060 0.02500000
v 0.01546420 -0.01239060 0.02500000
v 0.01602860 -0.01220050 0.02500000
v 0.01602860 -0.01220050 0.02500000
v 0.01897140 -0.01220050 0.02500000
v 0.01897140 -0.01220050 0.02500000
v 0.01838980 -0.01207250 0.02500000
v 0.01838980 -0.01207250 0.02500000
v 0.02682940 -0.01553020 0.02500000
v 0.02682940 -0.01553020 0.02500000
v 0.02296780 -0.01690530 0.02500000
v 0.02296780 -0.01690530 0.02500000
v 0.02300000 -0.01750000 0.02500000
v 0.02300000 -0.01750000 0.02500000
v 0.02271210 -0.01574380 0.02500000
v 0.02271210 -0.01574380 0.02500000
v 0.02287140 -0.01631770 0.02500000
v 0.02287140 -0.01631770 0.02500000
v 0.02106060 -0.01330810 0.02500000
v 0.02106060 -0.01330810 0.02500000
v 0.02149300 -0.01371770 0.02500000
v 0.02149300 -0.01371770 0.02500000
v 0.03031970 -0.00645889 0.02500000
v 0.03031970 -0.00645889 0.02500000
v 0.02830860 -0.01263430 0.02500000
v 0.02830860 -0.01263430 0.02500000
v 0.02249170 -0.01519060 0.02500000
v 0.02249170 -0.01519060 0.02500000
v 0.02221270 -0.01466450 0.02500000
v 0.02221270 -0.01466450 0.02500000
v 0.02187850 -0.01417150 0.02500000
v 0.02187850 -0.01417150 0.02500000
v 0.02947630 -0.00959940 0.02500000
v 0.02947630 -0.00959940 0.02500000
v 0.03082940 -0.00324731 0.02500000
v 0.03082940 -0.00324731 0.02500000
v 0.02058650 -0.01294770 0.02500000
v 0.02058650 -0.01294770 0.02500000
v 0.03100000 -0.00000000 0.02500000
v 0.03100000 -0.00000000 0.02500000
v 0.02007620 -0.01264070 0.02500000
v 0.02007620 -0.01264070 0.02500000
v 0.03082940 0.00324731 0.02500000
v 0.03082940 0.00324731 0.02500000
v 0.01661020 -0.01207250 0.02500000
v 0.01661020 -0.01207250 0.02500000
v 0.02070160 -0.02307470 0.02500000
v 0.02070160 -0.02307470 0.02500000
v 0.02300480 -0.02077930 0.02500000
v 0.02300480 -0.02077930 0.02500000
v 0.02149300 -0.02128230 0.02500000
v 0.02149300 -0.02128230 0.02500000
v 0.00950000 0.02950850 0.02500000
v 0.00950000 0.02950850 0.02500000
v 0.00950000 0.02950850 0.02500000
v 0.00950000 0.02950850 0.02500000
v 0.03031970 0.00645889 0.02500000
v 0.03031970 0.00645889 0.02500000
v 0.01441350 -0.02205230 0.02500000
v 0.01441350 -0.02205230 0.02500000
v 0.00950000 -0.02950850 0.02500000
v 0.00950000 -0.02950850 0.02500000
v 0.00950000 -0.02950850 0.02500000
v 0.00950000 -0.02950850 0.02500000
v 0.01253880 -0.02835100 0.02500000
v 0.01253880 -0.02835100 0.02500000
v 0.01546420 -0.02260940 0.02500000
v 0.01546420 -0.02260940 0.02500000
v 0.01543960 -0.02688150 0.02500000
v 0.01543960 -0.02688150 0.02500000
v 0.01817060 -0.02511630 0.02500000
v 0.01817060 -0.02511630 0.02500000
v 0.01779780 -0.02299190 0.02500000
v 0.01779780 -0.02299190 0.02500000
v 0.01720220 -0.02299190 0.02500000
v 0.01720220 -0.02299190 0.02500000
v 0.02187850 -0.02082850 0.02500000
v 0.02187850 -0.02082850 0.02500000
v 0.02070160 0.02307470 0.02500000
v 0.02070160 0.02307470 0.02500000
v 0.01953580 -0.01239060 0.02500000
v 0.01953580 -0.01239060 0.02500000
v 0.01492380 -0.02235930 0.02500000
v 0.01492380 -0.02235930 0.02500000
v 0.01661020 -0.02292750 0.02500000
v 0.01661020 -0.02292750 0.02500000
v 0.01602860 -0.02279950 0.02500000
v 0.01602860 -0.02279950 0.02500000
v 0.01838980 -0.02292750 0.02500000
v 0.01838980 -0.02292750 0.02500000
v 0.02106060 -0.02169190 0.02500000
v 0.02106060 -0.02169190 0.02500000
v 0.02300480 0.02077930 0.02500000
v 0.02300480 0.02077930 0.02500000
v 0.01817060 0.02511630 0.02500000
v 0.01817060 0.02511630 0.02500000
v 0.01543960 0.02688150 0.02500000
v 0.01543960 0.02688150 0.02500000
v 0.02947630 0.00959940 0.02500000
v 0.02947630 0.00959940 0.02500000
v 0.01250830 -0.01980940 0.02500000
v 0.01250830 -0.01980940 0.02500000
v 0.01228790 -0.01925620 0.02500000
v 0.01228790 -0.01925620 0.02500000
v 0.01312150 -0.02082850 0.02500000
v 0.01312150 -0.02082850 0.02500000
v 0.01278730 -0.02033550 0.02500000
v 0.01278730 -0.02033550 0.02500000
v 0.02058650 -0.02205230 0.02500000
v 0.02058650 -0.02205230 0.02500000
v 0.02007620 -0.02235930 0.02500000
v 0.02007620 -0.02235930 0.02500000
v 0.02221270 -0.02033550 0.02500000
v 0.02221270 -0.02033550 0.02500000
v 0.01253880 0.02835100 0.02500000
v 0.01253880 0.02835100 0.02500000
v 0.02830860 0.01263430 0.02500000
v 0.02830860 0.01263430 0.02500000
v 0.02682940 0.01553020 0.02500000
v 0.02682940 0.01553020 0.02500000
v 0.01278730 -0.01466450 0.02500000
v 0.01278730 -0.01466450 0.02500000
v 0.01312150 -0.01417150 0.02500000
v 0.01312150 -0.01417150 0.02500000
v 0.01953580 -0.02260940 0.02500000
v 0.01953580 -0.02260940 0.02500000
v 0.02505490 -0.01825510 0.02500000
v 0.02505490 -0.01825510 0.02500000
v 0.02271210 -0.01925620 0.02500000
v 0.02271210 -0.01925620 0.02500000
v 0.02505490 0.01825510 0.02500000
v 0.02505490 0.01825510 0.02500000
v 0.01250830 -0.01519060 0.02500000
v 0.01250830 -0.01519060 0.02500000
v 0.01212860 -0.01631770 0.02500000
v 0.01212860 -0.01631770 0.02500000
v 0.01228790 -0.01574380 0.02500000
v 0.01228790 -0.01574380 0.02500000
v 0.01200000 -0.01750000 0.02500000
v 0.01200000 -0.01750000 0.02500000
v 0.01203220 -0.01690530 0.02500000
v 0.01203220 -0.01690530 0.02500000
v 0.01350700 -0.02128230 0.02500000
v 0.01350700 -0.02128230 0.02500000
v 0.01393940 -0.02169190 0.02500000
v 0.01393940 -0.02169190 0.02500000
v 0.01897140 -0.02279950 0.02500000
v 0.01897140 -0.02279950 0.02500000
v 0.02249170 -0.01980940 0.02500000
v 0.02249170 -0.01980940 0.02500000
v 0.02296780 -0.01809470 0.02500000
v 0.02296780 -0.01809470 0.02500000
v 0.02287140 -0.01868230 0.02500000
v 0.02287140 -0.01868230 0.02500000
v 0.01441350 -0.01294770 0.02500000
v 0.01441350 -0.01294770 0.02500000
v 0.01492380 -0.01264070 0.02500000
v 0.01492380 -0.01264070 0.02500000
v 0.01350700 -0.01371770 0.02500000
v 0.01350700 -0.01371770 0.02500000
v 0.01393940 -0.01330810 0.02500000
v 0.01393940 -0.01330810 0.02500000
v 0.01212860 -0.01868230 0.02500000
v 0.01212860 -0.01868230 0.02500000
v 0.01203220 -0.01809470 0.02500000
v 0.01203220 -0.01809470 0.02500000
v 0.02042280 -0.01718210 0.02244000
v 0.02042280 -0.01718210 0.02244000
v 0.02037130 -0.01686800 0.02244000
v 0.02037130 -0.01686800 0.02244000
v 0.02028610 -0.01656130 0.02244000
v 0.02028610 -0.01656130 0.02244000
v 0.02016830 -0.01626550 0.02244000
v 0.02016830 -0.01626550 0.02244000
v 0.02001920 -0.01598430 0.02244000
v 0.02001920 -0.01598430 0.02244000
v 0.01984050 -0.01572080 0.02244000
v 0.01984050 -0.01572080 0.02244000
v 0.01963440 -0.01547820 0.02244000
v 0.01963440 -0.01547820 0.02244000
v 0.01940330 -0.01525920 0.02244000
v 0.01940330 -0.01525920 0.02244000
v 0.01914990 -0.01506660 0.02244000
v 0.01914990 -0.01506660 0.02244000
v 0.01887710 -0.01490250 0.02244000
v 0.01887710 -0.01490250 0.02244000
v 0.01858820 -0.01476880 0.02244000
v 0.01858820 -0.01476880 0.02244000
v 0.01828650 -0.01466720 0.02244000
v 0.01828650 -0.01466720 0.02244000
v 0.01797560 -0.01459870 0.02244000
v 0.01797560 -0.01459870 0.02244000
v 0.01765920 -0.01456430 0.02244000
v 0.01765920 -0.01456430 0.02244000
v 0.01734080 -0.01456430 0.02244000
v 0.01734080 -0.01456430 0.02244000
v 0.01702440 -0.01459870 0.02244000
v 0.01702440 -0.01459870 0.02244000
v 0.01671350 -0.01466720 0.02244000
v 0.01671350 -0.01466720 0.02244000
v 0.01641180 -0.01476880 0.02244000
v 0.01641180 -0.01476880 0.02244000
v 0.01612290 -0.01490250 0.02244000
v 0.01612290 -0.01490250 0.02244000
v 0.01585010 -0.01506660 0.02244000
v 0.01585010 -0.01506660 0.02244000
v 0.01559670 -0.01525920 0.02244000
v 0.01559670 -0.01525920 0.02244000
v 0.01536560 -0.01547820 0.02244000
v 0.01536560 -0.01547820 0.02244000
v 0.01515950 -0.01572080 0.02244000
v 0.01515950 -0.01572080 0.02244000
v 0.01498080 -0.01598430 0.02244000
v 0.01498080 -0.01598430 0.02244000
v 0.01483170 -0.01626550 0.02244000
v 0.01483170 -0.01626550 0.02244000
v 0.01471390 -0.01656130 0.02244000
v 0.01471390 -0.01656130 0.02244000
v 0.01462870 -0.01686800 0.02244000
v 0.01462870 -0.01686800 0.02244000
v 0.01457720 -0.01718210 0.02244000
v 0.01457720 -0.01718210 0.02244000
v 0.01456000 -0.01750000 0.02244000
v 0.01456000 -0.01750000 0.02244000
v 0.01457720 -0.01781790 0.02244000
v 0.01457720 -0.01781790 0.02244000
v 0.01462870 -0.01813200 0.02244000
v 0.01462870 -0.01813200 0.02244000
v 0.01471390 -0.01843870 0.02244000
v 0.01471390 -0.01843870 0.02244000
v 0.01483170 -0.01873450 0.02244000
v 0.01483170 -0.01873450 0.02244000
v 0.01498080 -0.01901570 0.02244000
v 0.01498080 -0.01901570 0.02244000
v 0.01515950 -0.01927920 0.02244000
v 0.01515950 -0.01927920 0.02244000
v 0.01536560 -0.01952180 0.02244000
v 0.01536560 -0.01952180 0.02244000
v 0.01559670 -0.01974080 0.02244000
v 0.01559670 -0.01974080 0.02244000
v 0.01585010 -0.01993340 0.02244000
v 0.01585010 -0.01993340 0.02244000
v 0.01612290 -0.02009750 0.02244000
v 0.01612290 -0.02009750 0.02244000
v 0.01641180 -0.02023120 0.02244000
v 0.01641180 -0.02023120 0.02244000
v 0.01671350 -0.02033280 0.02244000
v 0.01671350 -0.02033280 0.02244000
v 0.01702440 -0.02040130 0.02244000
v 0.01702440 -0.02040130 0.02244000
v 0.01734080 -0.02043570 0.02244000
v 0.01734080 -0.02043570 0.02244000
v 0.01765920 -0.02043570 0.02244000
v 0.01765920 -0.02043570 0.02244000
v 0.01797560 -0.02040130 0.02244000
v 0.01797560 -0.02040130 0.02244000
v 0.01828650 -0.02033280 0.02244000
v 0.01828650 -0.02033280 0.02244000
v 0.01858820 -0.02023120 0.02244000
v 0.01858820 -0.02023120 0.02244000
v 0.01887710 -0.02009750 0.02244000
v 0.01887710 -0.02009750 0.02244000
v 0.01914990 -0.01993340 0.02244000
v 0.01914990 -0.01993340 0.02244000
v 0.01940330 -0.01974080 0.02244000
v 0.01940330 -0.01974080 0.02244000
v 0.01963440 -0.01952180 0.02244000
v 0.01963440 -0.01952180 0.02244000
v 0.01984050 -0.01927920 0.02244000
v 0.01984050 -0.01927920 0.02244000
v 0.02001920 -0.01901570 0.02244000
v 0.02001920 -0.01901570 0.02244000
v 0.02016830 -0.01873450 0.02244000
v 0.02016830 -0.01873450 0.02244000
v 0.02028610 -0.01843870 0.02244000
v 0.02028610 -0.01843870 0.02244000
v 0.02037130 -0.01813200 0.02244000
v 0.02037130 -0.01813200 0.02244000
v 0.02042280 -0.01781790 0.02244000
v 0.02042280 -0.01781790 0.02244000
v 0.02044000 -0.01750000 0.02244000
v 0.02044000 -0.01750000 0.02244000
v 0.01457720 -0.01781790 0.00000000
v 0.01457720 -0.01781790 0.00000000
v 0.01456000 -0.01750000 0.00000000
v 0.01456000 -0.01750000 0.00000000
v 0.01462870 -0.01813200 0.00000000
v 0.01462870 -0.01813200 0.00000000
v 0.01471390 -0.01843870 0.00000000
v 0.01471390 -0.01843870 0.00000000
v 0.01483170 -0.01873450 0.00000000
v 0.01483170 -0.01873450 0.00000000
v 0.01498080 -0.01901570 0.00000000
v 0.01498080 -0.01901570 0.00000000
v 0.01515950 -0.01927920 0.00000000
v 0.01515950 -0.01927920 0.00000000
v 0.01536560 -0.01952180 0.00000000
v 0.01536560 -0.01952180 0.00000000
v 0.01559670 -0.01974080 0.00000000
v 0.01559670 -0.01974080 0.00000000
v 0.01585010 -0.01993340 0.00000000
v 0.01585010 -0.01993340 0.00000000
v 0.01612290 -0.02009750 0.00000000
v 0.01612290 -0.02009750 0.00000000
v 0.01641180 -0.02023120 0.00000000
v 0.01641180 -0.02023120 0.00000000
v 0.01671350 -0.02033280 0.00000000
v 0.01671350 -0.02033280 0.00000000
v 0.01702440 -0.02040130 0.00000000
v 0.01702440 -0.02040130 0.00000000
v 0.01734080 -0.02043570 0.00000000
v 0.01734080 -0.02043570 0.00000000
v 0.01765920 -0.02043570 0.00000000
v 0.01765920 -0.02043570 0.00000000
v 0.01797560 -0.02040130 0.00000000
v 0.01797560 -0.02040130 0.00000000
v 0.01828650 -0.02033280 0.00000000
v 0.01828650 -0.02033280 0.00000000
v 0.01858820 -0.02023120 0.00000000
v 0.01858820 -0.02023120 0.00000000
v 0.01887710 -0.02009750 0.00000000
v 0.01887710 -0.02009750 0.00000000
v 0.01914990 -0.01993340 0.00000000
v 0.01914990 -0.01993340 0.00000000
v 0.01940330 -0.01974080 0.00000000
v 0.01940330 -0.01974080 0.00000000
v 0.01963440 -0.01952180 0.00000000
v 0.01963440 -0.01952180 0.00000000
v 0.01984050 -0.01927920 0.00000000
v 0.01984050 -0.01927920 0.00000000
v 0.02001920 -0.01901570 0.00000000
v 0.02001920 -0.01901570 0.00000000
v 0.02016830 -0.01873450 0.00000000
v 0.02016830 -0.01873450 0.00000000
v 0.02028610 -0.01843870 0.00000000
v 0.02028610 -0.01843870 0.00000000
v 0.02037130 -0.01813200 0.00000000
v 0.02037130 -0.01813200 0.00000000
v 0.02042280 -0.01781790 0.00000000
v 0.02042280 -0.01781790 0.00000000
v 0.02044000 -0.01750000 0.00000000
v 0.02044000 -0.01750000 0.00000000
v 0.02042280 -0.01718210 0.00000000
v 0.02042280 -0.01718210 0.00000000
v 0.02037130 -0.01686800 0.00000000
v 0.02037130 -0.01686800 0.00000000
v 0.02028610 -0.01656130 0.00000000
v 0.02028610 -0.01656130 0.00000000
v 0.02016830 -0.01626550 0.00000000
v 0.02016830 -0.01626550 0.00000000
v 0.02001920 -0.01598430 0.00000000
v 0.02001920 -0.01598430 0.00000000
v 0.01984050 -0.01572080 0.00000000
v 0.01984050 -0.01572080 0.00000000
v 0.01963440 -0.01547820 0.00000000
v 0.01963440 -0.01547820 0.00000000
v 0.01940330 -0.01525920 0.00000000
v 0.01940330 -0.01525920 0.00000000
v 0.01914990 -0.01506660 0.00000000
v 0.01914990 -0.01506660 0.00000000
v 0.01887710 -0.01490250 0.00000000
v 0.01887710 -0.01490250 0.00000000
v 0.01858820 -0.01476880 0.00000000
v 0.01858820 -0.01476880 0.00000000
v 0.01828650 -0.01466720 0.00000000
v 0.01828650 -0.01466720 0.00000000
v 0.01797560 -0.01459870 0.00000000
v 0.01797560 -0.01459870 0.00000000
v 0.01765920 -0.01456430 0.00000000
v 0.01765920 -0.01456430 0.00000000
v 0.01734080 -0.01456430 0.00000000
v 0.01734080 -0.01456430 0.00000000
v 0.01702440 -0.01459870 0.00000000
v 0.01702440 -0.01459870 0.00000000
v 0.01671350 -0.01466720 0.00000000
v 0.01671350 -0.01466720 0.00000000
v 0.01641180 -0.01476880 0.00000000
v 0.01641180 -0.01476880 0.00000000
v 0.01612290 -0.01490250 0.00000000
v 0.01612290 -0.01490250 0.00000000
v 0.01585010 -0.01506660 0.00000000
v 0.01585010 -0.01506660 0.00000000
v 0.01559670 -0.01525920 0.00000000
v 0.01559670 -0.01525920 0.00000000
v 0.01536560 -0.01547820 0.00000000
v 0.01536560 -0.01547820 0.00000000
v 0.01515950 -0.01572080 0.00000000
v 0.01515950 -0.01572080 0.00000000
v 0.01498080 -0.01598430 0.00000000
v 0.01498080 -0.01598430 0.00000000
v 0.01483170 -0.01626550 0.00000000
v 0.01483170 -0.01626550 0.00000000
v 0.01471390 -0.01656130 0.00000000
v 0.01471390 -0.01656130 0.00000000
v 0.01462870 -0.01686800 0.00000000
v 0.01462870 -0.01686800 0.00000000
v 0.01457720 -0.01718210 0.00000000
v 0.01457720 -0.01718210 0.00000000
v -0.01734080 -0.01456430 0.00000000
v -0.01734080 -0.01456430 0.00000000
v -0.01765920 -0.01456430 0.00000000
v -0.01765920 -0.01456430 0.00000000
v -0.01765920 0.01456430 0.00000000
v -0.01765920 0.01456430 0.00000000
v -0.01734080 0.01456430 0.00000000
v -0.01734080 0.01456430 0.00000000
v -0.01471390 -0.01656130 0.00000000
v -0.01471390 -0.01656130 0.00000000
v -0.01483170 -0.01626550 0.00000000
v -0.01483170 -0.01626550 0.00000000
v -0.01457720 -0.01781790 0.00000000
v -0.01457720 -0.01781790 0.00000000
v -0.01456000 -0.01750000 0.00000000
v -0.01456000 -0.01750000 0.00000000
v -0.01498080 -0.01901570 0.00000000
v -0.01498080 -0.01901570 0.00000000
v -0.01483170 -0.01873450 0.00000000
v -0.01483170 -0.01873450 0.00000000
v 0.03150000 0.00000000 0.00000000
v 0.03150000 0.00000000 0.00000000
v -0.01559670 -0.01974080 0.00000000
v -0.01559670 -0.01974080 0.00000000
v -0.01536560 -0.01952180 0.00000000
v -0.01536560 -0.01952180 0.00000000
v -0.00509613 0.03108500 0.00000000
v -0.00509613 0.03108500 0.00000000
v -0.01483170 0.01873450 0.00000000
v -0.01483170 0.01873450 0.00000000
v -0.01702440 -0.01459870 0.00000000
v -0.01702440 -0.01459870 0.00000000
v -0.01585010 -0.01506660 0.00000000
v -0.01585010 -0.01506660 0.00000000
v -0.01612290 -0.01490250 0.00000000
v -0.01612290 -0.01490250 0.00000000
v -0.01515950 -0.01572080 0.00000000
v -0.01515950 -0.01572080 0.00000000
v -0.01536560 -0.01547820 0.00000000
v -0.01536560 -0.01547820 0.00000000
v -0.01462870 -0.01686800 0.00000000
v -0.01462870 -0.01686800 0.00000000
v -0.01457720 -0.01718210 0.00000000
v -0.01457720 -0.01718210 0.00000000
v -0.01471390 -0.01843870 0.00000000
v -0.01471390 -0.01843870 0.00000000
v -0.01585010 -0.01993340 0.00000000
v -0.01585010 -0.01993340 0.00000000
v -0.01641180 -0.02023120 0.00000000
v -0.01641180 -0.02023120 0.00000000
v -0.01612290 -0.02009750 0.00000000
v -0.01612290 -0.02009750 0.00000000
v -0.01585010 0.01993340 0.00000000
v -0.01585010 0.01993340 0.00000000
v -0.01612290 0.02009750 0.00000000
v -0.01612290 0.02009750 0.00000000
v -0.01165940 0.02926280 0.00000000
v -0.01165940 0.02926280 0.00000000
v -0.01471390 0.01843870 0.00000000
v -0.01471390 0.01843870 0.00000000
v -0.01457720 0.01718210 0.00000000
v -0.01457720 0.01718210 0.00000000
v -0.01456000 0.01750000 0.00000000
v -0.01456000 0.01750000 0.00000000
v -0.01797560 0.01459870 0.00000000
v -0.01797560 0.01459870 0.00000000
v -0.01797560 -0.01459870 0.00000000
v -0.01797560 -0.01459870 0.00000000
v -0.01828650 -0.01466720 0.00000000
v -0.01828650 -0.01466720 0.00000000
v -0.01641180 -0.01476880 0.00000000
v -0.01641180 -0.01476880 0.00000000
v -0.01858820 -0.01476880 0.00000000
v -0.01858820 -0.01476880 0.00000000
v -0.03150000 0.00000000 0.00000000
v -0.03150000 0.00000000 0.00000000
v -0.01858820 0.01476880 0.00000000
v -0.01858820 0.01476880 0.00000000
v -0.01559670 -0.01525920 0.00000000
v -0.01559670 -0.01525920 0.00000000
v -0.01498080 -0.01598430 0.00000000
v -0.01498080 -0.01598430 0.00000000
v -0.01462870 -0.01813200 0.00000000
v -0.01462870 -0.01813200 0.00000000
v -0.00842714 0.03035180 0.00000000
v -0.00842714 0.03035180 0.00000000
v -0.01559670 0.01974080 0.00000000
v -0.01559670 0.01974080 0.00000000
v -0.01515950 0.01927920 0.00000000
v -0.01515950 0.01927920 0.00000000
v -0.01536560 0.01952180 0.00000000
v -0.01536560 0.01952180 0.00000000
v -0.01462870 0.01813200 0.00000000
v -0.01462870 0.01813200 0.00000000
v -0.01457720 0.01781790 0.00000000
v -0.01457720 0.01781790 0.00000000
v -0.01471390 0.01656130 0.00000000
v -0.01471390 0.01656130 0.00000000
v -0.01462870 0.01686800 0.00000000
v -0.01462870 0.01686800 0.00000000
v -0.01498080 0.01598430 0.00000000
v -0.01498080 0.01598430 0.00000000
v -0.01483170 0.01626550 0.00000000
v -0.01483170 0.01626550 0.00000000
v -0.01671350 -0.01466720 0.00000000
v -0.01671350 -0.01466720 0.00000000
v -0.01887710 0.01490250 0.00000000
v -0.01887710 0.01490250 0.00000000
v -0.01515950 -0.01927920 0.00000000
v -0.01515950 -0.01927920 0.00000000
v 0.02699100 0.01623990 0.00000000
v 0.02699100 0.01623990 0.00000000
v 0.02858860 0.01322650 0.00000000
v 0.02858860 0.01322650 0.00000000
v 0.02985110 0.01005800 0.00000000
v 0.02985110 0.01005800 0.00000000
v -0.01498080 0.01901570 0.00000000
v -0.01498080 0.01901570 0.00000000
v -0.01887710 -0.01490250 0.00000000
v -0.01887710 -0.01490250 0.00000000
v -0.01914990 -0.01506660 0.00000000
v -0.01914990 -0.01506660 0.00000000
v -0.01828650 0.01466720 0.00000000
v -0.01828650 0.01466720 0.00000000
v 0.03076350 0.00677157 0.00000000
v 0.03076350 0.00677157 0.00000000
v -0.01559670 0.01525920 0.00000000
v -0.01559670 0.01525920 0.00000000
v -0.01536560 0.01547820 0.00000000
v -0.01536560 0.01547820 0.00000000
v 0.03131530 0.00340575 0.00000000
v 0.03131530 0.00340575 0.00000000
v -0.01767740 0.02607220 0.00000000
v -0.01767740 0.02607220 0.00000000
v -0.01797560 0.02040130 0.00000000
v -0.01797560 0.02040130 0.00000000
v -0.01828650 0.02033280 0.00000000
v -0.01828650 0.02033280 0.00000000
v -0.01515950 0.01572080 0.00000000
v -0.01515950 0.01572080 0.00000000
v -0.01641180 0.01476880 0.00000000
v -0.01641180 0.01476880 0.00000000
v -0.01612290 0.01490250 0.00000000
v -0.01612290 0.01490250 0.00000000
v -0.01702440 0.01459870 0.00000000
v -0.01702440 0.01459870 0.00000000
v -0.01671350 0.01466720 0.00000000
v -0.01671350 0.01466720 0.00000000
v -0.01963440 -0.01547820 0.00000000
v -0.01963440 -0.01547820 0.00000000
v -0.01984050 -0.01572080 0.00000000
v -0.01984050 -0.01572080 0.00000000
v -0.03076350 -0.00677157 0.00000000
v -0.03076350 -0.00677157 0.00000000
v -0.01940330 -0.01525920 0.00000000
v -0.01940330 -0.01525920 0.00000000
v -0.03131530 -0.00340575 0.00000000
v -0.03131530 -0.00340575 0.00000000
v -0.01963440 0.01547820 0.00000000
v -0.01963440 0.01547820 0.00000000
v -0.03131530 0.00340575 0.00000000
v -0.03131530 0.00340575 0.00000000
v -0.03076350 0.00677157 0.00000000
v -0.03076350 0.00677157 0.00000000
v -0.01984050 0.01572080 0.00000000
v -0.01984050 0.01572080 0.00000000
v -0.02985110 0.01005800 0.00000000
v -0.02985110 0.01005800 0.00000000
v -0.02001920 0.01598430 0.00000000
v -0.02001920 0.01598430 0.00000000
v -0.02858860 0.01322650 0.00000000
v -0.02858860 0.01322650 0.00000000
v -0.02039270 0.02400810 0.00000000
v -0.02039270 0.02400810 0.00000000
v -0.01641180 0.02023120 0.00000000
v -0.01641180 0.02023120 0.00000000
v -0.01671350 0.02033280 0.00000000
v -0.01671350 0.02033280 0.00000000
v -0.01475490 0.02783060 0.00000000
v -0.01475490 0.02783060 0.00000000
v -0.01585010 0.01506660 0.00000000
v -0.01585010 0.01506660 0.00000000
v -0.00170538 0.03145380 0.00000000
v -0.00170538 0.03145380 0.00000000
v 0.00170538 0.03145380 0.00000000
v 0.00170538 0.03145380 0.00000000
v 0.00509613 0.03108500 0.00000000
v 0.00509613 0.03108500 0.00000000
v -0.02001920 -0.01598430 0.00000000
v -0.02001920 -0.01598430 0.00000000
v -0.02985110 -0.01005800 0.00000000
v -0.02985110 -0.01005800 0.00000000
v -0.01940330 0.01525920 0.00000000
v -0.01940330 0.01525920 0.00000000
v -0.01914990 0.01506660 0.00000000
v -0.01914990 0.01506660 0.00000000
v -0.02028610 0.01656130 0.00000000
v -0.02028610 0.01656130 0.00000000
v -0.02016830 0.01626550 0.00000000
v -0.02016830 0.01626550 0.00000000
v -0.02699100 0.01623990 0.00000000
v -0.02699100 0.01623990 0.00000000
v -0.01702440 -0.02040130 0.00000000
v -0.01702440 -0.02040130 0.00000000
v -0.01671350 -0.02033280 0.00000000
v -0.01671350 -0.02033280 0.00000000
v -0.01734080 -0.02043570 0.00000000
v -0.01734080 -0.02043570 0.00000000
v 0.03131530 -0.00340575 0.00000000
v 0.03131530 -0.00340575 0.00000000
v 0.03076350 -0.00677157 0.00000000
v 0.03076350 -0.00677157 0.00000000
v -0.00842714 -0.03035180 0.00000000
v -0.00842714 -0.03035180 0.00000000
v -0.01767740 -0.02607220 0.00000000
v -0.01767740 -0.02607220 0.00000000
v -0.01914990 0.01993340 0.00000000
v -0.01914990 0.01993340 0.00000000
v -0.01940330 0.01974080 0.00000000
v -0.01940330 0.01974080 0.00000000
v -0.01765920 0.02043570 0.00000000
v -0.01765920 0.02043570 0.00000000
v -0.01702440 0.02040130 0.00000000
v -0.01702440 0.02040130 0.00000000
v -0.01734080 0.02043570 0.00000000
v -0.01734080 0.02043570 0.00000000
v 0.00842714 0.03035180 0.00000000
v 0.00842714 0.03035180 0.00000000
v 0.01165940 0.02926280 0.00000000
v 0.01165940 0.02926280 0.00000000
v 0.01475490 0.02783060 0.00000000
v 0.01475490 0.02783060 0.00000000
v -0.02016830 -0.01626550 0.00000000
v -0.02016830 -0.01626550 0.00000000
v -0.02858860 -0.01322650 0.00000000
v -0.02858860 -0.01322650 0.00000000
v -0.02037130 0.01686800 0.00000000
v -0.02037130 0.01686800 0.00000000
v 0.02985110 -0.01005800 0.00000000
v 0.02985110 -0.01005800 0.00000000
v 0.02858860 -0.01322650 0.00000000
v 0.02858860 -0.01322650 0.00000000
v 0.01767740 -0.02607220 0.00000000
v 0.01767740 -0.02607220 0.00000000
v -0.00509613 -0.03108500 0.00000000
v -0.00509613 -0.03108500 0.00000000
v -0.01165940 -0.02926280 0.00000000
v -0.01165940 -0.02926280 0.00000000
v -0.01765920 -0.02043570 0.00000000
v -0.01765920 -0.02043570 0.00000000
v -0.01887710 0.02009750 0.00000000
v -0.01887710 0.02009750 0.00000000
v 0.01767740 0.02607220 0.00000000
v 0.01767740 0.02607220 0.00000000
v 0.02039270 0.02400810 0.00000000
v 0.02039270 0.02400810 0.00000000
v -0.02028610 -0.01656130 0.00000000
v -0.02028610 -0.01656130 0.00000000
v -0.02037130 -0.01686800 0.00000000
v -0.02037130 -0.01686800 0.00000000
v -0.02699100 -0.01623990 0.00000000
v -0.02699100 -0.01623990 0.00000000
v 0.02699100 -0.01623990 0.00000000
v 0.02699100 -0.01623990 0.00000000
v 0.02507690 -0.01906300 0.00000000
v 0.02507690 -0.01906300 0.00000000
v 0.02286890 -0.02166250 0.00000000
v 0.02286890 -0.02166250 0.00000000
v 0.02039270 -0.02400810 0.00000000
v 0.02039270 -0.02400810 0.00000000
v 0.01165940 -0.02926280 0.00000000
v 0.01165940 -0.02926280 0.00000000
v 0.00842714 -0.03035180 0.00000000
v 0.00842714 -0.03035180 0.00000000
v 0.00509613 -0.03108500 0.00000000
v 0.00509613 -0.03108500 0.00000000
v 0.00170538 -0.03145380 0.00000000
v 0.00170538 -0.03145380 0.00000000
v -0.01475490 -0.02783060 0.00000000
v -0.01475490 -0.02783060 0.00000000
v -0.01797560 -0.02040130 0.00000000
v -0.01797560 -0.02040130 0.00000000
v -0.01858820 0.02023120 0.00000000
v -0.01858820 0.02023120 0.00000000
v 0.01475490 -0.02783060 0.00000000
v 0.01475490 -0.02783060 0.00000000
v -0.00170538 -0.03145380 0.00000000
v -0.00170538 -0.03145380 0.00000000
v -0.02039270 -0.02400810 0.00000000
v -0.02039270 -0.02400810 0.00000000
v -0.02286890 -0.02166250 0.00000000
v -0.02286890 -0.02166250 0.00000000
v -0.01940330 -0.01974080 0.00000000
v -0.01940330 -0.01974080 0.00000000
v -0.02507690 -0.01906300 0.00000000
v -0.02507690 -0.01906300 0.00000000
v -0.02016830 -0.01873450 0.00000000
v -0.02016830 -0.01873450 0.00000000
v -0.02286890 0.02166250 0.00000000
v -0.02286890 0.02166250 0.00000000
v -0.02001920 0.01901570 0.00000000
v -0.02001920 0.01901570 0.00000000
v -0.02016830 0.01873450 0.00000000
v -0.02016830 0.01873450 0.00000000
v 0.02286890 0.02166250 0.00000000
v 0.02286890 0.02166250 0.00000000
v 0.02507690 0.01906300 0.00000000
v 0.02507690 0.01906300 0.00000000
v -0.01828650 -0.02033280 0.00000000
v -0.01828650 -0.02033280 0.00000000
v -0.01914990 -0.01993340 0.00000000
v -0.01914990 -0.01993340 0.00000000
v -0.01984050 -0.01927920 0.00000000
v -0.01984050 -0.01927920 0.00000000
v -0.01963440 -0.01952180 0.00000000
v -0.01963440 -0.01952180 0.00000000
v -0.02028610 -0.01843870 0.00000000
v -0.02028610 -0.01843870 0.00000000
v -0.02507690 0.01906300 0.00000000
v -0.02507690 0.01906300 0.00000000
v -0.01963440 0.01952180 0.00000000
v -0.01963440 0.01952180 0.00000000
v -0.01858820 -0.02023120 0.00000000
v -0.01858820 -0.02023120 0.00000000
v -0.01887710 -0.02009750 0.00000000
v -0.01887710 -0.02009750 0.00000000
v -0.02001920 -0.01901570 0.00000000
v -0.02001920 -0.01901570 0.00000000
v -0.02037130 -0.01813200 0.00000000
v -0.02037130 -0.01813200 0.00000000
v -0.02028610 0.01843870 0.00000000
v -0.02028610 0.01843870 0.00000000
v -0.01984050 0.01927920 0.00000000
v -0.01984050 0.01927920 0.00000000
v -0.02042280 -0.01718210 0.00000000
v -0.02042280 -0.01718210 0.00000000
v -0.02044000 0.01750000 0.00000000
v -0.02044000 0.01750000 0.00000000
v -0.02044000 -0.01750000 0.00000000
v -0.02044000 -0.01750000 0.00000000
v -0.02042280 -0.01781790 0.00000000
v -0.02042280 -0.01781790 0.00000000
v -0.02037130 0.01813200 0.00000000
v -0.02037130 0.01813200 0.00000000
v -0.02042280 0.01781790 0.00000000
v -0.02042280 0.01781790 0.00000000
v -0.02042280 0.01718210 0.00000000
v -0.02042280 0.01718210 0.00000000
v -0.02044000 -0.01750000 0.02244000
v -0.02044000 -0.01750000 0.02244000
v -0.02042280 -0.01781790 0.02244000
v -0.02042280 -0.01781790 0.02244000
v -0.02037130 -0.01813200 0.02244000
v -0.02037130 -0.01813200 0.02244000
v -0.02028610 -0.01843870 0.02244000
v -0.02028610 -0.01843870 0.02244000
v -0.02016830 -0.01873450 0.02244000
v -0.02016830 -0.01873450 0.02244000
v -0.02001920 -0.01901570 0.02244000
v -0.02001920 -0.01901570 0.02244000
v -0.01984050 -0.01927920 0.02244000
v -0.01984050 -0.01927920 0.02244000
v -0.01963440 -0.01952180 0.02244000
v -0.01963440 -0.01952180 0.02244000
v -0.01940330 -0.01974080 0.02244000
v -0.01940330 -0.01974080 0.02244000
v -0.01914990 -0.01993340 0.02244000
v -0.01914990 -0.01993340 0.02244000
v -0.01887710 -0.02009750 0.02244000
v -0.01887710 -0.02009750 0.02244000
v -0.01858820 -0.02023120 0.02244000
v -0.01858820 -0.02023120 0.02244000
v -0.01828650 -0.02033280 0.02244000
v -0.01828650 -0.02033280 0.02244000
v -0.01797560 -0.02040130 0.02244000
v -0.01797560 -0.02040130 0.02244000
v -0.01765920 -0.02043570 0.02244000
v -0.01765920 -0.02043570 0.02244000
v -0.01734080 -0.02043570 0.02244000
v -0.01734080 -0.02043570 0.02244000
v -0.01702440 -0.02040130 0.02244000
v -0.01702440 -0.02040130 0.02244000
v -0.01671350 -0.02033280 0.02244000
v -0.01671350 -0.02033280 0.02244000
v -0.01641180 -0.02023120 0.02244000
v -0.01641180 -0.02023120 0.02244000
v -0.01612290 -0.02009750 0.02244000
v -0.01612290 -0.02009750 0.02244000
v -0.01585010 -0.01993340 0.02244000
v -0.01585010 -0.01993340 0.02244000
v -0.01559670 -0.01974080 0.02244000
v -0.01559670 -0.01974080 0.02244000
v -0.01536560 -0.01952180 0.02244000
v -0.01536560 -0.01952180 0.02244000
v -0.01515950 -0.01927920 0.02244000
v -0.01515950 -0.01927920 0.02244000
v -0.01498080 -0.01901570 0.02244000
v -0.01498080 -0.01901570 0.02244000
v -0.01483170 -0.01873450 0.02244000
v -0.01483170 -0.01873450 0.02244000
v -0.01471390 -0.01843870 0.02244000
v -0.01471390 -0.01843870 0.02244000
v -0.01462870 -0.01813200 0.02244000
v -0.01462870 -0.01813200 0.02244000
v -0.01457720 -0.01781790 0.02244000
v -0.01457720 -0.01781790 0.02244000
v -0.01456000 -0.01750000 0.02244000
v -0.01456000 -0.01750000 0.02244000
v -0.01457720 -0.01718210 0.02244000
v -0.01457720 -0.01718210 0.02244000
v -0.01462870 -0.01686800 0.02244000
v -0.01462870 -0.01686800 0.02244000
v -0.01471390 -0.01656130 0.02244000
v -0.01471390 -0.01656130 0.02244000
v -0.01483170 -0.01626550 0.02244000
v -0.01483170 -0.01626550 0.02244000
v -0.01498080 -0.01598430 0.02244000
v -0.01498080 -0.01598430 0.02244000
v -0.01515950 -0.01572080 0.02244000
v -0.01515950 -0.01572080 0.02244000
v -0.01536560 -0.01547820 0.02244000
v -0.01536560 -0.01547820 0.02244000
v -0.01559670 -0.01525920 0.02244000
v -0.01559670 -0.01525920 0.02244000
v -0.01585010 -0.01506660 0.02244000
v -0.01585010 -0.01506660 0.02244000
v -0.01612290 -0.01490250 0.02244000
v -0.01612290 -0.01490250 0.02244000
v -0.01641180 -0.01476880 0.02244000
v -0.01641180 -0.01476880 0.02244000
v -0.01671350 -0.01466720 0.02244000
v -0.01671350 -0.01466720 0.02244000
v -0.01702440 -0.01459870 0.02244000
v -0.01702440 -0.01459870 0.02244000
v -0.01734080 -0.01456430 0.02244000
v -0.01734080 -0.01456430 0.02244000
v -0.01765920 -0.01456430 0.02244000
v -0.01765920 -0.01456430 0.02244000
v -0.01797560 -0.01459870 0.02244000
v -0.01797560 -0.01459870 0.02244000
v -0.01828650 -0.01466720 0.02244000
v -0.01828650 -0.01466720 0.02244000
v -0.01858820 -0.01476880 0.02244000
v -0.01858820 -0.01476880 0.02244000
v -0.01887710 -0.01490250 0.02244000
v -0.01887710 -0.01490250 0.02244000
v -0.01914990 -0.01506660 0.02244000
v -0.01914990 -0.01506660 0.02244000
v -0.01940330 -0.01525920 0.02244000
v -0.01940330 -0.01525920 0.02244000
v -0.01963440 -0.01547820 0.02244000
v -0.01963440 -0.01547820 0.02244000
v -0.01984050 -0.01572080 0.02244000
v -0.01984050 -0.01572080 0.02244000
v -0.02001920 -0.01598430 0.02244000
v -0.02001920 -0.01598430 0.02244000
v -0.02016830 -0.01626550 0.02244000
v -0.02016830 -0.01626550 0.02244000
v -0.02028610 -0.01656130 0.02244000
v -0.02028610 -0.01656130 0.02244000
v -0.02037130 -0.01686800 0.02244000
v -0.02037130 -0.01686800 0.02244000
v -0.02042280 -0.01718210 0.02244000
v -0.02042280 -0.01718210 0.02244000
v -0.01200000 -0.01750000 0.02500000
v -0.01200000 -0.01750000 0.02500000
v -0.01203220 -0.01690530 0.02500000
v -0.01203220 -0.01690530 0.02500000
v -0.01212860 -0.01631770 0.02500000
v -0.01212860 -0.01631770 0.02500000
v -0.01228790 -0.01574380 0.02500000
v -0.01228790 -0.01574380 0.02500000
v -0.01250830 -0.01519060 0.02500000
v -0.01250830 -0.01519060 0.02500000
v -0.01278730 -0.01466450 0.02500000
v -0.01278730 -0.01466450 0.02500000
v -0.01312150 -0.01417150 0.02500000
v -0.01312150 -0.01417150 0.02500000
v -0.01350700 -0.01371770 0.02500000
v -0.01350700 -0.01371770 0.02500000
v -0.01393940 -0.01330810 0.02500000
v -0.01393940 -0.01330810 0.02500000
v -0.01441350 -0.01294770 0.02500000
v -0.01441350 -0.01294770 0.02500000
v -0.01492380 -0.01264070 0.02500000
v -0.01492380 -0.01264070 0.02500000
v -0.01546420 -0.01239060 0.02500000
v -0.01546420 -0.01239060 0.02500000
v -0.01602860 -0.01220050 0.02500000
v -0.01602860 -0.01220050 0.02500000
v -0.01661020 -0.01207250 0.02500000
v -0.01661020 -0.01207250 0.02500000
v -0.01720220 -0.01200810 0.02500000
v -0.01720220 -0.01200810 0.02500000
v -0.01779780 -0.01200810 0.02500000
v -0.01779780 -0.01200810 0.02500000
v -0.01838980 -0.01207250 0.02500000
v -0.01838980 -0.01207250 0.02500000
v -0.01897140 -0.01220050 0.02500000
v -0.01897140 -0.01220050 0.02500000
v -0.01953580 -0.01239060 0.02500000
v -0.01953580 -0.01239060 0.02500000
v -0.02007620 -0.01264070 0.02500000
v -0.02007620 -0.01264070 0.02500000
v -0.02058650 -0.01294770 0.02500000
v -0.02058650 -0.01294770 0.02500000
v -0.02106060 -0.01330810 0.02500000
v -0.02106060 -0.01330810 0.02500000
v -0.02149300 -0.01371770 0.02500000
v -0.02149300 -0.01371770 0.02500000
v -0.02187850 -0.01417150 0.02500000
v -0.02187850 -0.01417150 0.02500000
v -0.02221270 -0.01466450 0.02500000
v -0.02221270 -0.01466450 0.02500000
v -0.02249170 -0.01519060 0.02500000
v -0.02249170 -0.01519060 0.02500000
v -0.02271210 -0.01574380 0.02500000
v -0.02271210 -0.01574380 0.02500000
v -0.02287140 -0.01631770 0.02500000
v -0.02287140 -0.01631770 0.02500000
v -0.02296780 -0.01690530 0.02500000
v -0.02296780 -0.01690530 0.02500000
v -0.02300000 -0.01750000 0.02500000
v -0.02300000 -0.01750000 0.02500000
v -0.02296780 -0.01809470 0.02500000
v -0.02296780 -0.01809470 0.02500000
v -0.02287140 -0.01868230 0.02500000
v -0.02287140 -0.01868230 0.02500000
v -0.02271210 -0.01925620 0.02500000
v -0.02271210 -0.01925620 0.02500000
v -0.02249170 -0.01980940 0.02500000
v -0.02249170 -0.01980940 0.02500000
v -0.02221270 -0.02033550 0.02500000
v -0.02221270 -0.02033550 0.02500000
v -0.02187850 -0.02082850 0.02500000
v -0.02187850 -0.02082850 0.02500000
v -0.02149300 -0.02128230 0.02500000
v -0.02149300 -0.02128230 0.02500000
v -0.02106060 -0.02169190 0.02500000
v -0.02106060 -0.02169190 0.02500000
v -0.02058650 -0.02205230 0.02500000
v -0.02058650 -0.02205230 0.02500000
v -0.02007620 -0.02235930 0.02500000
v -0.02007620 -0.02235930 0.02500000
v -0.01953580 -0.02260940 0.02500000
v -0.01953580 -0.02260940 0.02500000
v -0.01897140 -0.02279950 0.02500000
v -0.01897140 -0.02279950 0.02500000
v -0.01838980 -0.02292750 0.02500000
v -0.01838980 -0.02292750 0.02500000
v -0.01779780 -0.02299190 0.02500000
v -0.01779780 -0.02299190 0.02500000
v -0.01720220 -0.02299190 0.02500000
v -0.01720220 -0.02299190 0.02500000
v -0.01661020 -0.02292750 0.02500000
v -0.01661020 -0.02292750 0.02500000
v -0.01602860 -0.02279950 0.02500000
v -0.01602860 -0.02279950 0.02500000
v -0.01546420 -0.02260940 0.02500000
v -0.01546420 -0.02260940 0.02500000
v -0.01492380 -0.02235930 0.02500000
v -0.01492380 -0.02235930 0.02500000
v -0.01441350 -0.02205230 0.02500000
v -0.01441350 -0.02205230 0.02500000
v -0.01393940 -0.02169190 0.02500000
v -0.01393940 -0.02169190 0.02500000
v -0.01350700 -0.02128230 0.02500000
v -0.01350700 -0.02128230 0.02500000
v -0.01312150 -0.02082850 0.02500000
v -0.01312150 -0.02082850 0.02500000
v -0.01278730 -0.02033550 0.02500000
v -0.01278730 -0.02033550 0.02500000
v -0.01250830 -0.01980940 0.02500000
v -0.01250830 -0.01980940 0.02500000
v -0.01228790 -0.01925620 0.02500000
v -0.01228790 -0.01925620 0.02500000
v -0.01212860 -0.01868230 0.02500000
v -0.01212860 -0.01868230 0.02500000
v -0.01203220 -0.01809470 0.02500000
v -0.01203220 -0.01809470 0.02500000
v -0.02044000 0.01750000 0.02244000
v -0.02044000 0.01750000 0.02244000
v -0.02042280 0.01718210 0.02244000
v -0.02042280 0.01718210 0.02244000
v -0.02037130 0.01686800 0.02244000
v -0.02037130 0.01686800 0.02244000
v -0.02028610 0.01656130 0.02244000
v -0.02028610 0.01656130 0.02244000
v -0.02016830 0.01626550 0.02244000
v -0.02016830 0.01626550 0.02244000
v -0.02001920 0.01598430 0.02244000
v -0.02001920 0.01598430 0.02244000
v -0.01984050 0.01572080 0.02244000
v -0.01984050 0.01572080 0.02244000
v -0.01963440 0.01547820 0.02244000
v -0.01963440 0.01547820 0.02244000
v -0.01940330 0.01525920 0.02244000
v -0.01940330 0.01525920 0.02244000
v -0.01914990 0.01506660 0.02244000
v -0.01914990 0.01506660 0.02244000
v -0.01887710 0.01490250 0.02244000
v -0.01887710 0.01490250 0.02244000
v -0.01858820 0.01476880 0.02244000
v -0.01858820 0.01476880 0.02244000
v -0.01828650 0.01466720 0.02244000
v -0.01828650 0.01466720 0.02244000
v -0.01797560 0.01459870 0.02244000
v -0.01797560 0.01459870 0.02244000
v -0.01765920 0.01456430 0.02244000
v -0.01765920 0.01456430 0.02244000
v -0.01734080 0.01456430 0.02244000
v -0.01734080 0.01456430 0.02244000
v -0.01702440 0.01459870 0.02244000
v -0.01702440 0.01459870 0.02244000
v -0.01671350 0.01466720 0.02244000
v -0.01671350 0.01466720 0.02244000
v -0.01641180 0.01476880 0.02244000
v -0.01641180 0.01476880 0.02244000
v -0.01612290 0.01490250 0.02244000
v -0.01612290 0.01490250 0.02244000
v -0.01585010 0.01506660 0.02244000
v -0.01585010 0.01506660 0.02244000
v -0.01559670 0.01525920 0.02244000
v -0.01559670 0.01525920 0.02244000
v -0.01536560 0.01547820 0.02244000
v -0.01536560 0.01547820 0.02244000
v -0.01515950 0.01572080 0.02244000
v -0.01515950 0.01572080 0.02244000
v -0.01498080 0.01598430 0.02244000
v -0.01498080 0.01598430 0.02244000
v -0.01483170 0.01626550 0.02244000
v -0.01483170 0.01626550 0.02244000
v -0.01471390 0.01656130 0.02244000
v -0.01471390 0.01656130 0.02244000
v -0.01462870 0.01686800 0.02244000
v -0.01462870 0.01686800 0.02244000
v -0.01457720 0.01718210 0.02244000
v -0.01457720 0.01718210 0.02244000
v -0.01456000 0.01750000 0.02244000
v -0.01456000 0.01750000 0.02244000
v -0.01457720 0.01781790 0.02244000
v -0.01457720 0.01781790 0.02244000
v -0.01462870 0.01813200 0.02244000
v -0.01462870 0.01813200 0.02244000
v -0.01471390 0.01843870 0.02244000
v -0.01471390 0.01843870 0.02244000
v -0.01483170 0.01873450 0.02244000
v -0.01483170 0.01873450 0.02244000
v -0.01498080 0.01901570 0.02244000
v -0.01498080 0.01901570 0.02244000
v -0.01515950 0.01927920 0.02244000
v -0.01515950 0.01927920 0.02244000
v -0.01536560 0.01952180 0.02244000
v -0.01536560 0.01952180 0.02244000
v -0.01559670 0.01974080 0.02244000
v -0.01559670 0.01974080 0.02244000
v -0.01585010 0.01993340 0.02244000
v -0.01585010 0.01993340 0.02244000
v -0.01612290 0.02009750 0.02244000
v -0.01612290 0.02009750 0.02244000
v -0.01641180 0.02023120 0.02244000
v -0.01641180 0.02023120 0.02244000
v -0.01671350 0.02033280 0.02244000
v -0.01671350 0.02033280 0.02244000
v -0.01702440 0.02040130 0.02244000
v -0.01702440 0.02040130 0.02244000
v -0.01734080 0.02043570 0.02244000
v -0.01734080 0.02043570 0.02244000
v -0.01765920 0.02043570 0.02244000
v -0.01765920 0.02043570 0.02244000
v -0.01797560 0.02040130 0.02244000
v -0.01797560 0.02040130 0.02244000
v -0.01828650 0.02033280 0.02244000
v -0.01828650 0.02033280 0.02244000
v -0.01858820 0.02023120 0.02244000
v -0.01858820 0.02023120 0.02244000
v -0.01887710 0.02009750 0.02244000
v -0.01887710 0.02009750 0.02244000
v -0.01914990 0.01993340 0.02244000
v -0.01914990 0.01993340 0.02244000
v -0.01940330 0.01974080 0.02244000
v -0.01940330 0.01974080 0.02244000
v -0.01963440 0.01952180 0.02244000
v -0.01963440 0.01952180 0.02244000
v -0.01984050 0.01927920 0.02244000
v -0.01984050 0.01927920 0.02244000
v -0.02001920 0.01901570 0.02244000
v -0.02001920 0.01901570 0.02244000
v -0.02016830 0.01873450 0.02244000
v -0.02016830 0.01873450 0.02244000
v -0.02028610 0.01843870 0.02244000
v -0.02028610 0.01843870 0.02244000
v -0.02037130 0.01813200 0.02244000
v -0.02037130 0.01813200 0.02244000
v -0.02042280 0.01781790 0.02244000
v -0.02042280 0.01781790 0.02244000
v -0.01200000 0.01750000 0.02500000
v -0.01200000 0.01750000 0.02500000
v -0.01203220 0.01809470 0.02500000
v -0.01203220 0.01809470 0.02500000
v -0.01212860 0.01868230 0.02500000
v -0.01212860 0.01868230 0.02500000
v -0.01228790 0.01925620 0.02500000
v -0.01228790 0.01925620 0.02500000
v -0.01250830 0.01980940 0.02500000
v -0.01250830 0.01980940 0.02500000
v -0.01278730 0.02033550 0.02500000
v -0.01278730 0.02033550 0.02500000
v -0.01312150 0.02082850 0.02500000
v -0.01312150 0.02082850 0.02500000
v -0.01350700 0.02128230 0.02500000
v -0.01350700 0.02128230 0.02500000
v -0.01393940 0.02169190 0.02500000
v -0.01393940 0.02169190 0.02500000
v -0.01441350 0.02205230 0.02500000
v -0.01441350 0.02205230 0.02500000
v -0.01492380 0.02235930 0.02500000
v -0.01492380 0.02235930 0.02500000
v -0.01546420 0.02260940 0.02500000
v -0.01546420 0.02260940 0.02500000
v -0.01602860 0.02279950 0.02500000
v -0.01602860 0.02279950 0.02500000
v -0.01661020 0.02292750 0.02500000
v -0.01661020 0.02292750 0.02500000
v -0.01720220 0.02299190 0.02500000
v -0.01720220 0.02299190 0.02500000
v -0.01779780 0.02299190 0.02500000
v -0.01779780 0.02299190 0.02500000
v -0.01838980 0.02292750 0.02500000
v -0.01838980 0.02292750 0.02500000
v -0.01897140 0.02279950 0.02500000
v -0.01897140 0.02279950 0.02500000
v -0.01953580 0.02260940 0.02500000
v -0.01953580 0.02260940 0.02500000
v -0.02007620 0.02235930 0.02500000
v -0.02007620 0.02235930 0.02500000
v -0.02058650 0.02205230 0.02500000
v -0.02058650 0.02205230 0.02500000
v -0.02106060 0.02169190 0.02500000
v -0.02106060 0.02169190 0.02500000
v -0.02149300 0.02128230 0.02500000
v -0.02149300 0.02128230 0.02500000
v -0.02187850 0.02082850 0.02500000
v -0.02187850 0.02082850 0.02500000
v -0.02221270 0.02033550 0.02500000
v -0.02221270 0.02033550 0.02500000
v -0.02249170 0.01980940 0.02500000
v -0.02249170 0.01980940 0.02500000
v -0.02271210 0.01925620 0.02500000
v -0.02271210 0.01925620 0.02500000
v -0.02287140 0.01868230 0.02500000
v -0.02287140 0.01868230 0.02500000
v -0.02296780 0.01809470 0.02500000
v -0.02296780 0.01809470 0.02500000
v -0.02300000 0.01750000 0.02500000
v -0.02300000 0.01750000 0.02500000
v -0.02296780 0.01690530 0.02500000
v -0.02296780 0.01690530 0.02500000
v -0.02287140 0.01631770 0.02500000
v -0.02287140 0.01631770 0.02500000
v -0.02271210 0.01574380 0.02500000
v -0.02271210 0.01574380 0.02500000
v -0.02249170 0.01519060 0.02500000
v -0.02249170 0.01519060 0.02500000
v -0.02221270 0.01466450 0.02500000
v -0.02221270 0.01466450 0.02500000
v -0.02187850 0.01417150 0.02500000
v -0.02187850 0.01417150 0.02500000
v -0.02149300 0.01371770 0.02500000
v -0.02149300 0.01371770 0.02500000
v -0.02106060 0.01330810 0.02500000
v -0.02106060 0.01330810 0.02500000
v -0.02058650 0.01294770 0.02500000
v -0.02058650 0.01294770 0.02500000
v -0.02007620 0.01264070 0.02500000
v -0.02007620 0.01264070 0.02500000
v -0.01953580 0.01239060 0.02500000
v -0.01953580 0.01239060 0.02500000
v -0.01897140 0.01220050 0.02500000
v -0.01897140 0.01220050 0.02500000
v -0.01838980 0.01207250 0.02500000
v -0.01838980 0.01207250 0.02500000
v -0.01779780 0.01200810 0.02500000
v -0.01779780 0.01200810 0.02500000
v -0.01720220 0.01200810 0.02500000
v -0.01720220 0.01200810 0.02500000
v -0.01661020 0.01207250 0.02500000
v -0.01661020 0.01207250 0.02500000
v -0.01602860 0.01220050 0.02500000
v -0.01602860 0.01220050 0.02500000
v -0.01546420 0.01239060 0.02500000
v -0.01546420 0.01239060 0.02500000
v -0.01492380 0.01264070 0.02500000
v -0.01492380 0.01264070 0.02500000
v -0.01441350 0.01294770 0.02500000
v -0.01441350 0.01294770 0.02500000
v -0.01393940 0.01330810 0.02500000
v -0.01393940 0.01330810 0.02500000
v -0.01350700 0.01371770 0.02500000
v -0.01350700 0.01371770 0.02500000
v -0.01312150 0.01417150 0.02500000
v -0.01312150 0.01417150 0.02500000
v -0.01278730 0.01466450 0.02500000
v -0.01278730 0.01466450 0.02500000
v -0.01250830 0.01519060 0.02500000
v -0.01250830 0.01519060 0.02500000
v -0.01228790 0.01574380 0.02500000
v -0.01228790 0.01574380 0.02500000
v -0.01212860 0.01631770 0.02500000
v -0.01212860 0.01631770 0.02500000
v -0.01203220 0.01690530 0.02500000
v -0.01203220 0.01690530 0.02500000
v -0.02830860 0.01263430 0.02500000
v -0.02830860 0.01263430 0.02500000
v -0.03031970 -0.00645889 0.02500000
v -0.03031970 -0.00645889 0.02500000
v -0.02947630 -0.00959940 0.02500000
v -0.02947630 -0.00959940 0.02500000
v -0.01817060 -0.02511630 0.02500000
v -0.01817060 -0.02511630 0.02500000
v -0.01543960 -0.02688150 0.02500000
v -0.01543960 -0.02688150 0.02500000
v -0.00950000 0.02950850 0.02500000
v -0.00950000 0.02950850 0.02500000
v -0.00950000 0.02950850 0.02500000
v -0.00950000 0.02950850 0.02500000
v -0.02830860 -0.01263430 0.02500000
v -0.02830860 -0.01263430 0.02500000
v -0.02682940 -0.01553020 0.02500000
v -0.02682940 -0.01553020 0.02500000
v -0.02505490 -0.01825510 0.02500000
v -0.02505490 -0.01825510 0.02500000
v -0.02070160 -0.02307470 0.02500000
v -0.02070160 -0.02307470 0.02500000
v -0.01253880 -0.02835100 0.02500000
v -0.01253880 -0.02835100 0.02500000
v -0.02682940 0.01553020 0.02500000
v -0.02682940 0.01553020 0.02500000
v -0.03082940 -0.00324731 0.02500000
v -0.03082940 -0.00324731 0.02500000
v -0.00950000 -0.02950850 0.02500000
v -0.00950000 -0.02950850 0.02500000
v -0.00950000 -0.02950850 0.02500000
v -0.00950000 -0.02950850 0.02500000
v -0.02070160 0.02307470 0.02500000
v -0.02070160 0.02307470 0.02500000
v -0.02300480 0.02077930 0.02500000
v -0.02300480 0.02077930 0.02500000
v -0.02505490 0.01825510 0.02500000
v -0.02505490 0.01825510 0.02500000
v -0.02947630 0.00959940 0.02500000
v -0.02947630 0.00959940 0.02500000
v -0.03031970 0.00645889 0.02500000
v -0.03031970 0.00645889 0.02500000
v -0.03082940 0.00324731 0.02500000
v -0.03082940 0.00324731 0.02500000
v -0.03100000 -0.00000000 0.02500000
v -0.03100000 -0.00000000 0.02500000
v -0.01253880 0.02835100 0.02500000
v -0.01253880 0.02835100 0.02500000
v -0.01543960 0.02688150 0.02500000
v -0.01543960 0.02688150 0.02500000
v -0.02300480 -0.02077930 0.02500000
v -0.02300480 -0.02077930 0.02500000
v -0.01817060 0.02511630 0.02500000
v -0.01817060 0.02511630 0.02500000
v -0.00965239 0.02998180 0.02455230
v -0.00965239 0.02998180 0.02455230
v -0.00965323 0.02998440 0.02450000
v -0.00965323 0.02998440 0.02450000
v -0.00965323 0.02998440 0.02450000
v -0.01164520 0.02922570 0.02450000
v -0.01164520 0.02922570 0.02450000
v -0.01274100 0.02880830 0.02450000
v -0.01274100 0.02880830 0.02450000
v -0.01473770 0.02779680 0.02450000
v -0.01473770 0.02779680 0.02450000
v -0.01568870 0.02731510 0.02450000
v -0.01568870 0.02731510 0.02450000
v -0.01765800 0.02604220 0.02450000
v -0.01765800 0.02604220 0.02450000
v -0.01846370 0.02552140 0.02450000
v -0.01846370 0.02552140 0.02450000
v -0.02037180 0.02398230 0.02450000
v -0.02037180 0.02398230 0.02450000
v -0.02103550 0.02344690 0.02450000
v -0.02103550 0.02344690 0.02450000
v -0.02284750 0.02164110 0.02450000
v -0.02284750 0.02164110 0.02450000
v -0.02337590 0.02111440 0.02450000
v -0.02337590 0.02111440 0.02450000
v -0.02505590 0.01904590 0.02450000
v -0.02505590 0.01904590 0.02450000
v -0.02545910 0.01854960 0.02450000
v -0.02545910 0.01854960 0.02450000
v -0.02697130 0.01622710 0.02450000
v -0.02697130 0.01622710 0.02450000
v -0.02726210 0.01578060 0.02450000
v -0.02726210 0.01578060 0.02450000
v -0.02857130 0.01321760 0.02450000
v -0.02857130 0.01321760 0.02450000
v -0.02876520 0.01283810 0.02450000
v -0.02876520 0.01283810 0.02450000
v -0.02983690 0.01005260 0.02450000
v -0.02983690 0.01005260 0.02450000
v -0.02995170 0.00975423 0.02450000
v -0.02995170 0.00975423 0.02450000
v -0.03075340 0.00676885 0.02450000
v -0.03075340 0.00676885 0.02450000
v -0.03080870 0.00656306 0.02450000
v -0.03080870 0.00656306 0.02450000
v -0.03131000 0.00340490 0.02450000
v -0.03131000 0.00340490 0.02450000
v -0.03132670 0.00329969 0.02450000
v -0.03132670 0.00329969 0.02450000
v -0.03150000 -0.00000000 0.02450000
v -0.03150000 -0.00000000 0.02450000
v -0.03132670 -0.00329969 0.02450000
v -0.03132670 -0.00329969 0.02450000
v -0.03131000 -0.00340490 0.02450000
v -0.03131000 -0.00340490 0.02450000
v -0.03075340 -0.00676885 0.02450000
v -0.03075340 -0.00676885 0.02450000
v -0.03080870 -0.00656306 0.02450000
v -0.03080870 -0.00656306 0.02450000
v -0.02983690 -0.01005260 0.02450000
v -0.02983690 -0.01005260 0.02450000
v -0.02995170 -0.00975423 0.02450000
v -0.02995170 -0.00975423 0.02450000
v -0.02857130 -0.01321760 0.02450000
v -0.02857130 -0.01321760 0.02450000
v -0.02876520 -0.01283810 0.02450000
v -0.02876520 -0.01283810 0.02450000
v -0.02697130 -0.01622710 0.02450000
v -0.02697130 -0.01622710 0.02450000
v -0.02726210 -0.01578060 0.02450000
v -0.02726210 -0.01578060 0.02450000
v -0.02505590 -0.01904590 0.02450000
v -0.02505590 -0.01904590 0.02450000
v -0.02545910 -0.01854960 0.02450000
v -0.02545910 -0.01854960 0.02450000
v -0.02284750 -0.02164110 0.02450000
v -0.02284750 -0.02164110 0.02450000
v -0.02337590 -0.02111440 0.02450000
v -0.02337590 -0.02111440 0.02450000
v -0.02037180 -0.02398230 0.02450000
v -0.02037180 -0.02398230 0.02450000
v -0.02103550 -0.02344690 0.02450000
v -0.02103550 -0.02344690 0.02450000
v -0.01765800 -0.02604220 0.02450000
v -0.01765800 -0.02604220 0.02450000
v -0.01846370 -0.02552140 0.02450000
v -0.01846370 -0.02552140 0.02450000
v -0.01473770 -0.02779680 0.02450000
v -0.01473770 -0.02779680 0.02450000
v -0.01568870 -0.02731510 0.02450000
v -0.01568870 -0.02731510 0.02450000
v -0.00965239 -0.02998180 0.02455230
v -0.00965239 -0.02998180 0.02455230
v -0.01164520 -0.02922570 0.02450000
v -0.01164520 -0.02922570 0.02450000
v -0.01274100 -0.02880830 0.02450000
v -0.01274100 -0.02880830 0.02450000
v -0.00964988 0.02997400 0.02460400
v -0.00964988 0.02997400 0.02460400
v -0.00964573 0.02996110 0.02465450
v -0.00964573 0.02996110 0.02465450
v -0.00964988 -0.02997400 0.02460400
v -0.00964988 -0.02997400 0.02460400
v -0.00963998 0.02994330 0.02470340
v -0.00963998 0.02994330 0.02470340
v -0.00964573 -0.02996110 0.02465450
v -0.00964573 -0.02996110 0.02465450
v -0.00963270 0.02992070 0.02475000
v -0.00963270 0.02992070 0.02475000
v -0.00963998 -0.02994330 0.02470340
v -0.00963998 -0.02994330 0.02470340
v -0.00962396 0.02989350 0.02479390
v -0.00962396 0.02989350 0.02479390
v -0.00963270 -0.02992070 0.02475000
v -0.00963270 -0.02992070 0.02475000
v -0.00961387 0.02986220 0.02483460
v -0.00961387 0.02986220 0.02483460
v -0.00962396 -0.02989350 0.02479390
v -0.00962396 -0.02989350 0.02479390
v -0.00960253 0.02982690 0.02487160
v -0.00960253 0.02982690 0.02487160
v -0.00961387 -0.02986220 0.02483460
v -0.00961387 -0.02986220 0.02483460
v -0.00959006 0.02978820 0.02490450
v -0.00959006 0.02978820 0.02490450
v -0.00960253 -0.02982690 0.02487160
v -0.00960253 -0.02982690 0.02487160
v -0.00957661 0.02974640 0.02493300
v -0.00957661 0.02974640 0.02493300
v -0.00959006 -0.02978820 0.02490450
v -0.00959006 -0.02978820 0.02490450
v -0.00956232 0.02970210 0.02495680
v -0.00956232 0.02970210 0.02495680
v -0.00957661 -0.02974640 0.02493300
v -0.00957661 -0.02974640 0.02493300
v -0.00954735 0.02965550 0.02497550
v -0.00954735 0.02965550 0.02497550
v -0.00956232 -0.02970210 0.02495680
v -0.00956232 -0.02970210 0.02495680
v -0.00953186 0.02960740 0.02498910
v -0.00953186 0.02960740 0.02498910
v -0.00954735 -0.02965550 0.02497550
v -0.00954735 -0.02965550 0.02497550
v -0.00951602 0.02955820 0.02499730
v -0.00951602 0.02955820 0.02499730
v -0.00953186 -0.02960740 0.02498910
v -0.00953186 -0.02960740 0.02498910
v -0.00951602 -0.02955820 0.02499730
v -0.00951602 -0.02955820 0.02499730
v -0.00965323 -0.02998440 0.02450000
v -0.00965323 -0.02998440 0.02450000
v -0.01273990 0.02880580 0.02455230
v -0.01568730 0.02731270 0.02455230
v -0.01846210 0.02551920 0.02455230
v -0.02103370 0.02344490 0.02455230
v -0.02337380 0.02111260 0.02455230
v -0.02545680 0.01854800 0.02455230
v -0.02725970 0.01577930 0.02455230
v -0.02876270 0.01283690 0.02455230
v -0.02994910 0.00975338 0.02455230
v -0.03080600 0.00656249 0.02455230
v -0.03132400 0.00329940 0.02455230
v -0.03149730 0.00000000 0.02455230
v -0.03080600 -0.00656249 0.02455230
v -0.03132400 -0.00329940 0.02455230
v -0.02994910 -0.00975338 0.02455230
v -0.02876270 -0.01283690 0.02455230
v -0.02725970 -0.01577930 0.02455230
v -0.02545680 -0.01854800 0.02455230
v -0.02337380 -0.02111260 0.02455230
v -0.02103370 -0.02344490 0.02455230
v -0.01846210 -0.02551920 0.02455230
v -0.01568730 -0.02731270 0.02455230
v -0.01273990 -0.02880580 0.02455230
v -0.01273660 0.02879830 0.02460400
v -0.01568320 0.02730560 0.02460400
v -0.01845730 0.02551260 0.02460400
v -0.02102820 0.02343880 0.02460400
v -0.02336780 0.02110710 0.02460400
v -0.02545020 0.01854310 0.02460400
v -0.02725260 0.01577520 0.02460400
v -0.02875520 0.01283360 0.02460400
v -0.02994130 0.00975084 0.02460400
v -0.03079800 0.00656079 0.02460400
v -0.03131580 0.00329854 0.02460400
v -0.03148910 0.00000000 0.02460400
v -0.03131580 -0.00329854 0.02460400
v -0.03079800 -0.00656079 0.02460400
v -0.02994130 -0.00975084 0.02460400
v -0.02875520 -0.01283360 0.02460400
v -0.02725260 -0.01577520 0.02460400
v -0.02545020 -0.01854310 0.02460400
v -0.02336780 -0.02110710 0.02460400
v -0.02102820 -0.02343880 0.02460400
v -0.01845730 -0.02551260 0.02460400
v -0.01568320 -0.02730560 0.02460400
v -0.01273660 -0.02879830 0.02460400
v -0.01273110 0.02878590 0.02465450
v -0.01567650 0.02729390 0.02465450
v -0.01844930 0.02550160 0.02465450
v -0.02101920 0.02342870 0.02465450
v -0.02335770 0.02109800 0.02465450
v -0.02543930 0.01853520 0.02465450
v -0.02724090 0.01576840 0.02465450
v -0.02874280 0.01282810 0.02465450
v -0.02992840 0.00974665 0.02465450
v -0.03078480 0.00655796 0.02465450
v -0.03130240 0.00329712 0.02465450
v -0.03147550 0.00000000 0.02465450
v -0.03130240 -0.00329712 0.02465450
v -0.03078480 -0.00655796 0.02465450
v -0.02992840 -0.00974665 0.02465450
v -0.02874280 -0.01282810 0.02465450
v -0.02724090 -0.01576840 0.02465450
v -0.02543930 -0.01853520 0.02465450
v -0.02335770 -0.02109800 0.02465450
v -0.02101920 -0.02342870 0.02465450
v -0.01844930 -0.02550160 0.02465450
v -0.01567650 -0.02729390 0.02465450
v -0.01273110 -0.02878590 0.02465450
v -0.01272360 0.02876870 0.02470340
v -0.01566710 0.02727760 0.02470340
v -0.01843830 0.02548640 0.02470340
v -0.02100660 0.02341470 0.02470340
v -0.02334380 0.02108540 0.02470340
v -0.02542410 0.01852410 0.02470340
v -0.02722470 0.01575900 0.02470340
v -0.02872570 0.01282040 0.02470340
v -0.02991060 0.00974084 0.02470340
v -0.03076640 0.00655406 0.02470340
v -0.03128370 0.00329516 0.02470340
v -0.03145680 0.00000000 0.02470340
v -0.03128370 -0.00329516 0.02470340
v -0.03076640 -0.00655406 0.02470340
v -0.02991060 -0.00974084 0.02470340
v -0.02872570 -0.01282040 0.02470340
v -0.02722470 -0.01575900 0.02470340
v -0.02542410 -0.01852410 0.02470340
v -0.02334380 -0.02108540 0.02470340
v -0.02100660 -0.02341470 0.02470340
v -0.01843830 -0.02548640 0.02470340
v -0.01566710 -0.02727760 0.02470340
v -0.01272360 -0.02876870 0.02470340
v -0.01271390 0.02874700 0.02475000
v -0.01565530 0.02725700 0.02475000
v -0.01842440 0.02546720 0.02475000
v -0.02099080 0.02339700 0.02475000
v -0.02332620 0.02106950 0.02475000
v -0.02540490 0.01851010 0.02475000
v -0.02720410 0.01574710 0.02475000
v -0.02870400 0.01281080 0.02475000
v -0.02988800 0.00973348 0.02475000
v -0.03074320 0.00654911 0.02475000
v -0.03126010 0.00329267 0.02475000
v -0.03143300 0.00000000 0.02475000
v -0.03126010 -0.00329267 0.02475000
v -0.03074320 -0.00654911 0.02475000
v -0.02988800 -0.00973348 0.02475000
v -0.02870400 -0.01281080 0.02475000
v -0.02720410 -0.01574710 0.02475000
v -0.02540490 -0.01851010 0.02475000
v -0.02332620 -0.02106950 0.02475000
v -0.02099080 -0.02339700 0.02475000
v -0.01842440 -0.02546720 0.02475000
v -0.01565530 -0.02725700 0.02475000
v -0.01271390 -0.02874700 0.02475000
v -0.01270240 0.02872090 0.02479390
v -0.01564110 0.02723230 0.02479390
v -0.01840770 0.02544410 0.02479390
v -0.02097170 0.02337580 0.02479390
v -0.02330500 0.02105040 0.02479390
v -0.02538190 0.01849330 0.02479390
v -0.02717940 0.01573280 0.02479390
v -0.02867800 0.01279910 0.02479390
v -0.02986090 0.00972466 0.02479390
v -0.03071530 0.00654317 0.02479390
v -0.03123170 0.00328968 0.02479390
v -0.03140450 0.00000000 0.02479390
v -0.03123170 -0.00328968 0.02479390
v -0.03071530 -0.00654317 0.02479390
v -0.02986090 -0.00972466 0.02479390
v -0.02867800 -0.01279910 0.02479390
v -0.02717940 -0.01573280 0.02479390
v -0.02538190 -0.01849330 0.02479390
v -0.02330500 -0.02105040 0.02479390
v -0.02097170 -0.02337580 0.02479390
v -0.01840770 -0.02544410 0.02479390
v -0.01564110 -0.02723230 0.02479390
v -0.01270240 -0.02872090 0.02479390
v -0.01268910 0.02869080 0.02483460
v -0.01562470 0.02720380 0.02483460
v -0.01838840 0.02541740 0.02483460
v -0.02094970 0.02335130 0.02483460
v -0.02328060 0.02102830 0.02483460
v -0.02535530 0.01847390 0.02483460
v -0.02715090 0.01571630 0.02483460
v -0.02864790 0.01278570 0.02483460
v -0.02982960 0.00971446 0.02483460
v -0.03068310 0.00653631 0.02483460
v -0.03119900 0.00328623 0.02483460
v -0.03137160 0.00000000 0.02483460
v -0.03119900 -0.00328623 0.02483460
v -0.03068310 -0.00653631 0.02483460
v -0.02982960 -0.00971446 0.02483460
v -0.02864790 -0.01278570 0.02483460
v -0.02715090 -0.01571630 0.02483460
v -0.02535530 -0.01847390 0.02483460
v -0.02328060 -0.02102830 0.02483460
v -0.02094970 -0.02335130 0.02483460
v -0.01838840 -0.02541740 0.02483460
v -0.01562470 -0.02720380 0.02483460
v -0.01268910 -0.02869080 0.02483460
v -0.01267410 0.02865700 0.02487160
v -0.01560630 0.02717170 0.02487160
v -0.01836670 0.02538740 0.02487160
v -0.02092500 0.02332380 0.02487160
v -0.02325310 0.02100350 0.02487160
v -0.02532530 0.01845220 0.02487160
v -0.02711890 0.01569780 0.02487160
v -0.02861410 0.01277060 0.02487160
v -0.02979440 0.00970300 0.02487160
v -0.03064690 0.00652859 0.02487160
v -0.03116220 0.00328236 0.02487160
v -0.03133460 0.00000000 0.02487160
v -0.03116220 -0.00328236 0.02487160
v -0.03064690 -0.00652859 0.02487160
v -0.02979440 -0.00970300 0.02487160
v -0.02861410 -0.01277060 0.02487160
v -0.02711890 -0.01569780 0.02487160
v -0.02532530 -0.01845220 0.02487160
v -0.02325310 -0.02100350 0.02487160
v -0.02092500 -0.02332380 0.02487160
v -0.01836670 -0.02538740 0.02487160
v -0.01560630 -0.02717170 0.02487160
v -0.01267410 -0.02865700 0.02487160
v -0.01265770 0.02861980 0.02490450
v -0.01558600 0.02713640 0.02490450
v -0.01834290 0.02535440 0.02490450
v -0.02089790 0.02329350 0.02490450
v -0.02322290 0.02097630 0.02490450
v -0.02529250 0.01842820 0.02490450
v -0.02708370 0.01567740 0.02490450
v -0.02857690 0.01275410 0.02490450
v -0.02975570 0.00969040 0.02490450
v -0.03060710 0.00652012 0.02490450
v -0.03112170 0.00327810 0.02490450
v -0.03129390 0.00000000 0.02490450
v -0.03112170 -0.00327810 0.02490450
v -0.03060710 -0.00652012 0.02490450
v -0.02975570 -0.00969040 0.02490450
v -0.02857690 -0.01275410 0.02490450
v -0.02708370 -0.01567740 0.02490450
v -0.02529250 -0.01842820 0.02490450
v -0.02322290 -0.02097630 0.02490450
v -0.02089790 -0.02329350 0.02490450
v -0.01834290 -0.02535440 0.02490450
v -0.01558600 -0.02713640 0.02490450
v -0.01265770 -0.02861980 0.02490450
v -0.01263990 0.02857960 0.02493300
v -0.01556420 0.02709830 0.02493300
v -0.01831710 0.02531890 0.02493300
v -0.02086860 0.02326080 0.02493300
v -0.02319040 0.02094680 0.02493300
v -0.02525700 0.01840240 0.02493300
v -0.02704570 0.01565540 0.02493300
v -0.02853690 0.01273620 0.02493300
v -0.02971400 0.00967681 0.02493300
v -0.03056420 0.00651098 0.02493300
v -0.03107810 0.00327350 0.02493300
v -0.03125000 0.00000000 0.02493300
v -0.03107810 -0.00327350 0.02493300
v -0.03056420 -0.00651098 0.02493300
v -0.02971400 -0.00967681 0.02493300
v -0.02853690 -0.01273620 0.02493300
v -0.02704570 -0.01565540 0.02493300
v -0.02525700 -0.01840240 0.02493300
v -0.02319040 -0.02094680 0.02493300
v -0.02086860 -0.02326080 0.02493300
v -0.01831710 -0.02531890 0.02493300
v -0.01556420 -0.02709830 0.02493300
v -0.01263990 -0.02857960 0.02493300
v -0.01262110 0.02853700 0.02495680
v -0.01554090 0.02705790 0.02495680
v -0.01828980 0.02528110 0.02495680
v -0.02083740 0.02322610 0.02495680
v -0.02315580 0.02091560 0.02495680
v -0.02521930 0.01837490 0.02495680
v -0.02700540 0.01563200 0.02495680
v -0.02849430 0.01271720 0.02495680
v -0.02966970 0.00966237 0.02495680
v -0.03051860 0.00650126 0.02495680
v -0.03103170 0.00326861 0.02495680
v -0.03120340 0.00000000 0.02495680
v -0.03103170 -0.00326861 0.02495680
v -0.03051860 -0.00650126 0.02495680
v -0.02966970 -0.00966237 0.02495680
v -0.02849430 -0.01271720 0.02495680
v -0.02700540 -0.01563200 0.02495680
v -0.02521930 -0.01837490 0.02495680
v -0.02315580 -0.02091560 0.02495680
v -0.02083740 -0.02322610 0.02495680
v -0.01828980 -0.02528110 0.02495680
v -0.01554090 -0.02705790 0.02495680
v -0.01262110 -0.02853700 0.02495680
v -0.01260130 0.02849230 0.02497550
v -0.01551660 0.02701550 0.02497550
v -0.01826120 0.02524150 0.02497550
v -0.02080480 0.02318970 0.02497550
v -0.02311950 0.02088280 0.02497550
v -0.02517980 0.01834610 0.02497550
v -0.02696310 0.01560760 0.02497550
v -0.02844970 0.01269730 0.02497550
v -0.02962320 0.00964724 0.02497550
v -0.03047080 0.00649108 0.02497550
v -0.03098310 0.00326349 0.02497550
v -0.03115450 0.00000000 0.02497550
v -0.03098310 -0.00326349 0.02497550
v -0.03047080 -0.00649108 0.02497550
v -0.02962320 -0.00964724 0.02497550
v -0.02844970 -0.01269730 0.02497550
v -0.02696310 -0.01560760 0.02497550
v -0.02517980 -0.01834610 0.02497550
v -0.02311950 -0.02088280 0.02497550
v -0.02080480 -0.02318970 0.02497550
v -0.01826120 -0.02524150 0.02497550
v -0.01551660 -0.02701550 0.02497550
v -0.01260130 -0.02849230 0.02497550
v -0.01258090 0.02844610 0.02498910
v -0.01549140 0.02697170 0.02498910
v -0.01823150 0.02520050 0.02498910
v -0.02077100 0.02315210 0.02498910
v -0.02308200 0.02084890 0.02498910
v -0.02513900 0.01831640 0.02498910
v -0.02691930 0.01558220 0.02498910
v -0.02840350 0.01267670 0.02498910
v -0.02957510 0.00963159 0.02498910
v -0.03042140 0.00648055 0.02498910
v -0.03093280 0.00325820 0.02498910
v -0.03110400 0.00000000 0.02498910
v -0.03093280 -0.00325820 0.02498910
v -0.03042140 -0.00648055 0.02498910
v -0.02957510 -0.00963159 0.02498910
v -0.02840350 -0.01267670 0.02498910
v -0.02691930 -0.01558220 0.02498910
v -0.02513900 -0.01831640 0.02498910
v -0.02308200 -0.02084890 0.02498910
v -0.02077100 -0.02315210 0.02498910
v -0.01823150 -0.02520050 0.02498910
v -0.01549140 -0.02697170 0.02498910
v -0.01258090 -0.02844610 0.02498910
v -0.01255990 0.02839880 0.02499730
v -0.01546570 0.02692690 0.02499730
v -0.01820120 0.02515870 0.02499730
v -0.02073650 0.02311360 0.02499730
v -0.02304360 0.02081430 0.02499730
v -0.02509720 0.01828590 0.02499730
v -0.02687460 0.01555630 0.02499730
v -0.02835630 0.01265560 0.02499730
v -0.02952600 0.00961558 0.02499730
v -0.03037080 0.00646978 0.02499730
v -0.03088140 0.00325278 0.02499730
v -0.03105230 0.00000000 0.02499730
v -0.03088140 -0.00325278 0.02499730
v -0.03037080 -0.00646978 0.02499730
v -0.02952600 -0.00961558 0.02499730
v -0.02835630 -0.01265560 0.02499730
v -0.02687460 -0.01555630 0.02499730
v -0.02509720 -0.01828590 0.02499730
v -0.02304360 -0.02081430 0.02499730
v -0.02073650 -0.02311360 0.02499730
v -0.01820120 -0.02515870 0.02499730
v -0.01546570 -0.02692690 0.02499730
v -0.01255990 -0.02839880 0.02499730
v -0.00939184 -0.03006730 0.02451330
v -0.00939184 -0.03006730 0.02451330
v -0.00929421 -0.02959010 0.02501060
v -0.00929421 -0.02959010 0.02501060
v -0.00913753 -0.03014560 0.02455210
v -0.00913753 -0.03014560 0.02455210
v -0.00909399 -0.02966710 0.02504160
v -0.00909399 -0.02966710 0.02504160
v -0.00929097 -0.02959130 0.02501110
v -0.00929097 -0.02959130 0.02501110
v -0.00889022 -0.03021940 0.02461540
v -0.00889022 -0.03021940 0.02461540
v -0.00889929 -0.02973980 0.02509230
v -0.00889929 -0.02973980 0.02509230
v -0.00908430 -0.02967070 0.02504420
v -0.00908430 -0.02967070 0.02504420
v -0.00879186 -0.03024820 0.02464810
v -0.00879186 -0.03024820 0.02464810
v -0.00882185 -0.02976810 0.02511850
v -0.00882185 -0.02976810 0.02511850
v -0.00888206 -0.02974610 0.02509820
v -0.00888206 -0.02974610 0.02509820
v -0.00855625 -0.03031570 0.02474510
v -0.00855625 -0.03031570 0.02474510
v -0.00868731 -0.02981620 0.02517480
v -0.00868731 -0.02981620 0.02517480
v -0.00863635 -0.02983450 0.02519610
v -0.00863635 -0.02983450 0.02519610
v -0.00842709 -0.03035160 0.02481390
v -0.00842709 -0.03035160 0.02481390
v -0.00850080 -0.02988160 0.02526940
v -0.00850080 -0.02988160 0.02526940
v -0.00846254 -0.02989490 0.02529010
v -0.00846254 -0.02989490 0.02529010
v -0.00833548 -0.03037710 0.02486270
v -0.00833548 -0.03037710 0.02486270
v -0.00812906 -0.03043300 0.02500000
v -0.00812906 -0.03043300 0.02500000
v -0.00832513 -0.02994150 0.02538300
v -0.00832513 -0.02994150 0.02538300
v -0.00830002 -0.02995000 0.02540000
v -0.00830002 -0.02995000 0.02540000
v -0.00802104 -0.03046170 0.02508430
v -0.00802104 -0.03046170 0.02508430
v -0.00821498 -0.02997810 0.02546740
v -0.00821498 -0.02997810 0.02546740
v -0.00783716 -0.03050950 0.02525190
v -0.00783716 -0.03050950 0.02525190
v -0.00807021 -0.03002520 0.02560150
v -0.00807021 -0.03002520 0.02560150
v -0.00816326 -0.02999500 0.02551540
v -0.00816326 -0.02999500 0.02551540
v -0.00767353 -0.03055110 0.02543340
v -0.00767353 -0.03055110 0.02543340
v -0.00794138 -0.03006610 0.02574670
v -0.00794138 -0.03006610 0.02574670
v -0.00801543 -0.03004260 0.02566330
v -0.00801543 -0.03004260 0.02566330
v -0.00782794 -0.03010140 0.02590260
v -0.00782794 -0.03010140 0.02590260
v -0.00788385 -0.03008400 0.02582580
v -0.00788385 -0.03008400 0.02582580
v -0.00777156 -0.03011860 0.02599380
v -0.00777156 -0.03011860 0.02599380
v -0.00758973 -0.03057070 0.02560100
v -0.00758973 -0.03057070 0.02560100
v -0.00759929 -0.03056720 0.02560460
v -0.00759929 -0.03056720 0.02560460
v -0.00755482 -0.03058060 0.02559100
v -0.00755482 -0.03058060 0.02559100
v -0.00755482 -0.03058060 0.02559100
v -0.00762247 -0.03055870 0.02561340
v -0.00762247 -0.03055870 0.02561340
v -0.00763999 -0.03055070 0.02562190
v -0.00763999 -0.03055070 0.02562190
v -0.00765180 -0.03054520 0.02562760
v -0.00765180 -0.03054520 0.02562760
v -0.00767616 -0.03053140 0.02564230
v -0.00767616 -0.03053140 0.02564230
v -0.00769802 -0.03051630 0.02565880
v -0.00769802 -0.03051630 0.02565880
v -0.00767650 -0.03053120 0.02564260
v -0.00767650 -0.03053120 0.02564260
v -0.00772278 -0.03049480 0.02568310
v -0.00772278 -0.03049480 0.02568310
v -0.00772836 -0.03048850 0.02569030
v -0.00772836 -0.03048850 0.02569030
v -0.00770615 -0.03050990 0.02566600
v -0.00770615 -0.03050990 0.02566600
v -0.00773717 -0.03047870 0.02570160
v -0.00773717 -0.03047870 0.02570160
v -0.00774939 -0.03046170 0.02572180
v -0.00774939 -0.03046170 0.02572180
v -0.00773300 -0.03048340 0.02569630
v -0.00773300 -0.03048340 0.02569630
v -0.00775245 -0.03045670 0.02572790
v -0.00775245 -0.03045670 0.02572790
v -0.00776183 -0.03043820 0.02575070
v -0.00776183 -0.03043820 0.02575070
v -0.00776869 -0.03041870 0.02577550
v -0.00776869 -0.03041870 0.02577550
v -0.00777296 -0.03039820 0.02580250
v -0.00777296 -0.03039820 0.02580250
v -0.00776598 -0.03042640 0.02576570
v -0.00776598 -0.03042640 0.02576570
v -0.00777315 -0.03039530 0.02580640
v -0.00777315 -0.03039530 0.02580640
v -0.00777391 -0.03038420 0.02582140
v -0.00777391 -0.03038420 0.02582140
v -0.00777445 -0.03037640 0.02583220
v -0.00777445 -0.03037640 0.02583220
v -0.00777393 -0.03036300 0.02585100
v -0.00777393 -0.03036300 0.02585100
v -0.00777392 -0.03036280 0.02585130
v -0.00777392 -0.03036280 0.02585130
v -0.00777391 -0.03036270 0.02585150
v -0.00777391 -0.03036270 0.02585150
v -0.00776891 -0.03033210 0.02589640
v -0.00776891 -0.03033210 0.02589640
v -0.00775809 -0.03029910 0.02594790
v -0.00775809 -0.03029910 0.02594790
v -0.00775596 -0.03029470 0.02595530
v -0.00775596 -0.03029470 0.02595530
v -0.00775481 -0.03029230 0.02595930
v -0.00775481 -0.03029230 0.02595930
v -0.00774246 -0.03026670 0.02600220
v -0.00774246 -0.03026670 0.02600220
v -0.00773775 -0.03025970 0.02601520
v -0.00773775 -0.03025970 0.02601520
v -0.00773464 -0.03025500 0.02602390
v -0.00773464 -0.03025500 0.02602390
v -0.00770627 -0.03021260 0.02610260
v -0.00770627 -0.03021260 0.02610260
v -0.00768535 -0.03018920 0.02615370
v -0.00768535 -0.03018920 0.02615370
v -0.00768268 -0.03014550 0.02616490
v -0.00768268 -0.03014550 0.02616490
v -0.00776825 -0.03011960 0.02600020
v -0.00776825 -0.03011960 0.02600020
v -0.00768272 -0.03018620 0.02616020
v -0.00768272 -0.03018620 0.02616020
v -0.00766368 -0.03016480 0.02620670
v -0.00766368 -0.03016480 0.02620670
v -0.00767317 -0.03014830 0.02618660
v -0.00767317 -0.03014830 0.02618660
v -0.00765405 -0.03015410 0.02623030
v -0.00765405 -0.03015410 0.02623030
v -0.00765405 -0.03015410 0.02623030
v -0.00939586 -0.03006330 0.02456430
v -0.00939827 -0.03005430 0.02461470
v -0.00939904 -0.03004040 0.02466410
v -0.00939817 -0.03002180 0.02471190
v -0.00939565 -0.02999860 0.02475760
v -0.00939153 -0.02997110 0.02480080
v -0.00938584 -0.02993960 0.02484090
v -0.00937865 -0.02990440 0.02487750
v -0.00937002 -0.02986600 0.02491040
v -0.00936005 -0.02982460 0.02493900
v -0.00934885 -0.02978070 0.02496320
v -0.00933653 -0.02973480 0.02498260
v -0.00932322 -0.02968740 0.02499710
v -0.00930906 -0.02963900 0.02500640
v -0.00914616 -0.03014030 0.02460140
v -0.00915324 -0.03013020 0.02465030
v -0.00915868 -0.03011550 0.02469810
v -0.00916244 -0.03009610 0.02474450
v -0.00916447 -0.03007250 0.02478890
v -0.00916475 -0.03004470 0.02483090
v -0.00916329 -0.03001300 0.02487010
v -0.00916009 -0.02997790 0.02490600
v -0.00915519 -0.02993960 0.02493840
v -0.00914864 -0.02989850 0.02496680
v -0.00914051 -0.02985510 0.02499110
v -0.00913087 -0.02980980 0.02501080
v -0.00911983 -0.02976300 0.02502590
v -0.00910749 -0.02971530 0.02503630
v -0.00890325 -0.03021300 0.02466280
v -0.00891477 -0.03020200 0.02470960
v -0.00892466 -0.03018650 0.02475560
v -0.00893283 -0.03016650 0.02480020
v -0.00893920 -0.03014240 0.02484290
v -0.00894370 -0.03011430 0.02488350
v -0.00894630 -0.03008260 0.02492140
v -0.00894696 -0.03004750 0.02495630
v -0.00894568 -0.03000930 0.02498780
v -0.00894248 -0.02996860 0.02501570
v -0.00893738 -0.02992560 0.02503970
v -0.00893043 -0.02988070 0.02505960
v -0.00892171 -0.02983450 0.02507500
v -0.00891129 -0.02978740 0.02508600
v -0.00880661 -0.03024140 0.02469450
v -0.00881987 -0.03023000 0.02474050
v -0.00883151 -0.03021410 0.02478560
v -0.00884142 -0.03019400 0.02482930
v -0.00884949 -0.03016970 0.02487130
v -0.00885566 -0.03014150 0.02491110
v -0.00885986 -0.03010970 0.02494840
v -0.00886205 -0.03007460 0.02498280
v -0.00886221 -0.03003660 0.02501400
v -0.00886034 -0.02999590 0.02504160
v -0.00885646 -0.02995300 0.02506540
v -0.00885061 -0.02990840 0.02508510
v -0.00884283 -0.02986240 0.02510070
v -0.00883321 -0.02981540 0.02511180
v -0.00857509 -0.03030790 0.02478900
v -0.00859248 -0.03029570 0.02483250
v -0.00860826 -0.03027920 0.02487520
v -0.00862228 -0.03025850 0.02491670
v -0.00863440 -0.03023390 0.02495660
v -0.00864452 -0.03020540 0.02499450
v -0.00865253 -0.03017350 0.02503000
v -0.00865837 -0.03013850 0.02506290
v -0.00866198 -0.03010050 0.02509280
v -0.00866332 -0.03006010 0.02511940
v -0.00866238 -0.03001760 0.02514250
v -0.00865918 -0.02997330 0.02516190
v -0.00865373 -0.02992780 0.02517740
v -0.00864610 -0.02988140 0.02518880
v -0.00835811 -0.03036860 0.02490380
v -0.00837932 -0.03035570 0.02494460
v -0.00839893 -0.03033860 0.02498470
v -0.00841675 -0.03031740 0.02502360
v -0.00843262 -0.03029240 0.02506110
v -0.00844640 -0.03026380 0.02509670
v -0.00845796 -0.03023180 0.02513020
v -0.00846720 -0.03019680 0.02516130
v -0.00847403 -0.03015900 0.02518970
v -0.00847839 -0.03011870 0.02521500
v -0.00848024 -0.03007650 0.02523720
v -0.00847956 -0.03003260 0.02525590
v -0.00847636 -0.02998740 0.02527110
v -0.00847067 -0.02994140 0.02528250
v -0.00815519 -0.03042370 0.02503810
v -0.00817994 -0.03041020 0.02507590
v -0.00820309 -0.03039260 0.02511310
v -0.00822443 -0.03037110 0.02514920
v -0.00824378 -0.03034580 0.02518400
v -0.00826096 -0.03031700 0.02521710
v -0.00827581 -0.03028500 0.02524840
v -0.00828822 -0.03024990 0.02527740
v -0.00829805 -0.03021220 0.02530390
v -0.00830524 -0.03017220 0.02532780
v -0.00830971 -0.03013010 0.02534870
v -0.00831143 -0.03008650 0.02536660
v -0.00831038 -0.03004170 0.02538110
v -0.00830656 -0.02999600 0.02539230
v -0.00804899 -0.03045200 0.02512070
v -0.00807558 -0.03043820 0.02515670
v -0.00810057 -0.03042040 0.02519210
v -0.00812374 -0.03039870 0.02522660
v -0.00814490 -0.03037330 0.02525980
v -0.00816384 -0.03034440 0.02529150
v -0.00818042 -0.03031230 0.02532130
v -0.00819447 -0.03027720 0.02534910
v -0.00820588 -0.03023960 0.02537450
v -0.00821455 -0.03019960 0.02539740
v -0.00822041 -0.03015770 0.02541750
v -0.00822339 -0.03011420 0.02543480
v -0.00822347 -0.03006950 0.02544890
v -0.00822066 -0.03002400 0.02545980
v -0.00786820 -0.03049930 0.02528480
v -0.00789790 -0.03048500 0.02531750
v -0.00792601 -0.03046680 0.02534960
v -0.00795229 -0.03044480 0.02538080
v -0.00797650 -0.03041910 0.02541090
v -0.00799844 -0.03039010 0.02543970
v -0.00801793 -0.03035790 0.02546680
v -0.00803479 -0.03032290 0.02549210
v -0.00804888 -0.03028530 0.02551530
v -0.00806007 -0.03024540 0.02553630
v -0.00806828 -0.03020370 0.02555480
v -0.00807343 -0.03016050 0.02557070
v -0.00807547 -0.03011600 0.02558390
v -0.00807440 -0.03007080 0.02559420
v -0.00770730 -0.03054040 0.02546270
v -0.00773976 -0.03052570 0.02549180
v -0.00777064 -0.03050720 0.02552040
v -0.00779966 -0.03048490 0.02554820
v -0.00782658 -0.03045900 0.02557510
v -0.00785118 -0.03042990 0.02560070
v -0.00787325 -0.03039770 0.02562500
v -0.00789260 -0.03036260 0.02564760
v -0.00790906 -0.03032510 0.02566840
v -0.00792251 -0.03028540 0.02568730
v -0.00793282 -0.03024380 0.02570400
v -0.00793991 -0.03020070 0.02571840
v -0.00794371 -0.03015650 0.02573040
v -0.00794421 -0.03011150 0.02573980
v -0.00778589 -0.03035950 0.02583330
v -0.00780132 -0.03031980 0.02584990
v -0.00781348 -0.03027840 0.02586460
v -0.00782229 -0.03023540 0.02587730
v -0.00782766 -0.03019140 0.02588790
v -0.00782955 -0.03014660 0.02589640
v -0.00776381 -0.03025240 0.02597030
v -0.00776996 -0.03020840 0.02598010
v -0.00777255 -0.03016370 0.02598800
v -0.00929421 0.02959010 0.02501060
v -0.00929421 0.02959010 0.02501060
v -0.00929097 0.02959130 0.02501110
v -0.00929097 0.02959130 0.02501110
v -0.00909399 0.02966710 0.02504160
v -0.00909399 0.02966710 0.02504160
v -0.00939184 0.03006730 0.02451330
v -0.00939184 0.03006730 0.02451330
v -0.00908430 0.02967070 0.02504420
v -0.00908430 0.02967070 0.02504420
v -0.00913753 0.03014560 0.02455210
v -0.00913753 0.03014560 0.02455210
v -0.00888206 0.02974610 0.02509820
v -0.00888206 0.02974610 0.02509820
v -0.00889929 0.02973980 0.02509230
v -0.00889929 0.02973980 0.02509230
v -0.00889022 0.03021940 0.02461540
v -0.00889022 0.03021940 0.02461540
v -0.00882185 0.02976810 0.02511850
v -0.00882185 0.02976810 0.02511850
v -0.00868731 0.02981620 0.02517480
v -0.00868731 0.02981620 0.02517480
v -0.00879186 0.03024820 0.02464810
v -0.00879186 0.03024820 0.02464810
v -0.00863635 0.02983450 0.02519610
v -0.00863635 0.02983450 0.02519610
v -0.00850080 0.02988160 0.02526940
v -0.00850080 0.02988160 0.02526940
v -0.00842709 0.03035160 0.02481390
v -0.00842709 0.03035160 0.02481390
v -0.00833548 0.03037710 0.02486270
v -0.00833548 0.03037710 0.02486270
v -0.00846254 0.02989490 0.02529010
v -0.00846254 0.02989490 0.02529010
v -0.00832513 0.02994150 0.02538300
v -0.00832513 0.02994150 0.02538300
v -0.00830002 0.02995000 0.02540000
v -0.00830002 0.02995000 0.02540000
v -0.00821498 0.02997810 0.02546740
v -0.00821498 0.02997810 0.02546740
v -0.00812906 0.03043300 0.02500000
v -0.00812906 0.03043300 0.02500000
v -0.00816326 0.02999500 0.02551540
v -0.00816326 0.02999500 0.02551540
v -0.00802104 0.03046170 0.02508430
v -0.00802104 0.03046170 0.02508430
v -0.00801543 0.03004260 0.02566330
v -0.00801543 0.03004260 0.02566330
v -0.00807021 0.03002520 0.02560150
v -0.00807021 0.03002520 0.02560150
v -0.00783716 0.03050950 0.02525190
v -0.00783716 0.03050950 0.02525190
v -0.00788385 0.03008400 0.02582580
v -0.00788385 0.03008400 0.02582580
v -0.00794138 0.03006610 0.02574670
v -0.00794138 0.03006610 0.02574670
v -0.00782794 0.03010140 0.02590260
v -0.00782794 0.03010140 0.02590260
v -0.00777156 0.03011860 0.02599380
v -0.00777156 0.03011860 0.02599380
v -0.00768249 0.03018720 0.02615980
v -0.00768249 0.03018720 0.02615980
v -0.00768268 0.03014550 0.02616490
v -0.00768268 0.03014550 0.02616490
v -0.00767317 0.03014830 0.02618660
v -0.00767317 0.03014830 0.02618660
v -0.00765405 0.03015410 0.02623030
v -0.00765405 0.03015410 0.02623030
v -0.00765405 0.03015410 0.02623030
v -0.00766350 0.03016510 0.02620690
v -0.00766350 0.03016510 0.02620690
v -0.00768410 0.03018910 0.02615580
v -0.00768410 0.03018910 0.02615580
v -0.00776825 0.03011960 0.02600020
v -0.00776825 0.03011960 0.02600020
v -0.00771439 0.03022450 0.02608070
v -0.00771439 0.03022450 0.02608070
v -0.00773466 0.03025490 0.02602390
v -0.00773466 0.03025490 0.02602390
v -0.00773755 0.03025960 0.02601540
v -0.00773755 0.03025960 0.02601540
v -0.00771955 0.03023050 0.02606790
v -0.00771955 0.03023050 0.02606790
v -0.00774629 0.03027380 0.02599000
v -0.00774629 0.03027380 0.02599000
v -0.00775499 0.03029450 0.02595620
v -0.00775499 0.03029450 0.02595620
v -0.00775432 0.03029290 0.02595880
v -0.00775432 0.03029290 0.02595880
v -0.00776528 0.03031900 0.02591630
v -0.00776528 0.03031900 0.02591630
v -0.00776746 0.03032900 0.02590140
v -0.00776746 0.03032900 0.02590140
v -0.00777379 0.03036120 0.02585360
v -0.00777379 0.03036120 0.02585360
v -0.00777380 0.03036270 0.02585140
v -0.00777380 0.03036270 0.02585140
v -0.00777315 0.03035510 0.02586230
v -0.00777315 0.03035510 0.02586230
v -0.00777380 0.03036300 0.02585100
v -0.00777380 0.03036300 0.02585100
v -0.00777394 0.03038910 0.02581470
v -0.00777394 0.03038910 0.02581470
v -0.00777297 0.03039520 0.02580650
v -0.00777297 0.03039520 0.02580650
v -0.00777391 0.03038430 0.02582140
v -0.00777391 0.03038430 0.02582140
v -0.00777018 0.03041300 0.02578290
v -0.00777018 0.03041300 0.02578290
v -0.00776593 0.03042640 0.02576570
v -0.00776593 0.03042640 0.02576570
v -0.00776141 0.03043920 0.02574950
v -0.00776141 0.03043920 0.02574950
v -0.00775170 0.03045800 0.02572640
v -0.00775170 0.03045800 0.02572640
v -0.00776345 0.03043430 0.02575560
v -0.00776345 0.03043430 0.02575560
v -0.00773939 0.03047590 0.02570490
v -0.00773939 0.03047590 0.02570490
v -0.00773292 0.03048340 0.02569630
v -0.00773292 0.03048340 0.02569630
v -0.00772437 0.03049310 0.02568490
v -0.00772437 0.03049310 0.02568490
v -0.00771199 0.03050490 0.02567160
v -0.00771199 0.03050490 0.02567160
v -0.00772838 0.03048850 0.02569030
v -0.00772838 0.03048850 0.02569030
v -0.00769389 0.03051940 0.02565540
v -0.00769389 0.03051940 0.02565540
v -0.00767336 0.03053310 0.02564050
v -0.00767336 0.03053310 0.02564050
v -0.00765017 0.03054600 0.02562670
v -0.00765017 0.03054600 0.02562670
v -0.00767638 0.03053110 0.02564270
v -0.00767638 0.03053110 0.02564270
v -0.00764610 0.03054810 0.02562450
v -0.00764610 0.03054810 0.02562450
v -0.00761852 0.03056030 0.02561170
v -0.00761852 0.03056030 0.02561170
v -0.00767353 0.03055110 0.02543340
v -0.00767353 0.03055110 0.02543340
v -0.00759931 0.03056720 0.02560460
v -0.00759931 0.03056720 0.02560460
v -0.00758817 0.03057120 0.02560050
v -0.00758817 0.03057120 0.02560050
v -0.00755482 0.03058060 0.02559100
v -0.00755482 0.03058060 0.02559100
v -0.00755482 0.03058060 0.02559100
v -0.00855625 0.03031570 0.02474510
v -0.00855625 0.03031570 0.02474510
v -0.00930906 0.02963900 0.02500640
v -0.00932322 0.02968740 0.02499710
v -0.00933653 0.02973480 0.02498260
v -0.00934885 0.02978070 0.02496320
v -0.00936005 0.02982460 0.02493900
v -0.00937002 0.02986600 0.02491040
v -0.00937865 0.02990440 0.02487750
v -0.00938584 0.02993960 0.02484090
v -0.00939153 0.02997110 0.02480080
v -0.00939565 0.02999860 0.02475760
v -0.00939817 0.03002180 0.02471190
v -0.00939904 0.03004040 0.02466410
v -0.00939827 0.03005430 0.02461470
v -0.00939586 0.03006330 0.02456430
v -0.00910749 0.02971530 0.02503630
v -0.00911983 0.02976300 0.02502590
v -0.00913087 0.02980980 0.02501080
v -0.00914051 0.02985510 0.02499110
v -0.00914864 0.02989850 0.02496680
v -0.00915519 0.02993960 0.02493840
v -0.00916009 0.02997790 0.02490600
v -0.00916329 0.03001300 0.02487010
v -0.00916475 0.03004470 0.02483090
v -0.00916447 0.03007250 0.02478890
v -0.00916244 0.03009610 0.02474450
v -0.00915868 0.03011550 0.02469810
v -0.00915324 0.03013020 0.02465030
v -0.00914616 0.03014030 0.02460140
v -0.00891129 0.02978740 0.02508600
v -0.00892171 0.02983450 0.02507500
v -0.00893043 0.02988070 0.02505960
v -0.00893738 0.02992560 0.02503970
v -0.00894248 0.02996860 0.02501570
v -0.00894568 0.03000930 0.02498780
v -0.00894696 0.03004750 0.02495630
v -0.00894630 0.03008260 0.02492140
v -0.00894370 0.03011430 0.02488350
v -0.00893920 0.03014240 0.02484290
v -0.00893283 0.03016650 0.02480020
v -0.00892466 0.03018650 0.02475560
v -0.00891477 0.03020200 0.02470960
v -0.00890325 0.03021300 0.02466280
v -0.00883321 0.02981540 0.02511180
v -0.00884283 0.02986240 0.02510070
v -0.00885061 0.02990840 0.02508510
v -0.00885646 0.02995300 0.02506540
v -0.00886034 0.02999590 0.02504160
v -0.00886221 0.03003660 0.02501400
v -0.00886205 0.03007460 0.02498280
v -0.00885986 0.03010970 0.02494840
v -0.00885566 0.03014150 0.02491110
v -0.00884949 0.03016970 0.02487130
v -0.00884142 0.03019400 0.02482930
v -0.00883151 0.03021410 0.02478560
v -0.00881987 0.03023000 0.02474050
v -0.00880661 0.03024140 0.02469450
v -0.00864610 0.02988140 0.02518880
v -0.00865373 0.02992780 0.02517740
v -0.00865918 0.02997330 0.02516190
v -0.00866238 0.03001760 0.02514250
v -0.00866332 0.03006010 0.02511940
v -0.00866198 0.03010050 0.02509280
v -0.00865837 0.03013850 0.02506290
v -0.00865253 0.03017350 0.02503000
v -0.00864452 0.03020540 0.02499450
v -0.00863440 0.03023390 0.02495660
v -0.00862228 0.03025850 0.02491670
v -0.00860826 0.03027920 0.02487520
v -0.00859248 0.03029570 0.02483250
v -0.00857509 0.03030790 0.02478900
v -0.00847067 0.02994140 0.02528250
v -0.00847636 0.02998740 0.02527110
v -0.00847956 0.03003260 0.02525590
v -0.00848024 0.03007650 0.02523720
v -0.00847839 0.03011870 0.02521500
v -0.00847403 0.03015900 0.02518970
v -0.00846720 0.03019680 0.02516130
v -0.00845796 0.03023180 0.02513020
v -0.00844640 0.03026380 0.02509670
v -0.00843262 0.03029240 0.02506110
v -0.00841675 0.03031740 0.02502360
v -0.00839893 0.03033860 0.02498470
v -0.00837932 0.03035570 0.02494460
v -0.00835811 0.03036860 0.02490380
v -0.00830656 0.02999600 0.02539230
v -0.00831038 0.03004170 0.02538110
v -0.00831143 0.03008650 0.02536660
v -0.00830971 0.03013010 0.02534870
v -0.00830524 0.03017220 0.02532780
v -0.00829805 0.03021220 0.02530390
v -0.00828822 0.03024990 0.02527740
v -0.00827581 0.03028500 0.02524840
v -0.00826096 0.03031700 0.02521710
v -0.00824378 0.03034580 0.02518400
v -0.00822443 0.03037110 0.02514920
v -0.00820309 0.03039260 0.02511310
v -0.00817994 0.03041020 0.02507590
v -0.00815519 0.03042370 0.02503810
v -0.00822066 0.03002400 0.02545980
v -0.00822347 0.03006950 0.02544890
v -0.00822339 0.03011420 0.02543480
v -0.00822041 0.03015770 0.02541750
v -0.00821455 0.03019960 0.02539740
v -0.00820588 0.03023960 0.02537450
v -0.00819447 0.03027720 0.02534910
v -0.00818042 0.03031230 0.02532130
v -0.00816384 0.03034440 0.02529150
v -0.00814490 0.03037330 0.02525980
v -0.00812374 0.03039870 0.02522660
v -0.00810057 0.03042040 0.02519210
v -0.00807558 0.03043820 0.02515670
v -0.00804899 0.03045200 0.02512070
v -0.00807440 0.03007080 0.02559420
v -0.00807547 0.03011600 0.02558390
v -0.00807343 0.03016050 0.02557070
v -0.00806828 0.03020370 0.02555480
v -0.00806007 0.03024540 0.02553630
v -0.00804888 0.03028530 0.02551530
v -0.00803479 0.03032290 0.02549210
v -0.00801793 0.03035790 0.02546680
v -0.00799844 0.03039010 0.02543970
v -0.00797650 0.03041910 0.02541090
v -0.00795229 0.03044480 0.02538080
v -0.00792601 0.03046680 0.02534960
v -0.00789790 0.03048500 0.02531750
v -0.00786820 0.03049930 0.02528480
v -0.00794421 0.03011150 0.02573980
v -0.00794371 0.03015650 0.02573040
v -0.00793991 0.03020070 0.02571840
v -0.00793282 0.03024380 0.02570400
v -0.00792251 0.03028540 0.02568730
v -0.00790906 0.03032510 0.02566840
v -0.00789260 0.03036260 0.02564760
v -0.00787325 0.03039770 0.02562500
v -0.00785118 0.03042990 0.02560070
v -0.00782658 0.03045900 0.02557510
v -0.00779966 0.03048490 0.02554820
v -0.00777064 0.03050720 0.02552040
v -0.00773976 0.03052570 0.02549180
v -0.00770730 0.03054040 0.02546270
v -0.00782955 0.03014660 0.02589640
v -0.00782766 0.03019140 0.02588790
v -0.00782229 0.03023540 0.02587730
v -0.00781348 0.03027840 0.02586460
v -0.00780132 0.03031980 0.02584990
v -0.00777255 0.03016370 0.02598800
v -0.00776996 0.03020840 0.02598010
v -0.00776381 0.03025240 0.02597030
v -0.00778589 0.03035950 0.02583330
v -0.00759789 -0.03009790 0.02638200
v -0.00759789 -0.03009790 0.02638200
v -0.00759789 0.03009790 0.02638200
v -0.00759789 0.03009790 0.02638200
v -0.00756605 0.03006610 0.02649020
v -0.00756605 0.03006610 0.02649020
v -0.00759329 0.03009330 0.02639760
v -0.00759329 0.03009330 0.02639760
v -0.00759291 -0.03009290 0.02639750
v -0.00759291 -0.03009290 0.02639750
v -0.00754370 0.03004370 0.02658420
v -0.00754370 0.03004370 0.02658420
v -0.00756605 -0.03006610 0.02649020
v -0.00756605 -0.03006610 0.02649020
v -0.00754396 -0.03004400 0.02658420
v -0.00754396 -0.03004400 0.02658420
v -0.00752378 0.03002380 0.02669250
v -0.00752378 0.03002380 0.02669250
v -0.00754174 0.03004170 0.02659490
v -0.00754174 0.03004170 0.02659490
v -0.00754147 -0.03004150 0.02659480
v -0.00754147 -0.03004150 0.02659480
v -0.00751096 0.03001100 0.02679090
v -0.00751096 0.03001100 0.02679090
v -0.00752378 -0.03002380 0.02669250
v -0.00752378 -0.03002380 0.02669250
v -0.00751109 -0.03001110 0.02679100
v -0.00751109 -0.03001110 0.02679100
v -0.00750260 0.03000260 0.02689800
v -0.00750260 0.03000260 0.02689800
v -0.00751053 0.03001050 0.02679640
v -0.00751053 0.03001050 0.02679640
v -0.00750000 0.03000000 0.02700000
v -0.00750000 0.03000000 0.02700000
v -0.00750000 0.03000000 0.02700000
v -0.00750000 0.03000000 0.02700000
v -0.00751040 -0.03001040 0.02679630
v -0.00751040 -0.03001040 0.02679630
v -0.00750260 -0.03000260 0.02689800
v -0.00750260 -0.03000260 0.02689800
v -0.00750000 -0.03000000 0.02700000
v -0.00750000 -0.03000000 0.02700000
v -0.00750000 -0.03000000 0.02700000
v -0.00750000 -0.03000000 0.02700000
v 0.01274100 0.02880830 0.02450000
v 0.01274100 0.02880830 0.02450000
v 0.01164520 0.02922570 0.02450000
v 0.01164520 0.02922570 0.02450000
v 0.01568870 0.02731510 0.02450000
v 0.01568870 0.02731510 0.02450000
v 0.01473770 0.02779680 0.02450000
v 0.01473770 0.02779680 0.02450000
v 0.01846370 0.02552140 0.02450000
v 0.01846370 0.02552140 0.02450000
v 0.01765800 0.02604220 0.02450000
v 0.01765800 0.02604220 0.02450000
v 0.02103550 0.02344690 0.02450000
v 0.02103550 0.02344690 0.02450000
v 0.02037180 0.02398230 0.02450000
v 0.02037180 0.02398230 0.02450000
v 0.02337590 0.02111440 0.02450000
v 0.02337590 0.02111440 0.02450000
v 0.02284750 0.02164110 0.02450000
v 0.02284750 0.02164110 0.02450000
v 0.02545910 0.01854960 0.02450000
v 0.02545910 0.01854960 0.02450000
v 0.02505590 0.01904590 0.02450000
v 0.02505590 0.01904590 0.02450000
v 0.02726210 0.01578060 0.02450000
v 0.02726210 0.01578060 0.02450000
v 0.02697130 0.01622710 0.02450000
v 0.02697130 0.01622710 0.02450000
v 0.02876520 0.01283810 0.02450000
v 0.02876520 0.01283810 0.02450000
v 0.02857130 0.01321760 0.02450000
v 0.02857130 0.01321760 0.02450000
v 0.02995170 0.00975423 0.02450000
v 0.02995170 0.00975423 0.02450000
v 0.02983690 0.01005260 0.02450000
v 0.02983690 0.01005260 0.02450000
v 0.03080870 0.00656306 0.02450000
v 0.03080870 0.00656306 0.02450000
v 0.03075340 0.00676885 0.02450000
v 0.03075340 0.00676885 0.02450000
v 0.03131000 0.00340490 0.02450000
v 0.03131000 0.00340490 0.02450000
v 0.03132670 0.00329969 0.02450000
v 0.03132670 0.00329969 0.02450000
v 0.03150000 -0.00000000 0.02450000
v 0.03150000 -0.00000000 0.02450000
v 0.03132670 -0.00329969 0.02450000
v 0.03132670 -0.00329969 0.02450000
v 0.03131000 -0.00340490 0.02450000
v 0.03131000 -0.00340490 0.02450000
v 0.03080870 -0.00656306 0.02450000
v 0.03080870 -0.00656306 0.02450000
v 0.03075340 -0.00676885 0.02450000
v 0.03075340 -0.00676885 0.02450000
v 0.02995170 -0.00975423 0.02450000
v 0.02995170 -0.00975423 0.02450000
v 0.02983690 -0.01005260 0.02450000
v 0.02983690 -0.01005260 0.02450000
v 0.02876520 -0.01283810 0.02450000
v 0.02876520 -0.01283810 0.02450000
v 0.02857130 -0.01321760 0.02450000
v 0.02857130 -0.01321760 0.02450000
v 0.02726210 -0.01578060 0.02450000
v 0.02726210 -0.01578060 0.02450000
v 0.02697130 -0.01622710 0.02450000
v 0.02697130 -0.01622710 0.02450000
v 0.02545910 -0.01854960 0.02450000
v 0.02545910 -0.01854960 0.02450000
v 0.02505590 -0.01904590 0.02450000
v 0.02505590 -0.01904590 0.02450000
v 0.02337590 -0.02111440 0.02450000
v 0.02337590 -0.02111440 0.02450000
v 0.02284750 -0.02164110 0.02450000
v 0.02284750 -0.02164110 0.02450000
v 0.02103550 -0.02344690 0.02450000
v 0.02103550 -0.02344690 0.02450000
v 0.02037180 -0.02398230 0.02450000
v 0.02037180 -0.02398230 0.02450000
v 0.01846370 -0.02552140 0.02450000
v 0.01846370 -0.02552140 0.02450000
v 0.01765800 -0.02604220 0.02450000
v 0.01765800 -0.02604220 0.02450000
v 0.01568870 -0.02731510 0.02450000
v 0.01568870 -0.02731510 0.02450000
v 0.01473770 -0.02779680 0.02450000
v 0.01473770 -0.02779680 0.02450000
v 0.01274100 -0.02880830 0.02450000
v 0.01274100 -0.02880830 0.02450000
v 0.00913753 -0.03014560 0.02455210
v 0.00913753 -0.03014560 0.02455210
v 0.00889022 -0.03021940 0.02461540
v 0.00889022 -0.03021940 0.02461540
v 0.00879186 -0.03024820 0.02464810
v 0.00879186 -0.03024820 0.02464810
v 0.00939184 -0.03006730 0.02451330
v 0.00939184 -0.03006730 0.02451330
v 0.01164520 -0.02922570 0.02450000
v 0.01164520 -0.02922570 0.02450000
v 0.00965323 -0.02998440 0.02450000
v 0.00965323 -0.02998440 0.02450000
v 0.00965323 -0.02998440 0.02450000
v 0.00855625 -0.03031570 0.02474510
v 0.00855625 -0.03031570 0.02474510
v 0.00667241 -0.03078520 0.02541120
v 0.00667241 -0.03078520 0.02541120
v 0.00573576 -0.03095870 0.02530460
v 0.00573576 -0.03095870 0.02530460
v 0.00733291 -0.03063210 0.02554580
v 0.00733291 -0.03063210 0.02554580
v 0.00767353 -0.03055110 0.02543340
v 0.00767353 -0.03055110 0.02543340
v 0.00755482 -0.03058060 0.02559100
v 0.00755482 -0.03058060 0.02559100
v 0.00755482 -0.03058060 0.02559100
v 0.00783716 -0.03050950 0.02525190
v 0.00783716 -0.03050950 0.02525190
v 0.00833548 -0.03037710 0.02486270
v 0.00833548 -0.03037710 0.02486270
v 0.00812906 -0.03043300 0.02500000
v 0.00812906 -0.03043300 0.02500000
v 0.00802104 -0.03046170 0.02508430
v 0.00802104 -0.03046170 0.02508430
v 0.00842709 -0.03035160 0.02481390
v 0.00842709 -0.03035160 0.02481390
v 0.00336016 -0.03132030 0.02511910
v 0.00336016 -0.03132030 0.02511910
v 0.00479911 -0.03113230 0.02519800
v 0.00479911 -0.03113230 0.02519800
v 0.00509474 -0.03107750 0.02523170
v 0.00509474 -0.03107750 0.02523170
v 0.00000013 -0.03150000 0.02506350
v 0.00000013 -0.03150000 0.02506350
v 0.00170538 -0.03145380 0.02507600
v 0.00170538 -0.03145380 0.02507600
v -0.00336016 -0.03132030 0.02511910
v -0.00336016 -0.03132030 0.02511910
v -0.00473936 -0.03113340 0.02520050
v -0.00473936 -0.03113340 0.02520050
v -0.00170538 -0.03145380 0.02507600
v -0.00170538 -0.03145380 0.02507600
v -0.00509613 -0.03108500 0.02522160
v -0.00509613 -0.03108500 0.02522160
v -0.00667241 -0.03078520 0.02541120
v -0.00667241 -0.03078520 0.02541120
v -0.00733291 -0.03063210 0.02554580
v -0.00733291 -0.03063210 0.02554580
v -0.00576718 -0.03095740 0.02530230
v -0.00576718 -0.03095740 0.02530230
v -0.00667241 0.03078520 0.02541120
v -0.00667241 0.03078520 0.02541120
v -0.00573576 0.03095870 0.02530460
v -0.00573576 0.03095870 0.02530460
v -0.00733291 0.03063210 0.02554580
v -0.00733291 0.03063210 0.02554580
v -0.00336016 0.03132030 0.02511910
v -0.00336016 0.03132030 0.02511910
v -0.00479911 0.03113230 0.02519800
v -0.00479911 0.03113230 0.02519800
v -0.00509474 0.03107750 0.02523170
v -0.00509474 0.03107750 0.02523170
v -0.00000013 0.03150000 0.02506350
v -0.00000013 0.03150000 0.02506350
v -0.00170538 0.03145380 0.02507600
v -0.00170538 0.03145380 0.02507600
v 0.00336016 0.03132030 0.02511910
v 0.00336016 0.03132030 0.02511910
v 0.00473936 0.03113340 0.02520050
v 0.00473936 0.03113340 0.02520050
v 0.00170538 0.03145380 0.02507600
v 0.00170538 0.03145380 0.02507600
v 0.00833548 0.03037710 0.02486270
v 0.00833548 0.03037710 0.02486270
v 0.00842709 0.03035160 0.02481390
v 0.00842709 0.03035160 0.02481390
v 0.00802104 0.03046170 0.02508430
v 0.00802104 0.03046170 0.02508430
v 0.00812906 0.03043300 0.02500000
v 0.00812906 0.03043300 0.02500000
v 0.00783716 0.03050950 0.02525190
v 0.00783716 0.03050950 0.02525190
v 0.00509613 0.03108500 0.02522160
v 0.00509613 0.03108500 0.02522160
v 0.00767353 0.03055110 0.02543340
v 0.00767353 0.03055110 0.02543340
v 0.00667241 0.03078520 0.02541120
v 0.00667241 0.03078520 0.02541120
v 0.00733291 0.03063210 0.02554580
v 0.00733291 0.03063210 0.02554580
v 0.00576718 0.03095740 0.02530230
v 0.00576718 0.03095740 0.02530230
v 0.00755482 0.03058060 0.02559100
v 0.00755482 0.03058060 0.02559100
v 0.00755482 0.03058060 0.02559100
v 0.00965323 0.02998440 0.02450000
v 0.00965323 0.02998440 0.02450000
v 0.00965323 0.02998440 0.02450000
v 0.00939184 0.03006730 0.02451330
v 0.00939184 0.03006730 0.02451330
v 0.00879186 0.03024820 0.02464810
v 0.00879186 0.03024820 0.02464810
v 0.00889022 0.03021940 0.02461540
v 0.00889022 0.03021940 0.02461540
v 0.00855625 0.03031570 0.02474510
v 0.00855625 0.03031570 0.02474510
v 0.00913753 0.03014560 0.02455210
v 0.00913753 0.03014560 0.02455210
v 0.00965239 0.02998180 0.02455230
v 0.00965239 0.02998180 0.02455230
v 0.00964988 0.02997400 0.02460400
v 0.00964988 0.02997400 0.02460400
v 0.00964573 0.02996110 0.02465450
v 0.00964573 0.02996110 0.02465450
v 0.00963998 0.02994330 0.02470340
v 0.00963998 0.02994330 0.02470340
v 0.00963270 0.02992070 0.02475000
v 0.00963270 0.02992070 0.02475000
v 0.00962396 0.02989350 0.02479390
v 0.00962396 0.02989350 0.02479390
v 0.00961387 0.02986220 0.02483460
v 0.00961387 0.02986220 0.02483460
v 0.00960253 0.02982690 0.02487160
v 0.00960253 0.02982690 0.02487160
v 0.00959006 0.02978820 0.02490450
v 0.00959006 0.02978820 0.02490450
v 0.00957661 0.02974640 0.02493300
v 0.00957661 0.02974640 0.02493300
v 0.00956232 0.02970210 0.02495680
v 0.00956232 0.02970210 0.02495680
v 0.00954735 0.02965550 0.02497550
v 0.00954735 0.02965550 0.02497550
v 0.00953186 0.02960740 0.02498910
v 0.00953186 0.02960740 0.02498910
v 0.00951602 0.02955820 0.02499730
v 0.00951602 0.02955820 0.02499730
v 0.00929421 0.02959010 0.02501060
v 0.00929421 0.02959010 0.02501060
v 0.00909399 0.02966710 0.02504160
v 0.00909399 0.02966710 0.02504160
v 0.00929097 0.02959130 0.02501110
v 0.00929097 0.02959130 0.02501110
v 0.00889929 0.02973980 0.02509230
v 0.00889929 0.02973980 0.02509230
v 0.00908430 0.02967070 0.02504420
v 0.00908430 0.02967070 0.02504420
v 0.00882185 0.02976810 0.02511850
v 0.00882185 0.02976810 0.02511850
v 0.00888206 0.02974610 0.02509820
v 0.00888206 0.02974610 0.02509820
v 0.00868731 0.02981620 0.02517480
v 0.00868731 0.02981620 0.02517480
v 0.00863635 0.02983450 0.02519610
v 0.00863635 0.02983450 0.02519610
v 0.00850080 0.02988160 0.02526940
v 0.00850080 0.02988160 0.02526940
v 0.00846254 0.02989490 0.02529010
v 0.00846254 0.02989490 0.02529010
v 0.00832513 0.02994150 0.02538300
v 0.00832513 0.02994150 0.02538300
v 0.00830002 0.02995000 0.02540000
v 0.00830002 0.02995000 0.02540000
v 0.00821498 0.02997810 0.02546740
v 0.00821498 0.02997810 0.02546740
v 0.00807021 0.03002520 0.02560150
v 0.00807021 0.03002520 0.02560150
v 0.00816326 0.02999500 0.02551540
v 0.00816326 0.02999500 0.02551540
v 0.00794138 0.03006610 0.02574670
v 0.00794138 0.03006610 0.02574670
v 0.00801543 0.03004260 0.02566330
v 0.00801543 0.03004260 0.02566330
v 0.00782794 0.03010140 0.02590260
v 0.00782794 0.03010140 0.02590260
v 0.00788385 0.03008400 0.02582580
v 0.00788385 0.03008400 0.02582580
v 0.00777156 0.03011860 0.02599380
v 0.00777156 0.03011860 0.02599380
v 0.00758973 0.03057070 0.02560100
v 0.00758973 0.03057070 0.02560100
v 0.00759929 0.03056720 0.02560460
v 0.00759929 0.03056720 0.02560460
v 0.00762247 0.03055870 0.02561340
v 0.00762247 0.03055870 0.02561340
v 0.00763999 0.03055070 0.02562190
v 0.00763999 0.03055070 0.02562190
v 0.00765180 0.03054520 0.02562760
v 0.00765180 0.03054520 0.02562760
v 0.00767616 0.03053140 0.02564230
v 0.00767616 0.03053140 0.02564230
v 0.00769802 0.03051630 0.02565880
v 0.00769802 0.03051630 0.02565880
v 0.00767650 0.03053120 0.02564260
v 0.00767650 0.03053120 0.02564260
v 0.00772278 0.03049480 0.02568310
v 0.00772278 0.03049480 0.02568310
v 0.00772836 0.03048850 0.02569030
v 0.00772836 0.03048850 0.02569030
v 0.00770615 0.03050990 0.02566600
v 0.00770615 0.03050990 0.02566600
v 0.00773717 0.03047870 0.02570160
v 0.00773717 0.03047870 0.02570160
v 0.00774939 0.03046170 0.02572180
v 0.00774939 0.03046170 0.02572180
v 0.00773300 0.03048340 0.02569630
v 0.00773300 0.03048340 0.02569630
v 0.00775245 0.03045670 0.02572790
v 0.00775245 0.03045670 0.02572790
v 0.00776183 0.03043820 0.02575070
v 0.00776183 0.03043820 0.02575070
v 0.00776869 0.03041870 0.02577550
v 0.00776869 0.03041870 0.02577550
v 0.00777296 0.03039820 0.02580250
v 0.00777296 0.03039820 0.02580250
v 0.00776598 0.03042640 0.02576570
v 0.00776598 0.03042640 0.02576570
v 0.00777315 0.03039530 0.02580640
v 0.00777315 0.03039530 0.02580640
v 0.00777391 0.03038420 0.02582140
v 0.00777391 0.03038420 0.02582140
v 0.00777445 0.03037640 0.02583220
v 0.00777445 0.03037640 0.02583220
v 0.00777393 0.03036300 0.02585100
v 0.00777393 0.03036300 0.02585100
v 0.00777392 0.03036280 0.02585130
v 0.00777392 0.03036280 0.02585130
v 0.00777391 0.03036270 0.02585150
v 0.00777391 0.03036270 0.02585150
v 0.00776891 0.03033210 0.02589640
v 0.00776891 0.03033210 0.02589640
v 0.00775809 0.03029910 0.02594790
v 0.00775809 0.03029910 0.02594790
v 0.00775596 0.03029470 0.02595530
v 0.00775596 0.03029470 0.02595530
v 0.00775481 0.03029230 0.02595930
v 0.00775481 0.03029230 0.02595930
v 0.00774246 0.03026670 0.02600220
v 0.00774246 0.03026670 0.02600220
v 0.00773775 0.03025970 0.02601520
v 0.00773775 0.03025970 0.02601520
v 0.00773464 0.03025500 0.02602390
v 0.00773464 0.03025500 0.02602390
v 0.00770627 0.03021260 0.02610260
v 0.00770627 0.03021260 0.02610260
v 0.00768535 0.03018920 0.02615370
v 0.00768535 0.03018920 0.02615370
v 0.00768268 0.03014550 0.02616490
v 0.00768268 0.03014550 0.02616490
v 0.00776825 0.03011960 0.02600020
v 0.00776825 0.03011960 0.02600020
v 0.00768272 0.03018620 0.02616020
v 0.00768272 0.03018620 0.02616020
v 0.00766368 0.03016480 0.02620670
v 0.00766368 0.03016480 0.02620670
v 0.00767317 0.03014830 0.02618660
v 0.00767317 0.03014830 0.02618660
v 0.00765405 0.03015410 0.02623030
v 0.00765405 0.03015410 0.02623030
v 0.00765405 0.03015410 0.02623030
v 0.00939586 0.03006330 0.02456430
v 0.00939827 0.03005430 0.02461470
v 0.00939904 0.03004040 0.02466410
v 0.00939817 0.03002180 0.02471190
v 0.00939565 0.02999860 0.02475760
v 0.00939153 0.02997110 0.02480080
v 0.00938584 0.02993960 0.02484090
v 0.00937865 0.02990440 0.02487750
v 0.00937002 0.02986600 0.02491040
v 0.00936005 0.02982460 0.02493900
v 0.00934885 0.02978070 0.02496320
v 0.00933653 0.02973480 0.02498260
v 0.00932322 0.02968740 0.02499710
v 0.00930906 0.02963900 0.02500640
v 0.00914616 0.03014030 0.02460140
v 0.00915324 0.03013020 0.02465030
v 0.00915868 0.03011550 0.02469810
v 0.00916244 0.03009610 0.02474450
v 0.00916447 0.03007250 0.02478890
v 0.00916475 0.03004470 0.02483090
v 0.00916329 0.03001300 0.02487010
v 0.00916009 0.02997790 0.02490600
v 0.00915519 0.02993960 0.02493840
v 0.00914864 0.02989850 0.02496680
v 0.00914051 0.02985510 0.02499110
v 0.00913087 0.02980980 0.02501080
v 0.00911983 0.02976300 0.02502590
v 0.00910749 0.02971530 0.02503630
v 0.00890325 0.03021300 0.02466280
v 0.00891477 0.03020200 0.02470960
v 0.00892466 0.03018650 0.02475560
v 0.00893283 0.03016650 0.02480020
v 0.00893920 0.03014240 0.02484290
v 0.00894370 0.03011430 0.02488350
v 0.00894630 0.03008260 0.02492140
v 0.00894696 0.03004750 0.02495630
v 0.00894568 0.03000930 0.02498780
v 0.00894248 0.02996860 0.02501570
v 0.00893738 0.02992560 0.02503970
v 0.00893043 0.02988070 0.02505960
v 0.00892171 0.02983450 0.02507500
v 0.00891129 0.02978740 0.02508600
v 0.00880661 0.03024140 0.02469450
v 0.00881987 0.03023000 0.02474050
v 0.00883151 0.03021410 0.02478560
v 0.00884142 0.03019400 0.02482930
v 0.00884949 0.03016970 0.02487130
v 0.00885566 0.03014150 0.02491110
v 0.00885986 0.03010970 0.02494840
v 0.00886205 0.03007460 0.02498280
v 0.00886221 0.03003660 0.02501400
v 0.00886034 0.02999590 0.02504160
v 0.00885646 0.02995300 0.02506540
v 0.00885061 0.02990840 0.02508510
v 0.00884283 0.02986240 0.02510070
v 0.00883321 0.02981540 0.02511180
v 0.00857509 0.03030790 0.02478900
v 0.00859248 0.03029570 0.02483250
v 0.00860826 0.03027920 0.02487520
v 0.00862228 0.03025850 0.02491670
v 0.00863440 0.03023390 0.02495660
v 0.00864452 0.03020540 0.02499450
v 0.00865253 0.03017350 0.02503000
v 0.00865837 0.03013850 0.02506290
v 0.00866198 0.03010050 0.02509280
v 0.00866332 0.03006010 0.02511940
v 0.00866238 0.03001760 0.02514250
v 0.00865918 0.02997330 0.02516190
v 0.00865373 0.02992780 0.02517740
v 0.00864610 0.02988140 0.02518880
v 0.00835811 0.03036860 0.02490380
v 0.00837932 0.03035570 0.02494460
v 0.00839893 0.03033860 0.02498470
v 0.00841675 0.03031740 0.02502360
v 0.00843262 0.03029240 0.02506110
v 0.00844640 0.03026380 0.02509670
v 0.00845796 0.03023180 0.02513020
v 0.00846720 0.03019680 0.02516130
v 0.00847403 0.03015900 0.02518970
v 0.00847839 0.03011870 0.02521500
v 0.00848024 0.03007650 0.02523720
v 0.00847956 0.03003260 0.02525590
v 0.00847636 0.02998740 0.02527110
v 0.00847067 0.02994140 0.02528250
v 0.00815519 0.03042370 0.02503810
v 0.00817994 0.03041020 0.02507590
v 0.00820309 0.03039260 0.02511310
v 0.00822443 0.03037110 0.02514920
v 0.00824378 0.03034580 0.02518400
v 0.00826096 0.03031700 0.02521710
v 0.00827581 0.03028500 0.02524840
v 0.00828822 0.03024990 0.02527740
v 0.00829805 0.03021220 0.02530390
v 0.00830524 0.03017220 0.02532780
v 0.00830971 0.03013010 0.02534870
v 0.00831143 0.03008650 0.02536660
v 0.00831038 0.03004170 0.02538110
v 0.00830656 0.02999600 0.02539230
v 0.00804899 0.03045200 0.02512070
v 0.00807558 0.03043820 0.02515670
v 0.00810057 0.03042040 0.02519210
v 0.00812374 0.03039870 0.02522660
v 0.00814490 0.03037330 0.02525980
v 0.00816384 0.03034440 0.02529150
v 0.00818042 0.03031230 0.02532130
v 0.00819447 0.03027720 0.02534910
v 0.00820588 0.03023960 0.02537450
v 0.00821455 0.03019960 0.02539740
v 0.00822041 0.03015770 0.02541750
v 0.00822339 0.03011420 0.02543480
v 0.00822347 0.03006950 0.02544890
v 0.00822066 0.03002400 0.02545980
v 0.00786820 0.03049930 0.02528480
v 0.00789790 0.03048500 0.02531750
v 0.00792601 0.03046680 0.02534960
v 0.00795229 0.03044480 0.02538080
v 0.00797650 0.03041910 0.02541090
v 0.00799844 0.03039010 0.02543970
v 0.00801793 0.03035790 0.02546680
v 0.00803479 0.03032290 0.02549210
v 0.00804888 0.03028530 0.02551530
v 0.00806007 0.03024540 0.02553630
v 0.00806828 0.03020370 0.02555480
v 0.00807343 0.03016050 0.02557070
v 0.00807547 0.03011600 0.02558390
v 0.00807440 0.03007080 0.02559420
v 0.00770730 0.03054040 0.02546270
v 0.00773976 0.03052570 0.02549180
v 0.00777064 0.03050720 0.02552040
v 0.00779966 0.03048490 0.02554820
v 0.00782658 0.03045900 0.02557510
v 0.00785118 0.03042990 0.02560070
v 0.00787325 0.03039770 0.02562500
v 0.00789260 0.03036260 0.02564760
v 0.00790906 0.03032510 0.02566840
v 0.00792251 0.03028540 0.02568730
v 0.00793282 0.03024380 0.02570400
v 0.00793991 0.03020070 0.02571840
v 0.00794371 0.03015650 0.02573040
v 0.00794421 0.03011150 0.02573980
v 0.00778589 0.03035950 0.02583330
v 0.00780132 0.03031980 0.02584990
v 0.00781348 0.03027840 0.02586460
v 0.00782229 0.03023540 0.02587730
v 0.00782766 0.03019140 0.02588790
v 0.00782955 0.03014660 0.02589640
v 0.00776381 0.03025240 0.02597030
v 0.00776996 0.03020840 0.02598010
v 0.00777255 0.03016370 0.02598800
v 0.00965239 -0.02998180 0.02455230
v 0.00965239 -0.02998180 0.02455230
v 0.00964988 -0.02997400 0.02460400
v 0.00964988 -0.02997400 0.02460400
v 0.00964573 -0.02996110 0.02465450
v 0.00964573 -0.02996110 0.02465450
v 0.00963998 -0.02994330 0.02470340
v 0.00963998 -0.02994330 0.02470340
v 0.00963270 -0.02992070 0.02475000
v 0.00963270 -0.02992070 0.02475000
v 0.00962396 -0.02989350 0.02479390
v 0.00962396 -0.02989350 0.02479390
v 0.00961387 -0.02986220 0.02483460
v 0.00961387 -0.02986220 0.02483460
v 0.00960253 -0.02982690 0.02487160
v 0.00960253 -0.02982690 0.02487160
v 0.00959006 -0.02978820 0.02490450
v 0.00959006 -0.02978820 0.02490450
v 0.00957661 -0.02974640 0.02493300
v 0.00957661 -0.02974640 0.02493300
v 0.00956232 -0.02970210 0.02495680
v 0.00956232 -0.02970210 0.02495680
v 0.00954735 -0.02965550 0.02497550
v 0.00954735 -0.02965550 0.02497550
v 0.00953186 -0.02960740 0.02498910
v 0.00953186 -0.02960740 0.02498910
v 0.00951602 -0.02955820 0.02499730
v 0.00951602 -0.02955820 0.02499730
v 0.01273990 -0.02880580 0.02455230
v 0.01568730 -0.02731270 0.02455230
v 0.01846210 -0.02551920 0.02455230
v 0.02103370 -0.02344490 0.02455230
v 0.02337380 -0.02111260 0.02455230
v 0.02545680 -0.01854800 0.02455230
v 0.02725970 -0.01577930 0.02455230
v 0.02876270 -0.01283690 0.02455230
v 0.02994910 -0.00975338 0.02455230
v 0.03080600 -0.00656249 0.02455230
v 0.03132400 -0.00329940 0.02455230
v 0.03149730 -0.00000000 0.02455230
v 0.03080600 0.00656249 0.02455230
v 0.03132400 0.00329940 0.02455230
v 0.02994910 0.00975338 0.02455230
v 0.02876270 0.01283690 0.02455230
v 0.02725970 0.01577930 0.02455230
v 0.02545680 0.01854800 0.02455230
v 0.02337380 0.02111260 0.02455230
v 0.02103370 0.02344490 0.02455230
v 0.01846210 0.02551920 0.02455230
v 0.01568730 0.02731270 0.02455230
v 0.01273990 0.02880580 0.02455230
v 0.01273660 -0.02879830 0.02460400
v 0.01568320 -0.02730560 0.02460400
v 0.01845730 -0.02551260 0.02460400
v 0.02102820 -0.02343880 0.02460400
v 0.02336780 -0.02110710 0.02460400
v 0.02545020 -0.01854310 0.02460400
v 0.02725260 -0.01577520 0.02460400
v 0.02875520 -0.01283360 0.02460400
v 0.02994130 -0.00975084 0.02460400
v 0.03079800 -0.00656079 0.02460400
v 0.03131580 -0.00329854 0.02460400
v 0.03148910 -0.00000000 0.02460400
v 0.03131580 0.00329854 0.02460400
v 0.03079800 0.00656079 0.02460400
v 0.02994130 0.00975084 0.02460400
v 0.02875520 0.01283360 0.02460400
v 0.02725260 0.01577520 0.02460400
v 0.02545020 0.01854310 0.02460400
v 0.02336780 0.02110710 0.02460400
v 0.02102820 0.02343880 0.02460400
v 0.01845730 0.02551260 0.02460400
v 0.01568320 0.02730560 0.02460400
v 0.01273660 0.02879830 0.02460400
v 0.01273110 -0.02878590 0.02465450
v 0.01567650 -0.02729390 0.02465450
v 0.01844930 -0.02550160 0.02465450
v 0.02101920 -0.02342870 0.02465450
v 0.02335770 -0.02109800 0.02465450
v 0.02543930 -0.01853520 0.02465450
v 0.02724090 -0.01576840 0.02465450
v 0.02874280 -0.01282810 0.02465450
v 0.02992840 -0.00974665 0.02465450
v 0.03078480 -0.00655796 0.02465450
v 0.03130240 -0.00329712 0.02465450
v 0.03147550 -0.00000000 0.02465450
v 0.03130240 0.00329712 0.02465450
v 0.03078480 0.00655796 0.02465450
v 0.02992840 0.00974665 0.02465450
v 0.02874280 0.01282810 0.02465450
v 0.02724090 0.01576840 0.02465450
v 0.02543930 0.01853520 0.02465450
v 0.02335770 0.02109800 0.02465450
v 0.02101920 0.02342870 0.02465450
v 0.01844930 0.02550160 0.02465450
v 0.01567650 0.02729390 0.02465450
v 0.01273110 0.02878590 0.02465450
v 0.01272360 -0.02876870 0.02470340
v 0.01566710 -0.02727760 0.02470340
v 0.01843830 -0.02548640 0.02470340
v 0.02100660 -0.02341470 0.02470340
v 0.02334380 -0.02108540 0.02470340
v 0.02542410 -0.01852410 0.02470340
v 0.02722470 -0.01575900 0.02470340
v 0.02872570 -0.01282040 0.02470340
v 0.02991060 -0.00974084 0.02470340
v 0.03076640 -0.00655406 0.02470340
v 0.03128370 -0.00329516 0.02470340
v 0.03145680 -0.00000000 0.02470340
v 0.03128370 0.00329516 0.02470340
v 0.03076640 0.00655406 0.02470340
v 0.02991060 0.00974084 0.02470340
v 0.02872570 0.01282040 0.02470340
v 0.02722470 0.01575900 0.02470340
v 0.02542410 0.01852410 0.02470340
v 0.02334380 0.02108540 0.02470340
v 0.02100660 0.02341470 0.02470340
v 0.01843830 0.02548640 0.02470340
v 0.01566710 0.02727760 0.02470340
v 0.01272360 0.02876870 0.02470340
v 0.01271390 -0.02874700 0.02475000
v 0.01565530 -0.02725700 0.02475000
v 0.01842440 -0.02546720 0.02475000
v 0.02099080 -0.02339700 0.02475000
v 0.02332620 -0.02106950 0.02475000
v 0.02540490 -0.01851010 0.02475000
v 0.02720410 -0.01574710 0.02475000
v 0.02870400 -0.01281080 0.02475000
v 0.02988800 -0.00973348 0.02475000
v 0.03074320 -0.00654911 0.02475000
v 0.03126010 -0.00329267 0.02475000
v 0.03143300 -0.00000000 0.02475000
v 0.03126010 0.00329267 0.02475000
v 0.03074320 0.00654911 0.02475000
v 0.02988800 0.00973348 0.02475000
v 0.02870400 0.01281080 0.02475000
v 0.02720410 0.01574710 0.02475000
v 0.02540490 0.01851010 0.02475000
v 0.02332620 0.02106950 0.02475000
v 0.02099080 0.02339700 0.02475000
v 0.01842440 0.02546720 0.02475000
v 0.01565530 0.02725700 0.02475000
v 0.01271390 0.02874700 0.02475000
v 0.01270240 -0.02872090 0.02479390
v 0.01564110 -0.02723230 0.02479390
v 0.01840770 -0.02544410 0.02479390
v 0.02097170 -0.02337580 0.02479390
v 0.02330500 -0.02105040 0.02479390
v 0.02538190 -0.01849330 0.02479390
v 0.02717940 -0.01573280 0.02479390
v 0.02867800 -0.01279910 0.02479390
v 0.02986090 -0.00972466 0.02479390
v 0.03071530 -0.00654317 0.02479390
v 0.03123170 -0.00328968 0.02479390
v 0.03140450 -0.00000000 0.02479390
v 0.03123170 0.00328968 0.02479390
v 0.03071530 0.00654317 0.02479390
v 0.02986090 0.00972466 0.02479390
v 0.02867800 0.01279910 0.02479390
v 0.02717940 0.01573280 0.02479390
v 0.02538190 0.01849330 0.02479390
v 0.02330500 0.02105040 0.02479390
v 0.02097170 0.02337580 0.02479390
v 0.01840770 0.02544410 0.02479390
v 0.01564110 0.02723230 0.02479390
v 0.01270240 0.02872090 0.02479390
v 0.01268910 -0.02869080 0.02483460
v 0.01562470 -0.02720380 0.02483460
v 0.01838840 -0.02541740 0.02483460
v 0.02094970 -0.02335130 0.02483460
v 0.02328060 -0.02102830 0.02483460
v 0.02535530 -0.01847390 0.02483460
v 0.02715090 -0.01571630 0.02483460
v 0.02864790 -0.01278570 0.02483460
v 0.02982960 -0.00971446 0.02483460
v 0.03068310 -0.00653631 0.02483460
v 0.03119900 -0.00328623 0.02483460
v 0.03137160 -0.00000000 0.02483460
v 0.03119900 0.00328623 0.02483460
v 0.03068310 0.00653631 0.02483460
v 0.02982960 0.00971446 0.02483460
v 0.02864790 0.01278570 0.02483460
v 0.02715090 0.01571630 0.02483460
v 0.02535530 0.01847390 0.02483460
v 0.02328060 0.02102830 0.02483460
v 0.02094970 0.02335130 0.02483460
v 0.01838840 0.02541740 0.02483460
v 0.01562470 0.02720380 0.02483460
v 0.01268910 0.02869080 0.02483460
v 0.01267410 -0.02865700 0.02487160
v 0.01560630 -0.02717170 0.02487160
v 0.01836670 -0.02538740 0.02487160
v 0.02092500 -0.02332380 0.02487160
v 0.02325310 -0.02100350 0.02487160
v 0.02532530 -0.01845220 0.02487160
v 0.02711890 -0.01569780 0.02487160
v 0.02861410 -0.01277060 0.02487160
v 0.02979440 -0.00970300 0.02487160
v 0.03064690 -0.00652859 0.02487160
v 0.03116220 -0.00328236 0.02487160
v 0.03133460 -0.00000000 0.02487160
v 0.03116220 0.00328236 0.02487160
v 0.03064690 0.00652859 0.02487160
v 0.02979440 0.00970300 0.02487160
v 0.02861410 0.01277060 0.02487160
v 0.02711890 0.01569780 0.02487160
v 0.02532530 0.01845220 0.02487160
v 0.02325310 0.02100350 0.02487160
v 0.02092500 0.02332380 0.02487160
v 0.01836670 0.02538740 0.02487160
v 0.01560630 0.02717170 0.02487160
v 0.01267410 0.02865700 0.02487160
v 0.01265770 -0.02861980 0.02490450
v 0.01558600 -0.02713640 0.02490450
v 0.01834290 -0.02535440 0.02490450
v 0.02089790 -0.02329350 0.02490450
v 0.02322290 -0.02097630 0.02490450
v 0.02529250 -0.01842820 0.02490450
v 0.02708370 -0.01567740 0.02490450
v 0.02857690 -0.01275410 0.02490450
v 0.02975570 -0.00969040 0.02490450
v 0.03060710 -0.00652012 0.02490450
v 0.03112170 -0.00327810 0.02490450
v 0.03129390 -0.00000000 0.02490450
v 0.03112170 0.00327810 0.02490450
v 0.03060710 0.00652012 0.02490450
v 0.02975570 0.00969040 0.02490450
v 0.02857690 0.01275410 0.02490450
v 0.02708370 0.01567740 0.02490450
v 0.02529250 0.01842820 0.02490450
v 0.02322290 0.02097630 0.02490450
v 0.02089790 0.02329350 0.02490450
v 0.01834290 0.02535440 0.02490450
v 0.01558600 0.02713640 0.02490450
v 0.01265770 0.02861980 0.02490450
v 0.01263990 -0.02857960 0.02493300
v 0.01556420 -0.02709830 0.02493300
v 0.01831710 -0.02531890 0.02493300
v 0.02086860 -0.02326080 0.02493300
v 0.02319040 -0.02094680 0.02493300
v 0.02525700 -0.01840240 0.02493300
v 0.02704570 -0.01565540 0.02493300
v 0.02853690 -0.01273620 0.02493300
v 0.02971400 -0.00967681 0.02493300
v 0.03056420 -0.00651098 0.02493300
v 0.03107810 -0.00327350 0.02493300
v 0.03125000 -0.00000000 0.02493300
v 0.03107810 0.00327350 0.02493300
v 0.03056420 0.00651098 0.02493300
v 0.02971400 0.00967681 0.02493300
v 0.02853690 0.01273620 0.02493300
v 0.02704570 0.01565540 0.02493300
v 0.02525700 0.01840240 0.02493300
v 0.02319040 0.02094680 0.02493300
v 0.02086860 0.02326080 0.02493300
v 0.01831710 0.02531890 0.02493300
v 0.01556420 0.02709830 0.02493300
v 0.01263990 0.02857960 0.02493300
v 0.01262110 -0.02853700 0.02495680
v 0.01554090 -0.02705790 0.02495680
v 0.01828980 -0.02528110 0.02495680
v 0.02083740 -0.02322610 0.02495680
v 0.02315580 -0.02091560 0.02495680
v 0.02521930 -0.01837490 0.02495680
v 0.02700540 -0.01563200 0.02495680
v 0.02849430 -0.01271720 0.02495680
v 0.02966970 -0.00966237 0.02495680
v 0.03051860 -0.00650126 0.02495680
v 0.03103170 -0.00326861 0.02495680
v 0.03120340 -0.00000000 0.02495680
v 0.03103170 0.00326861 0.02495680
v 0.03051860 0.00650126 0.02495680
v 0.02966970 0.00966237 0.02495680
v 0.02849430 0.01271720 0.02495680
v 0.02700540 0.01563200 0.02495680
v 0.02521930 0.01837490 0.02495680
v 0.02315580 0.02091560 0.02495680
v 0.02083740 0.02322610 0.02495680
v 0.01828980 0.02528110 0.02495680
v 0.01554090 0.02705790 0.02495680
v 0.01262110 0.02853700 0.02495680
v 0.01260130 -0.02849230 0.02497550
v 0.01551660 -0.02701550 0.02497550
v 0.01826120 -0.02524150 0.02497550
v 0.02080480 -0.02318970 0.02497550
v 0.02311950 -0.02088280 0.02497550
v 0.02517980 -0.01834610 0.02497550
v 0.02696310 -0.01560760 0.02497550
v 0.02844970 -0.01269730 0.02497550
v 0.02962320 -0.00964724 0.02497550
v 0.03047080 -0.00649108 0.02497550
v 0.03098310 -0.00326349 0.02497550
v 0.03115450 -0.00000000 0.02497550
v 0.03098310 0.00326349 0.02497550
v 0.03047080 0.00649108 0.02497550
v 0.02962320 0.00964724 0.02497550
v 0.02844970 0.01269730 0.02497550
v 0.02696310 0.01560760 0.02497550
v 0.02517980 0.01834610 0.02497550
v 0.02311950 0.02088280 0.02497550
v 0.02080480 0.02318970 0.02497550
v 0.01826120 0.02524150 0.02497550
v 0.01551660 0.02701550 0.02497550
v 0.01260130 0.02849230 0.02497550
v 0.01258090 -0.02844610 0.02498910
v 0.01549140 -0.02697170 0.02498910
v 0.01823150 -0.02520050 0.02498910
v 0.02077100 -0.02315210 0.02498910
v 0.02308200 -0.02084890 0.02498910
v 0.02513900 -0.01831640 0.02498910
v 0.02691930 -0.01558220 0.02498910
v 0.02840350 -0.01267670 0.02498910
v 0.02957510 -0.00963159 0.02498910
v 0.03042140 -0.00648055 0.02498910
v 0.03093280 -0.00325820 0.02498910
v 0.03110400 -0.00000000 0.02498910
v 0.03093280 0.00325820 0.02498910
v 0.03042140 0.00648055 0.02498910
v 0.02957510 0.00963159 0.02498910
v 0.02840350 0.01267670 0.02498910
v 0.02691930 0.01558220 0.02498910
v 0.02513900 0.01831640 0.02498910
v 0.02308200 0.02084890 0.02498910
v 0.02077100 0.02315210 0.02498910
v 0.01823150 0.02520050 0.02498910
v 0.01549140 0.02697170 0.02498910
v 0.01258090 0.02844610 0.02498910
v 0.01255990 -0.02839880 0.02499730
v 0.01546570 -0.02692690 0.02499730
v 0.01820120 -0.02515870 0.02499730
v 0.02073650 -0.02311360 0.02499730
v 0.02304360 -0.02081430 0.02499730
v 0.02509720 -0.01828590 0.02499730
v 0.02687460 -0.01555630 0.02499730
v 0.02835630 -0.01265560 0.02499730
v 0.02952600 -0.00961558 0.02499730
v 0.03037080 -0.00646978 0.02499730
v 0.03088140 -0.00325278 0.02499730
v 0.03105230 -0.00000000 0.02499730
v 0.03088140 0.00325278 0.02499730
v 0.03037080 0.00646978 0.02499730
v 0.02952600 0.00961558 0.02499730
v 0.02835630 0.01265560 0.02499730
v 0.02687460 0.01555630 0.02499730
v 0.02509720 0.01828590 0.02499730
v 0.02304360 0.02081430 0.02499730
v 0.02073650 0.02311360 0.02499730
v 0.01820120 0.02515870 0.02499730
v 0.01546570 0.02692690 0.02499730
v 0.01255990 0.02839880 0.02499730
v 0.00929421 -0.02959010 0.02501060
v 0.00929421 -0.02959010 0.02501060
v 0.00929097 -0.02959130 0.02501110
v 0.00929097 -0.02959130 0.02501110
v 0.00909399 -0.02966710 0.02504160
v 0.00909399 -0.02966710 0.02504160
v 0.00908430 -0.02967070 0.02504420
v 0.00908430 -0.02967070 0.02504420
v 0.00888206 -0.02974610 0.02509820
v 0.00888206 -0.02974610 0.02509820
v 0.00889929 -0.02973980 0.02509230
v 0.00889929 -0.02973980 0.02509230
v 0.00882185 -0.02976810 0.02511850
v 0.00882185 -0.02976810 0.02511850
v 0.00868731 -0.02981620 0.02517480
v 0.00868731 -0.02981620 0.02517480
v 0.00863635 -0.02983450 0.02519610
v 0.00863635 -0.02983450 0.02519610
v 0.00850080 -0.02988160 0.02526940
v 0.00850080 -0.02988160 0.02526940
v 0.00846254 -0.02989490 0.02529010
v 0.00846254 -0.02989490 0.02529010
v 0.00832513 -0.02994150 0.02538300
v 0.00832513 -0.02994150 0.02538300
v 0.00830002 -0.02995000 0.02540000
v 0.00830002 -0.02995000 0.02540000
v 0.00821498 -0.02997810 0.02546740
v 0.00821498 -0.02997810 0.02546740
v 0.00816326 -0.02999500 0.02551540
v 0.00816326 -0.02999500 0.02551540
v 0.00801543 -0.03004260 0.02566330
v 0.00801543 -0.03004260 0.02566330
v 0.00807021 -0.03002520 0.02560150
v 0.00807021 -0.03002520 0.02560150
v 0.00788385 -0.03008400 0.02582580
v 0.00788385 -0.03008400 0.02582580
v 0.00794138 -0.03006610 0.02574670
v 0.00794138 -0.03006610 0.02574670
v 0.00782794 -0.03010140 0.02590260
v 0.00782794 -0.03010140 0.02590260
v 0.00777156 -0.03011860 0.02599380
v 0.00777156 -0.03011860 0.02599380
v 0.00767317 -0.03014830 0.02618660
v 0.00767317 -0.03014830 0.02618660
v 0.00765405 -0.03015410 0.02623030
v 0.00765405 -0.03015410 0.02623030
v 0.00765405 -0.03015410 0.02623030
v 0.00766350 -0.03016510 0.02620690
v 0.00766350 -0.03016510 0.02620690
v 0.00768249 -0.03018720 0.02615980
v 0.00768249 -0.03018720 0.02615980
v 0.00768268 -0.03014550 0.02616490
v 0.00768268 -0.03014550 0.02616490
v 0.00768410 -0.03018910 0.02615580
v 0.00768410 -0.03018910 0.02615580
v 0.00776825 -0.03011960 0.02600020
v 0.00776825 -0.03011960 0.02600020
v 0.00771439 -0.03022450 0.02608070
v 0.00771439 -0.03022450 0.02608070
v 0.00773466 -0.03025490 0.02602390
v 0.00773466 -0.03025490 0.02602390
v 0.00773755 -0.03025960 0.02601540
v 0.00773755 -0.03025960 0.02601540
v 0.00771955 -0.03023050 0.02606790
v 0.00771955 -0.03023050 0.02606790
v 0.00774629 -0.03027380 0.02599000
v 0.00774629 -0.03027380 0.02599000
v 0.00775499 -0.03029450 0.02595620
v 0.00775499 -0.03029450 0.02595620
v 0.00775432 -0.03029290 0.02595880
v 0.00775432 -0.03029290 0.02595880
v 0.00776528 -0.03031900 0.02591630
v 0.00776528 -0.03031900 0.02591630
v 0.00776746 -0.03032900 0.02590140
v 0.00776746 -0.03032900 0.02590140
v 0.00777379 -0.03036120 0.02585360
v 0.00777379 -0.03036120 0.02585360
v 0.00777380 -0.03036270 0.02585140
v 0.00777380 -0.03036270 0.02585140
v 0.00777315 -0.03035510 0.02586230
v 0.00777315 -0.03035510 0.02586230
v 0.00777380 -0.03036300 0.02585100
v 0.00777380 -0.03036300 0.02585100
v 0.00777394 -0.03038910 0.02581470
v 0.00777394 -0.03038910 0.02581470
v 0.00777297 -0.03039520 0.02580650
v 0.00777297 -0.03039520 0.02580650
v 0.00777391 -0.03038430 0.02582140
v 0.00777391 -0.03038430 0.02582140
v 0.00777018 -0.03041300 0.02578290
v 0.00777018 -0.03041300 0.02578290
v 0.00776593 -0.03042640 0.02576570
v 0.00776593 -0.03042640 0.02576570
v 0.00776141 -0.03043920 0.02574950
v 0.00776141 -0.03043920 0.02574950
v 0.00775170 -0.03045800 0.02572640
v 0.00775170 -0.03045800 0.02572640
v 0.00776345 -0.03043430 0.02575560
v 0.00776345 -0.03043430 0.02575560
v 0.00773939 -0.03047590 0.02570490
v 0.00773939 -0.03047590 0.02570490
v 0.00773292 -0.03048340 0.02569630
v 0.00773292 -0.03048340 0.02569630
v 0.00772437 -0.03049310 0.02568490
v 0.00772437 -0.03049310 0.02568490
v 0.00771199 -0.03050490 0.02567160
v 0.00771199 -0.03050490 0.02567160
v 0.00772838 -0.03048850 0.02569030
v 0.00772838 -0.03048850 0.02569030
v 0.00769389 -0.03051940 0.02565540
v 0.00769389 -0.03051940 0.02565540
v 0.00767336 -0.03053310 0.02564050
v 0.00767336 -0.03053310 0.02564050
v 0.00765017 -0.03054600 0.02562670
v 0.00765017 -0.03054600 0.02562670
v 0.00767638 -0.03053110 0.02564270
v 0.00767638 -0.03053110 0.02564270
v 0.00764610 -0.03054810 0.02562450
v 0.00764610 -0.03054810 0.02562450
v 0.00761852 -0.03056030 0.02561170
v 0.00761852 -0.03056030 0.02561170
v 0.00759931 -0.03056720 0.02560460
v 0.00759931 -0.03056720 0.02560460
v 0.00758817 -0.03057120 0.02560050
v 0.00758817 -0.03057120 0.02560050
v 0.00930906 -0.02963900 0.02500640
v 0.00932322 -0.02968740 0.02499710
v 0.00933653 -0.02973480 0.02498260
v 0.00934885 -0.02978070 0.02496320
v 0.00936005 -0.02982460 0.02493900
v 0.00937002 -0.02986600 0.02491040
v 0.00937865 -0.02990440 0.02487750
v 0.00938584 -0.02993960 0.02484090
v 0.00939153 -0.02997110 0.02480080
v 0.00939565 -0.02999860 0.02475760
v 0.00939817 -0.03002180 0.02471190
v 0.00939904 -0.03004040 0.02466410
v 0.00939827 -0.03005430 0.02461470
v 0.00939586 -0.03006330 0.02456430
v 0.00910749 -0.02971530 0.02503630
v 0.00911983 -0.02976300 0.02502590
v 0.00913087 -0.02980980 0.02501080
v 0.00914051 -0.02985510 0.02499110
v 0.00914864 -0.02989850 0.02496680
v 0.00915519 -0.02993960 0.02493840
v 0.00916009 -0.02997790 0.02490600
v 0.00916329 -0.03001300 0.02487010
v 0.00916475 -0.03004470 0.02483090
v 0.00916447 -0.03007250 0.02478890
v 0.00916244 -0.03009610 0.02474450
v 0.00915868 -0.03011550 0.02469810
v 0.00915324 -0.03013020 0.02465030
v 0.00914616 -0.03014030 0.02460140
v 0.00891129 -0.02978740 0.02508600
v 0.00892171 -0.02983450 0.02507500
v 0.00893043 -0.02988070 0.02505960
v 0.00893738 -0.02992560 0.02503970
v 0.00894248 -0.02996860 0.02501570
v 0.00894568 -0.03000930 0.02498780
v 0.00894696 -0.03004750 0.02495630
v 0.00894630 -0.03008260 0.02492140
v 0.00894370 -0.03011430 0.02488350
v 0.00893920 -0.03014240 0.02484290
v 0.00893283 -0.03016650 0.02480020
v 0.00892466 -0.03018650 0.02475560
v 0.00891477 -0.03020200 0.02470960
v 0.00890325 -0.03021300 0.02466280
v 0.00883321 -0.02981540 0.02511180
v 0.00884283 -0.02986240 0.02510070
v 0.00885061 -0.02990840 0.02508510
v 0.00885646 -0.02995300 0.02506540
v 0.00886034 -0.02999590 0.02504160
v 0.00886221 -0.03003660 0.02501400
v 0.00886205 -0.03007460 0.02498280
v 0.00885986 -0.03010970 0.02494840
v 0.00885566 -0.03014150 0.02491110
v 0.00884949 -0.03016970 0.02487130
v 0.00884142 -0.03019400 0.02482930
v 0.00883151 -0.03021410 0.02478560
v 0.00881987 -0.03023000 0.02474050
v 0.00880661 -0.03024140 0.02469450
v 0.00864610 -0.02988140 0.02518880
v 0.00865373 -0.02992780 0.02517740
v 0.00865918 -0.02997330 0.02516190
v 0.00866238 -0.03001760 0.02514250
v 0.00866332 -0.03006010 0.02511940
v 0.00866198 -0.03010050 0.02509280
v 0.00865837 -0.03013850 0.02506290
v 0.00865253 -0.03017350 0.02503000
v 0.00864452 -0.03020540 0.02499450
v 0.00863440 -0.03023390 0.02495660
v 0.00862228 -0.03025850 0.02491670
v 0.00860826 -0.03027920 0.02487520
v 0.00859248 -0.03029570 0.02483250
v 0.00857509 -0.03030790 0.02478900
v 0.00847067 -0.02994140 0.02528250
v 0.00847636 -0.02998740 0.02527110
v 0.00847956 -0.03003260 0.02525590
v 0.00848024 -0.03007650 0.02523720
v 0.00847839 -0.03011870 0.02521500
v 0.00847403 -0.03015900 0.02518970
v 0.00846720 -0.03019680 0.02516130
v 0.00845796 -0.03023180 0.02513020
v 0.00844640 -0.03026380 0.02509670
v 0.00843262 -0.03029240 0.02506110
v 0.00841675 -0.03031740 0.02502360
v 0.00839893 -0.03033860 0.02498470
v 0.00837932 -0.03035570 0.02494460
v 0.00835811 -0.03036860 0.02490380
v 0.00830656 -0.02999600 0.02539230
v 0.00831038 -0.03004170 0.02538110
v 0.00831143 -0.03008650 0.02536660
v 0.00830971 -0.03013010 0.02534870
v 0.00830524 -0.03017220 0.02532780
v 0.00829805 -0.03021220 0.02530390
v 0.00828822 -0.03024990 0.02527740
v 0.00827581 -0.03028500 0.02524840
v 0.00826096 -0.03031700 0.02521710
v 0.00824378 -0.03034580 0.02518400
v 0.00822443 -0.03037110 0.02514920
v 0.00820309 -0.03039260 0.02511310
v 0.00817994 -0.03041020 0.02507590
v 0.00815519 -0.03042370 0.02503810
v 0.00822066 -0.03002400 0.02545980
v 0.00822347 -0.03006950 0.02544890
v 0.00822339 -0.03011420 0.02543480
v 0.00822041 -0.03015770 0.02541750
v 0.00821455 -0.03019960 0.02539740
v 0.00820588 -0.03023960 0.02537450
v 0.00819447 -0.03027720 0.02534910
v 0.00818042 -0.03031230 0.02532130
v 0.00816384 -0.03034440 0.02529150
v 0.00814490 -0.03037330 0.02525980
v 0.00812374 -0.03039870 0.02522660
v 0.00810057 -0.03042040 0.02519210
v 0.00807558 -0.03043820 0.02515670
v 0.00804899 -0.03045200 0.02512070
v 0.00807440 -0.03007080 0.02559420
v 0.00807547 -0.03011600 0.02558390
v 0.00807343 -0.03016050 0.02557070
v 0.00806828 -0.03020370 0.02555480
v 0.00806007 -0.03024540 0.02553630
v 0.00804888 -0.03028530 0.02551530
v 0.00803479 -0.03032290 0.02549210
v 0.00801793 -0.03035790 0.02546680
v 0.00799844 -0.03039010 0.02543970
v 0.00797650 -0.03041910 0.02541090
v 0.00795229 -0.03044480 0.02538080
v 0.00792601 -0.03046680 0.02534960
v 0.00789790 -0.03048500 0.02531750
v 0.00786820 -0.03049930 0.02528480
v 0.00794421 -0.03011150 0.02573980
v 0.00794371 -0.03015650 0.02573040
v 0.00793991 -0.03020070 0.02571840
v 0.00793282 -0.03024380 0.02570400
v 0.00792251 -0.03028540 0.02568730
v 0.00790906 -0.03032510 0.02566840
v 0.00789260 -0.03036260 0.02564760
v 0.00787325 -0.03039770 0.02562500
v 0.00785118 -0.03042990 0.02560070
v 0.00782658 -0.03045900 0.02557510
v 0.00779966 -0.03048490 0.02554820
v 0.00777064 -0.03050720 0.02552040
v 0.00773976 -0.03052570 0.02549180
v 0.00770730 -0.03054040 0.02546270
v 0.00782955 -0.03014660 0.02589640
v 0.00782766 -0.03019140 0.02588790
v 0.00782229 -0.03023540 0.02587730
v 0.00781348 -0.03027840 0.02586460
v 0.00780132 -0.03031980 0.02584990
v 0.00777255 -0.03016370 0.02598800
v 0.00776996 -0.03020840 0.02598010
v 0.00776381 -0.03025240 0.02597030
v 0.00778589 -0.03035950 0.02583330
v 0.00759789 0.03009790 0.02638200
v 0.00759789 0.03009790 0.02638200
v 0.00759789 -0.03009790 0.02638200
v 0.00759789 -0.03009790 0.02638200
v 0.00756605 -0.03006610 0.02649020
v 0.00756605 -0.03006610 0.02649020
v 0.00759329 -0.03009330 0.02639760
v 0.00759329 -0.03009330 0.02639760
v 0.00759291 0.03009290 0.02639750
v 0.00759291 0.03009290 0.02639750
v 0.00754370 -0.03004370 0.02658420
v 0.00754370 -0.03004370 0.02658420
v 0.00756605 0.03006610 0.02649020
v 0.00756605 0.03006610 0.02649020
v 0.00754396 0.03004400 0.02658420
v 0.00754396 0.03004400 0.02658420
v 0.00752378 -0.03002380 0.02669250
v 0.00752378 -0.03002380 0.02669250
v 0.00754174 -0.03004170 0.02659490
v 0.00754174 -0.03004170 0.02659490
v 0.00754147 0.03004150 0.02659480
v 0.00754147 0.03004150 0.02659480
v 0.00751096 -0.03001100 0.02679090
v 0.00751096 -0.03001100 0.02679090
v 0.00752378 0.03002380 0.02669250
v 0.00752378 0.03002380 0.02669250
v 0.00751109 0.03001110 0.02679100
v 0.00751109 0.03001110 0.02679100
v 0.00750260 -0.03000260 0.02689800
v 0.00750260 -0.03000260 0.02689800
v 0.00751053 -0.03001050 0.02679640
v 0.00751053 -0.03001050 0.02679640
v 0.00750000 -0.03000000 0.02700000
v 0.00750000 -0.03000000 0.02700000
v 0.00750000 -0.03000000 0.02700000
v 0.00750000 -0.03000000 0.02700000
v 0.00751040 0.03001040 0.02679630
v 0.00751040 0.03001040 0.02679630
v 0.00750260 0.03000260 0.02689800
v 0.00750260 0.03000260 0.02689800
v 0.00750000 0.03000000 0.02700000
v 0.00750000 0.03000000 0.02700000
v 0.00750000 0.03000000 0.02700000
v 0.00750000 0.03000000 0.02700000
v 0.00033622 0.03101350 0.02526020
v -0.00763785 0.03054900 0.02562350
v 0.00761964 0.03055890 0.02561320
v 0.00777092 0.03040690 0.02579080
v -0.00777347 0.03035890 0.02585690
v -0.00033622 -0.03101350 0.02526020
v 0.00777347 -0.03035890 0.02585690
v -0.00777092 -0.03040690 0.02579080
v 0.00763785 -0.03054900 0.02562350
v -0.00761964 -0.03055890 0.02561320
v -0.00770243 -0.03050970 0.02566620
v 0.00750000 -0.03000000 0.04800000
v 0.00750000 -0.03000000 0.04800000
v 0.00750000 -0.03000000 0.04800000
v 0.00750000 -0.03000000 0.04800000
v -0.00750000 -0.03000000 0.04800000
v -0.00750000 -0.03000000 0.04800000
v -0.00750000 -0.03000000 0.04800000
v -0.00750000 -0.03000000 0.04800000
v 0.00750000 0.03000000 0.04800000
v 0.00750000 0.03000000 0.04800000
v 0.00750000 0.03000000 0.04800000
v 0.00750000 0.03000000 0.04800000
v -0.00750000 0.03000000 0.04800000
v -0.00750000 0.03000000 0.04800000
v -0.00750000 0.03000000 0.04800000
v -0.00750000 0.03000000 0.04800000
v -0.00749726 0.02999730 0.04810470
v -0.00749726 0.02999730 0.04810470
v -0.00749726 -0.02999730 0.04810470
v -0.00749726 -0.02999730 0.04810470
v -0.00748904 -0.02998900 0.04820910
v -0.00748904 -0.02998900 0.04820910
v -0.00748904 0.02998900 0.04820910
v -0.00748904 0.02998900 0.04820910
v -0.00747538 0.02997540 0.04831290
v -0.00747538 0.02997540 0.04831290
v -0.00747538 -0.02997540 0.04831290
v -0.00747538 -0.02997540 0.04831290
v -0.00745630 -0.02995630 0.04841580
v -0.00745630 -0.02995630 0.04841580
v -0.00745630 0.02995630 0.04841580
v -0.00745630 0.02995630 0.04841580
v -0.00743185 0.02993190 0.04851760
v -0.00743185 0.02993190 0.04851760
v -0.00743185 -0.02993190 0.04851760
v -0.00743185 -0.02993190 0.04851760
v -0.00740211 -0.02990210 0.04861800
v -0.00740211 -0.02990210 0.04861800
v -0.00740211 0.02990210 0.04861800
v -0.00740211 0.02990210 0.04861800
v -0.00736716 0.02986720 0.04871670
v -0.00736716 0.02986720 0.04871670
v -0.00736716 -0.02986720 0.04871670
v -0.00736716 -0.02986720 0.04871670
v -0.00732709 -0.02982710 0.04881350
v -0.00732709 -0.02982710 0.04881350
v -0.00732709 0.02982710 0.04881350
v -0.00732709 0.02982710 0.04881350
v -0.00728201 0.02978200 0.04890800
v -0.00728201 0.02978200 0.04890800
v -0.00728201 -0.02978200 0.04890800
v -0.00728201 -0.02978200 0.04890800
v -0.00723205 -0.02973210 0.04900000
v -0.00723205 -0.02973210 0.04900000
v -0.00723205 0.02973210 0.04900000
v -0.00723205 0.02973210 0.04900000
v -0.00717734 0.02967730 0.04908930
v -0.00717734 0.02967730 0.04908930
v -0.00717734 -0.02967730 0.04908930
v -0.00717734 -0.02967730 0.04908930
v -0.00711803 -0.02961800 0.04917560
v -0.00711803 -0.02961800 0.04917560
v -0.00711803 0.02961800 0.04917560
v -0.00711803 0.02961800 0.04917560
v -0.00698629 -0.02948630 0.04933830
v -0.00698629 -0.02948630 0.04933830
v -0.00683826 -0.02933830 0.04948630
v -0.00683826 -0.02933830 0.04948630
v -0.00683826 0.02933830 0.04948630
v -0.00683826 0.02933830 0.04948630
v -0.00667557 -0.02917560 0.04961800
v -0.00667557 -0.02917560 0.04961800
v -0.00667557 0.02917560 0.04961800
v -0.00667557 0.02917560 0.04961800
v -0.00650000 -0.02900000 0.04973210
v -0.00650000 -0.02900000 0.04973210
v -0.00631347 -0.02881350 0.04982710
v -0.00631347 -0.02881350 0.04982710
v -0.00631347 0.02881350 0.04982710
v -0.00631347 0.02881350 0.04982710
v -0.00611803 -0.02861800 0.04990210
v -0.00611803 -0.02861800 0.04990210
v -0.00591582 -0.02841580 0.04995630
v -0.00591582 -0.02841580 0.04995630
v -0.00591582 0.02841580 0.04995630
v -0.00591582 0.02841580 0.04995630
v -0.00570906 -0.02820910 0.04998900
v -0.00570906 -0.02820910 0.04998900
v -0.00570906 0.02820910 0.04998900
v -0.00570906 0.02820910 0.04998900
v -0.00550000 -0.02800000 0.05000000
v -0.00550000 -0.02800000 0.05000000
v -0.00550000 -0.02800000 0.05000000
v -0.00550000 0.02800000 0.05000000
v -0.00550000 0.02800000 0.05000000
v -0.00550000 0.02800000 0.05000000
v -0.00611803 0.02861800 0.04990210
v -0.00611803 0.02861800 0.04990210
v -0.00650000 0.02900000 0.04973210
v -0.00650000 0.02900000 0.04973210
v -0.00698629 0.02948630 0.04933830
v -0.00698629 0.02948630 0.04933830
v -0.00450000 -0.02800000 0.05000000
v -0.00450000 -0.02800000 0.05000000
v -0.00450000 -0.02800000 0.05000000
v -0.00450000 0.02800000 0.05000000
v -0.00450000 0.02800000 0.05000000
v -0.00450000 0.02800000 0.05000000
v 0.00570906 -0.02820910 0.04998900
v 0.00570906 -0.02820910 0.04998900
v 0.00570906 0.02820910 0.04998900
v 0.00570906 0.02820910 0.04998900
v 0.00550000 0.02800000 0.05000000
v 0.00550000 0.02800000 0.05000000
v 0.00550000 0.02800000 0.05000000
v 0.00591582 -0.02841580 0.04995630
v 0.00591582 -0.02841580 0.04995630
v 0.00591582 0.02841580 0.04995630
v 0.00591582 0.02841580 0.04995630
v 0.00611803 0.02861800 0.04990210
v 0.00611803 0.02861800 0.04990210
v 0.00631347 -0.02881350 0.04982710
v 0.00631347 -0.02881350 0.04982710
v 0.00631347 0.02881350 0.04982710
v 0.00631347 0.02881350 0.04982710
v 0.00650000 0.02900000 0.04973210
v 0.00650000 0.02900000 0.04973210
v 0.00667557 -0.02917560 0.04961800
v 0.00667557 -0.02917560 0.04961800
v 0.00667557 0.02917560 0.04961800
v 0.00667557 0.02917560 0.04961800
v 0.00683826 0.02933830 0.04948630
v 0.00683826 0.02933830 0.04948630
v 0.00698629 0.02948630 0.04933830
v 0.00698629 0.02948630 0.04933830
v 0.00683826 -0.02933830 0.04948630
v 0.00683826 -0.02933830 0.04948630
v 0.00711803 -0.02961800 0.04917560
v 0.00711803 -0.02961800 0.04917560
v 0.00711803 0.02961800 0.04917560
v 0.00711803 0.02961800 0.04917560
v 0.00717734 -0.02967730 0.04908930
v 0.00717734 -0.02967730 0.04908930
v 0.00717734 0.02967730 0.04908930
v 0.00717734 0.02967730 0.04908930
v 0.00723205 -0.02973210 0.04900000
v 0.00723205 -0.02973210 0.04900000
v 0.00723205 0.02973210 0.04900000
v 0.00723205 0.02973210 0.04900000
v 0.00728201 -0.02978200 0.04890800
v 0.00728201 -0.02978200 0.04890800
v 0.00728201 0.02978200 0.04890800
v 0.00728201 0.02978200 0.04890800
v 0.00732709 0.02982710 0.04881350
v 0.00732709 0.02982710 0.04881350
v 0.00736716 -0.02986720 0.04871670
v 0.00736716 -0.02986720 0.04871670
v 0.00736716 0.02986720 0.04871670
v 0.00736716 0.02986720 0.04871670
v 0.00740211 0.02990210 0.04861800
v 0.00740211 0.02990210 0.04861800
v 0.00732709 -0.02982710 0.04881350
v 0.00732709 -0.02982710 0.04881350
v 0.00743185 -0.02993190 0.04851760
v 0.00743185 -0.02993190 0.04851760
v 0.00743185 0.02993190 0.04851760
v 0.00743185 0.02993190 0.04851760
v 0.00740211 -0.02990210 0.04861800
v 0.00740211 -0.02990210 0.04861800
v 0.00745630 -0.02995630 0.04841580
v 0.00745630 -0.02995630 0.04841580
v 0.00745630 0.02995630 0.04841580
v 0.00745630 0.02995630 0.04841580
v 0.00747538 -0.02997540 0.04831290
v 0.00747538 -0.02997540 0.04831290
v 0.00747538 0.02997540 0.04831290
v 0.00747538 0.02997540 0.04831290
v 0.00748904 0.02998900 0.04820910
v 0.00748904 0.02998900 0.04820910
v 0.00749726 -0.02999730 0.04810470
v 0.00749726 -0.02999730 0.04810470
v 0.00749726 0.02999730 0.04810470
v 0.00749726 0.02999730 0.04810470
v 0.00748904 -0.02998900 0.04820910
v 0.00748904 -0.02998900 0.04820910
v 0.00698629 -0.02948630 0.04933830
v 0.00698629 -0.02948630 0.04933830
v 0.00650000 -0.02900000 0.04973210
v 0.00650000 -0.02900000 0.04973210
v 0.00611803 -0.02861800 0.04990210
v 0.00611803 -0.02861800 0.04990210
v 0.00550000 -0.02800000 0.05000000
v 0.00550000 -0.02800000 0.05000000
v 0.00450000 0.02800000 0.05000000
v 0.00450000 0.02800000 0.05000000
v 0.00450000 0.02800000 0.05000000
v 0.00450000 -0.02800000 0.05000000
v 0.00450000 -0.02800000 0.05000000
v 0.00450000 -0.02800000 0.05000000
v -0.00429094 -0.02820910 0.04998900
v -0.00429094 -0.02820910 0.04998900
v -0.00408418 -0.02841580 0.04995630
v -0.00408418 -0.02841580 0.04995630
v -0.00388197 -0.02861800 0.04990210
v -0.00388197 -0.02861800 0.04990210
v -0.00368653 -0.02881350 0.04982710
v -0.00368653 -0.02881350 0.04982710
v -0.00350000 -0.02900000 0.04973210
v -0.00350000 -0.02900000 0.04973210
v -0.00350000 -0.02900000 0.04973210
v 0.00350000 -0.02900000 0.04973210
v 0.00350000 -0.02900000 0.04973210
v 0.00350000 -0.02900000 0.04973210
v 0.00368653 -0.02881350 0.04982710
v 0.00368653 -0.02881350 0.04982710
v 0.00408418 -0.02841580 0.04995630
v 0.00408418 -0.02841580 0.04995630
v 0.00429094 -0.02820910 0.04998900
v 0.00429094 -0.02820910 0.04998900
v 0.00388197 -0.02861800 0.04990210
v 0.00388197 -0.02861800 0.04990210
v 0.00429094 0.02820910 0.04998900
v 0.00429094 0.02820910 0.04998900
v 0.00408418 0.02841580 0.04995630
v 0.00408418 0.02841580 0.04995630
v 0.00388197 0.02861800 0.04990210
v 0.00388197 0.02861800 0.04990210
v 0.00368653 0.02881350 0.04982710
v 0.00368653 0.02881350 0.04982710
v 0.00350000 0.02900000 0.04973210
v 0.00350000 0.02900000 0.04973210
v 0.00350000 0.02900000 0.04973210
v -0.00350000 0.02900000 0.04973210
v -0.00350000 0.02900000 0.04973210
v -0.00350000 0.02900000 0.04973210
v -0.00429094 0.02820910 0.04998900
v -0.00429094 0.02820910 0.04998900
v -0.00408418 0.02841580 0.04995630
v -0.00408418 0.02841580 0.04995630
v -0.00368653 0.02881350 0.04982710
v -0.00368653 0.02881350 0.04982710
v -0.00388197 0.02861800 0.04990210
v -0.00388197 0.02861800 0.04990210
v 0.00250274 -0.02800270 0.04810470
v 0.00250274 -0.02800270 0.04810470
v 0.00251096 0.02801100 0.04820910
v 0.00251096 0.02801100 0.04820910
v 0.00250274 0.02800270 0.04810470
v 0.00250274 0.02800270 0.04810470
v 0.00250000 -0.02800000 0.04800000
v 0.00250000 -0.02800000 0.04800000
v 0.00250000 -0.02800000 0.04800000
v 0.00250000 -0.02800000 0.04800000
v 0.00251096 -0.02801100 0.04820910
v 0.00251096 -0.02801100 0.04820910
v 0.00252462 -0.02802460 0.04831290
v 0.00252462 -0.02802460 0.04831290
v 0.00254370 0.02804370 0.04841580
v 0.00254370 0.02804370 0.04841580
v 0.00252462 0.02802460 0.04831290
v 0.00252462 0.02802460 0.04831290
v 0.00254370 -0.02804370 0.04841580
v 0.00254370 -0.02804370 0.04841580
v 0.00256815 -0.02806810 0.04851760
v 0.00256815 -0.02806810 0.04851760
v 0.00259789 0.02809790 0.04861800
v 0.00259789 0.02809790 0.04861800
v 0.00256815 0.02806810 0.04851760
v 0.00256815 0.02806810 0.04851760
v 0.00259789 -0.02809790 0.04861800
v 0.00259789 -0.02809790 0.04861800
v 0.00263284 -0.02813280 0.04871670
v 0.00263284 -0.02813280 0.04871670
v 0.00267291 0.02817290 0.04881350
v 0.00267291 0.02817290 0.04881350
v 0.00263284 0.02813280 0.04871670
v 0.00263284 0.02813280 0.04871670
v 0.00271799 -0.02821800 0.04890800
v 0.00271799 -0.02821800 0.04890800
v 0.00276795 0.02826790 0.04900000
v 0.00276795 0.02826790 0.04900000
v 0.00271799 0.02821800 0.04890800
v 0.00271799 0.02821800 0.04890800
v 0.00267291 -0.02817290 0.04881350
v 0.00267291 -0.02817290 0.04881350
v 0.00276795 -0.02826790 0.04900000
v 0.00276795 -0.02826790 0.04900000
v 0.00282266 -0.02832270 0.04908930
v 0.00282266 -0.02832270 0.04908930
v 0.00288197 0.02838200 0.04917560
v 0.00288197 0.02838200 0.04917560
v 0.00282266 0.02832270 0.04908930
v 0.00282266 0.02832270 0.04908930
v 0.00301371 -0.02851370 0.04933830
v 0.00301371 -0.02851370 0.04933830
v 0.00301371 0.02851370 0.04933830
v 0.00301371 0.02851370 0.04933830
v 0.00316174 0.02866170 0.04948630
v 0.00316174 0.02866170 0.04948630
v 0.00332443 -0.02882440 0.04961800
v 0.00332443 -0.02882440 0.04961800
v 0.00332443 0.02882440 0.04961800
v 0.00332443 0.02882440 0.04961800
v 0.00316174 -0.02866170 0.04948630
v 0.00316174 -0.02866170 0.04948630
v 0.00288197 -0.02838200 0.04917560
v 0.00288197 -0.02838200 0.04917560
v 0.00250000 0.02800000 0.04800000
v 0.00250000 0.02800000 0.04800000
v 0.00250000 0.02800000 0.04800000
v 0.00250000 0.02800000 0.04800000
v -0.00250274 0.02800270 0.04810470
v -0.00250274 0.02800270 0.04810470
v -0.00251096 -0.02801100 0.04820910
v -0.00251096 -0.02801100 0.04820910
v -0.00250274 -0.02800270 0.04810470
v -0.00250274 -0.02800270 0.04810470
v -0.00250000 0.02800000 0.04800000
v -0.00250000 0.02800000 0.04800000
v -0.00250000 0.02800000 0.04800000
v -0.00250000 0.02800000 0.04800000
v -0.00251096 0.02801100 0.04820910
v -0.00251096 0.02801100 0.04820910
v -0.00252462 0.02802460 0.04831290
v -0.00252462 0.02802460 0.04831290
v -0.00254370 -0.02804370 0.04841580
v -0.00254370 -0.02804370 0.04841580
v -0.00252462 -0.02802460 0.04831290
v -0.00252462 -0.02802460 0.04831290
v -0.00254370 0.02804370 0.04841580
v -0.00254370 0.02804370 0.04841580
v -0.00256815 0.02806810 0.04851760
v -0.00256815 0.02806810 0.04851760
v -0.00259789 -0.02809790 0.04861800
v -0.00259789 -0.02809790 0.04861800
v -0.00256815 -0.02806810 0.04851760
v -0.00256815 -0.02806810 0.04851760
v -0.00259789 0.02809790 0.04861800
v -0.00259789 0.02809790 0.04861800
v -0.00263284 0.02813280 0.04871670
v -0.00263284 0.02813280 0.04871670
v -0.00267291 -0.02817290 0.04881350
v -0.00267291 -0.02817290 0.04881350
v -0.00263284 -0.02813280 0.04871670
v -0.00263284 -0.02813280 0.04871670
v -0.00267291 0.02817290 0.04881350
v -0.00267291 0.02817290 0.04881350
v -0.00271799 0.02821800 0.04890800
v -0.00271799 0.02821800 0.04890800
v -0.00276795 -0.02826790 0.04900000
v -0.00276795 -0.02826790 0.04900000
v -0.00271799 -0.02821800 0.04890800
v -0.00271799 -0.02821800 0.04890800
v -0.00282266 0.02832270 0.04908930
v -0.00282266 0.02832270 0.04908930
v -0.00288197 -0.02838200 0.04917560
v -0.00288197 -0.02838200 0.04917560
v -0.00282266 -0.02832270 0.04908930
v -0.00282266 -0.02832270 0.04908930
v -0.00276795 0.02826790 0.04900000
v -0.00276795 0.02826790 0.04900000
v -0.00288197 0.02838200 0.04917560
v -0.00288197 0.02838200 0.04917560
v -0.00301371 0.02851370 0.04933830
v -0.00301371 0.02851370 0.04933830
v -0.00301371 -0.02851370 0.04933830
v -0.00301371 -0.02851370 0.04933830
v -0.00316174 -0.02866170 0.04948630
v -0.00316174 -0.02866170 0.04948630
v -0.00332443 0.02882440 0.04961800
v -0.00332443 0.02882440 0.04961800
v -0.00332443 -0.02882440 0.04961800
v -0.00332443 -0.02882440 0.04961800
v -0.00316174 0.02866170 0.04948630
v -0.00316174 0.02866170 0.04948630
v -0.00250000 -0.02800000 0.04800000
v -0.00250000 -0.02800000 0.04800000
v -0.00250000 -0.02800000 0.04800000
v -0.00250000 -0.02800000 0.04800000
v 0.00250000 -0.02800000 0.01700000
v 0.00250000 -0.02800000 0.01700000
v 0.00250000 -0.02800000 0.01700000
v -0.00250000 -0.02800000 0.01700000
v -0.00250000 -0.02800000 0.01700000
v -0.00250000 -0.02800000 0.01700000
v 0.00250000 0.02800000 0.01700000
v 0.00250000 0.02800000 0.01700000
v 0.00250000 0.02800000 0.01700000
v -0.00250000 0.02800000 0.01700000
v -0.00250000 0.02800000 0.01700000
v -0.00250000 0.02800000 0.01700000
vn 0.99413800 0.10811900 0.00000000
vn 0.00000000 0.00000000 -1.00000000
vn 1.00000000 0.00000000 0.00000000
vn 0.00000000 0.00000000 -1.00000000
vn 0.70710700 0.00000000 0.70710700
vn 1.00000000 0.00000000 0.00000000
vn 0.00000000 0.00000000 -1.00000000
vn 0.97662100 0.21497000 0.00000000
vn 0.99413800 0.10811900 0.00000000
vn 0.70296200 0.07645170 0.70710700
vn 0.00000000 0.00000000 -1.00000000
vn 0.94765300 0.31930200 0.00000000
vn 0.97662100 0.21497000 0.00000000
vn 0.69057500 0.15200700 0.70710700
vn 0.90757500 0.41988900 0.00000000
vn 0.00000000 0.00000000 -1.00000000
vn 0.94765300 0.31930200 0.00000000
vn 0.67009200 0.22578000 0.70710700
vn 0.85685700 0.51555400 0.00000000
vn 0.00000000 0.00000000 -1.00000000
vn 0.64175300 0.29690600 0.70710700
vn 0.90757500 0.41988900 0.00000000
vn 0.00000000 0.00000000 -1.00000000
vn 0.79609300 0.60517400 0.00000000
vn 0.60589000 0.36455200 0.70710700
vn 0.85685700 0.51555400 0.00000000
vn 0.00000000 0.00000000 -1.00000000
vn 0.72599500 0.68769900 0.00000000
vn 0.56292300 0.42792300 0.70710700
vn 0.79609300 0.60517400 0.00000000
vn 0.00000000 0.00000000 -1.00000000
vn 0.64738600 0.76216200 0.00000000
vn 0.72599500 0.68769900 0.00000000
vn 0.51335600 0.48627700 0.70710700
vn 0.56118700 0.82768900 0.00000000
vn 0.00000000 0.00000000 -1.00000000
vn 0.45777100 0.53893000 0.70710700
vn 0.64738600 0.76216200 0.00000000
vn 0.00000000 0.00000000 -1.00000000
vn 0.46840800 0.88351200 0.00000000
vn 0.39681900 0.58526500 0.70710700
vn 0.56118700 0.82768900 0.00000000
vn 0.00000000 0.00000000 -1.00000000
vn 0.37013800 0.92897700 0.00000000
vn 0.46840800 0.88351200 0.00000000
vn 0.33121500 0.62473700 0.70710700
vn 0.26752800 0.96355000 0.00000000
vn 0.00000000 0.00000000 -1.00000000
vn 0.37013800 0.92897700 0.00000000
vn 0.26172700 0.65688600 0.70710700
vn 0.16178200 0.98682700 0.00000000
vn 0.00000000 0.00000000 -1.00000000
vn 0.26752800 0.96355000 0.00000000
vn 0.18917100 0.68133300 0.70710700
vn 0.05413890 0.99853300 0.00000000
vn 0.00000000 0.00000000 -1.00000000
vn 0.16178200 0.98682700 0.00000000
vn 0.11439700 0.69779200 0.70710700
vn -0.05413890 0.99853300 0.00000000
vn 0.00000000 0.00000000 -1.00000000
vn 0.05413890 0.99853300 0.00000000
vn 0.03828200 0.70607000 0.70710700
vn -0.16178200 0.98682700 0.00000000
vn 0.00000000 0.00000000 -1.00000000
vn -0.03828200 0.70607000 0.70710700
vn -0.05413890 0.99853300 0.00000000
vn -0.26752800 0.96355000 0.00000000
vn 0.00000000 0.00000000 -1.00000000
vn -0.16178200 0.98682700 0.00000000
vn -0.11439700 0.69779200 0.70710700
vn -0.37013800 0.92897700 0.00000000
vn 0.00000000 0.00000000 -1.00000000
vn -0.26752800 0.96355000 0.00000000
vn -0.18917100 0.68133300 0.70710700
vn 0.00000000 0.00000000 -1.00000000
vn -0.46840800 0.88351200 0.00000000
vn -0.37013800 0.92897700 0.00000000
vn -0.26172700 0.65688600 0.70710700
vn -0.56118700 0.82768900 0.00000000
vn 0.00000000 0.00000000 -1.00000000
vn -0.46840800 0.88351200 0.00000000
vn -0.33121500 0.62473700 0.70710700
vn -0.64738600 0.76216200 0.00000000
vn 0.00000000 0.00000000 -1.00000000
vn -0.56118700 0.82768900 0.00000000
vn -0.39681900 0.58526500 0.70710700
vn 0.00000000 0.00000000 -1.00000000
vn -0.72599500 0.68769900 0.00000000
vn -0.64738600 0.76216200 0.00000000
vn -0.45777100 0.53893000 0.70710700
vn 0.00000000 0.00000000 -1.00000000
vn -0.79609300 0.60517400 0.00000000
vn -0.51335600 0.48627700 0.70710700
vn -0.72599500 0.68769900 0.00000000
vn 0.00000000 0.00000000 -1.00000000
vn -0.85685700 0.51555400 0.00000000
vn -0.79609300 0.60517400 0.00000000
vn -0.56292300 0.42792300 0.70710700
vn 0.00000000 0.00000000 -1.00000000
vn -0.90757500 0.41988900 0.00000000
vn -0.85685700 0.51555400 0.00000000
vn -0.60589000 0.36455200 0.70710700
vn -0.94765300 0.31930200 0.00000000
vn 0.00000000 0.00000000 -1.00000000
vn -0.90757500 0.41988900 0.00000000
vn -0.64175300 0.29690600 0.70710700
vn 0.00000000 0.00000000 -1.00000000
vn -0.97662100 0.21497000 0.00000000
vn -0.67009200 0.22578000 0.70710700
vn -0.94765300 0.31930200 0.00000000
vn -0.99413800 0.10811900 0.00000000
vn 0.00000000 0.00000000 -1.00000000
vn -0.97662100 0.21497000 0.00000000
vn -0.69057500 0.15200700 0.70710700
vn 0.00000000 0.00000000 -1.00000000
vn -1.00000000 -0.00000000 0.00000000
vn -0.99413800 0.10811900 0.00000000
vn -0.70296200 0.07645170 0.70710700
vn -0.99413800 -0.10811900 0.00000000
vn 0.00000000 0.00000000 -1.00000000
vn -0.70710700 0.00000000 0.70710700
vn -1.00000000 -0.00000000 0.00000000
vn -0.97662100 -0.21497000 0.00000000
vn 0.00000000 0.00000000 -1.00000000
vn -0.99413800 -0.10811900 0.00000000
vn -0.70296200 -0.07645170 0.70710700
vn -0.94765300 -0.31930200 0.00000000
vn 0.00000000 0.00000000 -1.00000000
vn -0.69057500 -0.15200700 0.70710700
vn -0.97662100 -0.21497000 0.00000000
vn -0.90757500 -0.41988900 0.00000000
vn 0.00000000 0.00000000 -1.00000000
vn -0.94765300 -0.31930200 0.00000000
vn -0.67009200 -0.22578000 0.70710700
vn -0.85685700 -0.51555400 0.00000000
vn 0.00000000 0.00000000 -1.00000000
vn -0.90757500 -0.41988900 0.00000000
vn -0.64175300 -0.29690600 0.70710700
vn -0.79609300 -0.60517400 0.00000000
vn 0.00000000 0.00000000 -1.00000000
vn -0.60589000 -0.36455200 0.70710700
vn -0.85685700 -0.51555400 0.00000000
vn 0.00000000 0.00000000 -1.00000000
vn -0.72599500 -0.68769900 0.00000000
vn -0.56292300 -0.42792300 0.70710700
vn -0.79609300 -0.60517400 0.00000000
vn 0.00000000 0.00000000 -1.00000000
vn -0.64738600 -0.76216200 0.00000000
vn -0.72599500 -0.68769900 0.00000000
vn -0.51335600 -0.48627700 0.70710700
vn 0.00000000 0.00000000 -1.00000000
vn -0.56118700 -0.82768900 0.00000000
vn -0.64738600 -0.76216200 0.00000000
vn -0.45777100 -0.53893000 0.70710700
vn 0.00000000 0.00000000 -1.00000000
vn -0.46840800 -0.88351200 0.00000000
vn -0.39681900 -0.58526500 0.70710700
vn -0.56118700 -0.82768900 0.00000000
vn -0.37013800 -0.92897700 0.00000000
vn 0.00000000 0.00000000 -1.00000000
vn -0.33121500 -0.62473700 0.70710700
vn -0.46840800 -0.88351200 0.00000000
vn 0.00000000 0.00000000 -1.00000000
vn -0.26752800 -0.96355000 0.00000000
vn -0.26172700 -0.65688600 0.70710700
vn -0.37013800 -0.92897700 0.00000000
vn 0.00000000 0.00000000 -1.00000000
vn -0.16178200 -0.98682700 0.00000000
vn -0.26752800 -0.96355000 0.00000000
vn -0.18917100 -0.68133300 0.70710700
vn -0.05413890 -0.99853300 0.00000000
vn 0.00000000 0.00000000 -1.00000000
vn -0.16178200 -0.98682700 0.00000000
vn -0.11439700 -0.69779200 0.70710700
vn 0.05413890 -0.99853300 0.00000000
vn 0.00000000 0.00000000 -1.00000000
vn -0.03828200 -0.70607000 0.70710700
vn -0.05413890 -0.99853300 0.00000000
vn 0.00000000 0.00000000 -1.00000000
vn 0.16178200 -0.98682700 0.00000000
vn 0.03828200 -0.70607000 0.70710700
vn 0.05413890 -0.99853300 0.00000000
vn 0.00000000 0.00000000 -1.00000000
vn 0.26752800 -0.96355000 0.00000000
vn 0.11439700 -0.69779200 0.70710700
vn 0.16178200 -0.98682700 0.00000000
vn 0.37013800 -0.92897700 0.00000000
vn 0.00000000 0.00000000 -1.00000000
vn 0.18917100 -0.68133300 0.70710700
vn 0.26752800 -0.96355000 0.00000000
vn 0.00000000 0.00000000 -1.00000000
vn 0.46840800 -0.88351200 0.00000000
vn 0.26172700 -0.65688600 0.70710700
vn 0.37013800 -0.92897700 0.00000000
vn 0.56118700 -0.82768900 0.00000000
vn 0.00000000 0.00000000 -1.00000000
vn 0.46840800 -0.88351200 0.00000000
vn 0.33121500 -0.62473700 0.70710700
vn 0.64738600 -0.76216200 0.00000000
vn 0.00000000 0.00000000 -1.00000000
vn 0.56118700 -0.82768900 0.00000000
vn 0.39681900 -0.58526500 0.70710700
vn 0.72599500 -0.68769900 0.00000000
vn 0.00000000 0.00000000 -1.00000000
vn 0.64738600 -0.76216200 0.00000000
vn 0.45777100 -0.53893000 0.70710700
vn 0.79609300 -0.60517400 0.00000000
vn 0.00000000 0.00000000 -1.00000000
vn 0.72599500 -0.68769900 0.00000000
vn 0.51335600 -0.48627700 0.70710700
vn 0.00000000 0.00000000 -1.00000000
vn 0.85685700 -0.51555400 0.00000000
vn 0.79609300 -0.60517400 0.00000000
vn 0.56292300 -0.42792300 0.70710700
vn 0.00000000 0.00000000 -1.00000000
vn 0.90757500 -0.41988900 0.00000000
vn 0.85685700 -0.51555400 0.00000000
vn 0.60589000 -0.36455200 0.70710700
vn 0.00000000 0.00000000 -1.00000000
vn 0.94765300 -0.31930200 0.00000000
vn 0.90757500 -0.41988900 0.00000000
vn 0.64175300 -0.29690600 0.70710700
vn 0.00000000 0.00000000 -1.00000000
vn 0.97662100 -0.21497000 0.00000000
vn 0.67009200 -0.22578000 0.70710700
vn 0.94765300 -0.31930200 0.00000000
vn 0.00000000 0.00000000 -1.00000000
vn 0.99413800 -0.10811900 0.00000000
vn 0.69057500 -0.15200700 0.70710700
vn 0.97662100 -0.21497000 0.00000000
vn 0.99413800 -0.10811900 0.00000000
vn 0.70296200 -0.07645170 0.70710700
vn -0.70710700 0.00000000 0.70710700
vn 0.00000000 0.00000000 1.00000000
vn -0.70296200 -0.07645170 0.70710700
vn 0.00000000 0.00000000 1.00000000
vn -0.69057500 -0.15200700 0.70710700
vn 0.00000000 0.00000000 1.00000000
vn -0.67009200 -0.22578000 0.70710700
vn 0.00000000 0.00000000 1.00000000
vn -0.64175300 -0.29690600 0.70710700
vn 0.00000000 0.00000000 1.00000000
vn -0.60589000 -0.36455200 0.70710700
vn 0.00000000 0.00000000 1.00000000
vn 0.00000000 0.00000000 1.00000000
vn -0.56292300 -0.42792300 0.70710700
vn 0.00000000 0.00000000 1.00000000
vn -0.51335600 -0.48627700 0.70710700
vn 0.00000000 0.00000000 1.00000000
vn -0.45777100 -0.53893000 0.70710700
vn 0.00000000 0.00000000 1.00000000
vn -0.39681900 -0.58526500 0.70710700
vn -0.33121500 -0.62473700 0.70710700
vn 0.00000000 0.00000000 1.00000000
vn -0.26172700 -0.65688600 0.70710700
vn 0.00000000 0.00000000 1.00000000
vn -0.18917100 -0.68133300 0.70710700
vn 0.00000000 0.00000000 1.00000000
vn -0.11439700 -0.69779200 0.70710700
vn 0.00000000 0.00000000 1.00000000
vn -0.03828200 -0.70607000 0.70710700
vn 0.00000000 0.00000000 1.00000000
vn 0.00000000 0.00000000 1.00000000
vn 0.03828200 -0.70607000 0.70710700
vn 0.00000000 0.00000000 1.00000000
vn 0.11439700 -0.69779200 0.70710700
vn 0.18917100 -0.68133300 0.70710700
vn 0.00000000 0.00000000 1.00000000
vn 0.26172700 -0.65688600 0.70710700
vn 0.00000000 0.00000000 1.00000000
vn 0.33121500 -0.62473700 0.70710700
vn 0.00000000 0.00000000 1.00000000
vn 0.39681900 -0.58526500 0.70710700
vn 0.00000000 0.00000000 1.00000000
vn 0.45777100 -0.53893000 0.70710700
vn 0.00000000 0.00000000 1.00000000
vn 0.51335600 -0.48627700 0.70710700
vn 0.00000000 0.00000000 1.00000000
vn 0.00000000 0.00000000 1.00000000
vn 0.56292300 -0.42792300 0.70710700
vn 0.00000000 0.00000000 1.00000000
vn 0.60589000 -0.36455200 0.70710700
vn 0.00000000 0.00000000 1.00000000
vn 0.64175300 -0.29690600 0.70710700
vn 0.00000000 0.00000000 1.00000000
vn 0.67009200 -0.22578000 0.70710700
vn 0.69057500 -0.15200700 0.70710700
vn 0.00000000 0.00000000 1.00000000
vn 0.70296200 -0.07645170 0.70710700
vn 0.00000000 0.00000000 1.00000000
vn 0.70710700 0.00000000 0.70710700
vn 0.00000000 0.00000000 1.00000000
vn 0.70296200 0.07645170 0.70710700
vn 0.00000000 0.00000000 1.00000000
vn 0.69057500 0.15200700 0.70710700
vn 0.00000000 0.00000000 1.00000000
vn 0.67009200 0.22578000 0.70710700
vn 0.00000000 0.00000000 1.00000000
vn 0.00000000 0.00000000 1.00000000
vn 0.64175300 0.29690600 0.70710700
vn 0.00000000 0.00000000 1.00000000
vn 0.60589000 0.36455200 0.70710700
vn 0.00000000 0.00000000 1.00000000
vn 0.56292300 0.42792300 0.70710700
vn 0.00000000 0.00000000 1.00000000
vn 0.51335600 0.48627700 0.70710700
vn 0.45777100 0.53893000 0.70710700
vn 0.00000000 0.00000000 1.00000000
vn 0.39681900 0.58526500 0.70710700
vn 0.00000000 0.00000000 1.00000000
vn 0.00000000 0.00000000 1.00000000
vn 0.33121500 0.62473700 0.70710700
vn 0.00000000 0.00000000 1.00000000
vn 0.26172700 0.65688600 0.70710700
vn 0.00000000 0.00000000 1.00000000
vn 0.18917100 0.68133300 0.70710700
vn 0.11439700 0.69779200 0.70710700
vn 0.00000000 0.00000000 1.00000000
vn 0.03828200 0.70607000 0.70710700
vn 0.00000000 0.00000000 1.00000000
vn -0.03828200 0.70607000 0.70710700
vn 0.00000000 0.00000000 1.00000000
vn 0.00000000 0.00000000 1.00000000
vn -0.11439700 0.69779200 0.70710700
vn 0.00000000 0.00000000 1.00000000
vn -0.18917100 0.68133300 0.70710700
vn -0.26172700 0.65688600 0.70710700
vn 0.00000000 0.00000000 1.00000000
vn 0.00000000 0.00000000 1.00000000
vn -0.33121500 0.62473700 0.70710700
vn -0.39681900 0.58526500 0.70710700
vn 0.00000000 0.00000000 1.00000000
vn -0.45777100 0.53893000 0.70710700
vn 0.00000000 0.00000000 1.00000000
vn -0.51335600 0.48627700 0.70710700
vn 0.00000000 0.00000000 1.00000000
vn -0.56292300 0.42792300 0.70710700
vn 0.00000000 0.00000000 1.00000000
vn -0.60589000 0.36455200 0.70710700
vn 0.00000000 0.00000000 1.00000000
vn -0.64175300 0.29690600 0.70710700
vn 0.00000000 0.00000000 1.00000000
vn -0.67009200 0.22578000 0.70710700
vn 0.00000000 0.00000000 1.00000000
vn -0.69057500 0.15200700 0.70710700
vn 0.00000000 0.00000000 1.00000000
vn 0.00000000 0.00000000 1.00000000
vn -0.70296200 0.07645170 0.70710700
vn 0.03828200 -0.70607000 0.70710700
vn 0.00000000 0.00000000 1.00000000
vn -0.03828200 -0.70607000 0.70710700
vn 0.00000000 0.00000000 1.00000000
vn 0.26172700 -0.65688600 0.70710700
vn 0.00000000 0.00000000 1.00000000
vn 0.18917100 -0.68133300 0.70710700
vn 0.00000000 0.00000000 1.00000000
vn 0.00000000 0.00000000 1.00000000
vn -0.18917100 -0.68133300 0.70710700
vn 0.00000000 0.00000000 1.00000000
vn -0.11439700 -0.69779200 0.70710700
vn 0.00000000 -0.00000000 1.00000000
vn 0.00000000 0.00000000 1.00000000
vn -0.70296200 -0.07645170 0.70710700
vn 0.00000000 0.00000000 1.00000000
vn 0.00000000 0.00000000 1.00000000
vn -0.70710700 0.00000000 0.70710700
vn -0.67009200 -0.22578000 0.70710700
vn 0.00000000 0.00000000 1.00000000
vn 0.00000000 0.00000000 1.00000000
vn -0.69057500 -0.15200700 0.70710700
vn -0.45777100 -0.53893000 0.70710700
vn 0.00000000 0.00000000 1.00000000
vn 0.00000000 0.00000000 1.00000000
vn -0.51335600 -0.48627700 0.70710700
vn 0.00000000 -0.00000000 1.00000000
vn 0.00000000 0.00000000 1.00000000
vn 0.00000000 -0.00000000 1.00000000
vn 0.00000000 0.00000000 1.00000000
vn -0.64175300 -0.29690600 0.70710700
vn 0.00000000 0.00000000 1.00000000
vn 0.00000000 0.00000000 1.00000000
vn -0.60589000 -0.36455200 0.70710700
vn 0.00000000 0.00000000 1.00000000
vn -0.56292300 -0.42792300 0.70710700
vn 0.00000000 0.00000000 1.00000000
vn 0.00000000 -0.00000000 1.00000000
vn 0.00000000 -0.00000000 1.00000000
vn 0.00000000 0.00000000 1.00000000
vn 0.00000000 0.00000000 1.00000000
vn -0.39681900 -0.58526500 0.70710700
vn 0.00000000 0.00000000 1.00000000
vn 0.00000000 -0.00000000 1.00000000
vn 0.00000000 0.00000000 1.00000000
vn -0.33121500 -0.62473700 0.70710700
vn 0.00000000 0.00000000 1.00000000
vn 0.00000000 -0.00000000 1.00000000
vn 0.11439700 -0.69779200 0.70710700
vn 0.00000000 0.00000000 1.00000000
vn 0.00000000 -0.00000000 1.00000000
vn 0.00000000 0.00000000 1.00000000
vn 0.00000000 0.00000000 1.00000000
vn 0.00000000 -0.00000000 1.00000000
vn 0.00000000 0.00000000 1.00000000
vn -0.51335600 0.48627700 0.70710700
vn -0.00000000 0.00000000 1.00000000
vn 0.00000000 -0.00000000 1.00000000
vn 0.00000000 0.00000000 1.00000000
vn 0.00000000 0.00000000 1.00000000
vn 0.00000000 -0.00000000 1.00000000
vn 0.00000000 0.00000000 1.00000000
vn 0.00000000 0.00000000 1.00000000
vn 0.39681900 0.58526500 0.70710700
vn -0.00000000 0.00000000 1.00000000
vn 0.00000000 0.00000000 1.00000000
vn 0.00000000 0.00000000 1.00000000
vn 0.00000000 -0.00000000 1.00000000
vn 0.00000000 0.00000000 1.00000000
vn 0.00000000 -0.00000000 1.00000000
vn 0.26172700 0.65688600 0.70710700
vn 0.00000000 0.00000000 1.00000000
vn 0.00000000 -0.00000000 1.00000000
vn 0.00000000 0.00000000 1.00000000
vn 0.00000000 -0.00000000 1.00000000
vn 0.00000000 0.00000000 1.00000000
vn 0.00000000 0.00000000 1.00000000
vn -0.03828200 0.70607000 0.70710700
vn 0.00000000 0.00000000 1.00000000
vn 0.03828200 0.70607000 0.70710700
vn 0.00000000 0.00000000 1.00000000
vn -0.56292300 0.42792300 0.70710700
vn 0.00000000 0.00000000 1.00000000
vn 0.00000000 -0.00000000 1.00000000
vn 0.00000000 0.00000000 1.00000000
vn -0.26172700 -0.65688600 0.70710700
vn 0.00000000 0.00000000 1.00000000
vn 0.33121500 0.62473700 0.70710700
vn 0.11439700 0.69779200 0.70710700
vn 0.00000000 0.00000000 1.00000000
vn 0.00000000 0.00000000 1.00000000
vn 0.18917100 0.68133300 0.70710700
vn -0.11439700 0.69779200 0.70710700
vn 0.00000000 0.00000000 1.00000000
vn -0.45777100 0.53893000 0.70710700
vn 0.00000000 0.00000000 1.00000000
vn 0.00000000 0.00000000 1.00000000
vn 0.00000000 -0.00000000 1.00000000
vn 0.00000000 0.00000000 1.00000000
vn 0.00000000 -0.00000000 1.00000000
vn 0.00000000 0.00000000 1.00000000
vn 0.00000000 -0.00000000 1.00000000
vn 0.00000000 0.00000000 1.00000000
vn 0.00000000 -0.00000000 1.00000000
vn 0.64175300 0.29690600 0.70710700
vn 0.00000000 0.00000000 1.00000000
vn 0.67009200 0.22578000 0.70710700
vn 0.00000000 0.00000000 1.00000000
vn 0.00000000 0.00000000 1.00000000
vn 0.56292300 0.42792300 0.70710700
vn 0.60589000 0.36455200 0.70710700
vn 0.00000000 0.00000000 1.00000000
vn 0.00000000 0.00000000 1.00000000
vn -0.39681900 0.58526500 0.70710700
vn 0.00000000 0.00000000 1.00000000
vn -0.33121500 0.62473700 0.70710700
vn 0.00000000 0.00000000 1.00000000
vn -0.60589000 0.36455200 0.70710700
vn 0.00000000 -0.00000000 1.00000000
vn 0.00000000 0.00000000 1.00000000
vn 0.00000000 -0.00000000 1.00000000
vn 0.00000000 0.00000000 1.00000000
vn 0.00000000 0.00000000 1.00000000
vn 0.00000000 -0.00000000 1.00000000
vn 0.00000000 0.00000000 1.00000000
vn 0.60589000 -0.36455200 0.70710700
vn 0.56292300 -0.42792300 0.70710700
vn 0.00000000 0.00000000 1.00000000
vn 0.00000000 0.00000000 1.00000000
vn -0.26172700 0.65688600 0.70710700
vn 0.00000000 -0.00000000 1.00000000
vn 0.00000000 0.00000000 1.00000000
vn 0.00000000 0.00000000 1.00000000
vn -0.67009200 0.22578000 0.70710700
vn 0.00000000 -0.00000000 1.00000000
vn 0.00000000 0.00000000 1.00000000
vn 0.00000000 0.00000000 1.00000000
vn 0.64175300 -0.29690600 0.70710700
vn 0.69057500 -0.15200700 0.70710700
vn 0.00000000 0.00000000 1.00000000
vn 0.67009200 -0.22578000 0.70710700
vn 0.00000000 0.00000000 1.00000000
vn 0.00000000 0.00000000 1.00000000
vn 0.70710700 0.00000000 0.70710700
vn 0.00000000 0.00000000 1.00000000
vn 0.70296200 -0.07645170 0.70710700
vn 0.00000000 0.00000000 1.00000000
vn 0.51335600 0.48627700 0.70710700
vn 0.00000000 0.00000000 1.00000000
vn 0.45777100 0.53893000 0.70710700
vn -0.18917100 0.68133300 0.70710700
vn 0.00000000 0.00000000 1.00000000
vn 0.00000000 0.00000000 1.00000000
vn -0.64175300 0.29690600 0.70710700
vn -0.70296200 0.07645170 0.70710700
vn 0.00000000 0.00000000 1.00000000
vn 0.00000000 0.00000000 1.00000000
vn -0.69057500 0.15200700 0.70710700
vn 0.39681900 -0.58526500 0.70710700
vn 0.00000000 0.00000000 1.00000000
vn 0.33121500 -0.62473700 0.70710700
vn 0.00000000 0.00000000 1.00000000
vn 0.00000000 0.00000000 1.00000000
vn 0.51335600 -0.48627700 0.70710700
vn 0.00000000 0.00000000 1.00000000
vn 0.45777100 -0.53893000 0.70710700
vn 0.00000000 0.00000000 1.00000000
vn 0.69057500 0.15200700 0.70710700
vn 0.00000000 0.00000000 1.00000000
vn 0.70296200 0.07645170 0.70710700
vn -0.99413800 -0.10811900 0.00000000
vn -0.70296200 -0.07645170 0.70710700
vn -0.69057500 -0.15200700 0.70710700
vn -0.97662100 -0.21497000 0.00000000
vn -0.67009200 -0.22578000 0.70710700
vn -0.94765300 -0.31930200 0.00000000
vn -0.64175300 -0.29690600 0.70710700
vn -0.90757500 -0.41988900 0.00000000
vn -0.60589000 -0.36455200 0.70710700
vn -0.85685700 -0.51555400 0.00000000
vn -0.56292300 -0.42792300 0.70710700
vn -0.79609300 -0.60517400 0.00000000
vn -0.51335600 -0.48627700 0.70710700
vn -0.72599500 -0.68769900 0.00000000
vn -0.45777100 -0.53893000 0.70710700
vn -0.64738600 -0.76216200 0.00000000
vn -0.56118700 -0.82768900 0.00000000
vn -0.39681900 -0.58526500 0.70710700
vn -0.46840800 -0.88351200 0.00000000
vn -0.33121500 -0.62473700 0.70710700
vn -0.26172700 -0.65688600 0.70710700
vn -0.37013800 -0.92897700 0.00000000
vn -0.18917100 -0.68133300 0.70710700
vn -0.26752800 -0.96355000 0.00000000
vn -0.16178200 -0.98682700 0.00000000
vn -0.11439700 -0.69779200 0.70710700
vn -0.03828200 -0.70607000 0.70710700
vn -0.05413890 -0.99853300 0.00000000
vn 0.05413890 -0.99853300 0.00000000
vn 0.03828200 -0.70607000 0.70710700
vn 0.11439700 -0.69779200 0.70710700
vn 0.16178200 -0.98682700 0.00000000
vn 0.18917100 -0.68133300 0.70710700
vn 0.26752800 -0.96355000 0.00000000
vn 0.37013800 -0.92897700 0.00000000
vn 0.26172700 -0.65688600 0.70710700
vn 0.33121500 -0.62473700 0.70710700
vn 0.46840800 -0.88351200 0.00000000
vn 0.39681900 -0.58526500 0.70710700
vn 0.56118700 -0.82768900 0.00000000
vn 0.64738600 -0.76216200 0.00000000
vn 0.45777100 -0.53893000 0.70710700
vn 0.72599500 -0.68769900 0.00000000
vn 0.51335600 -0.48627700 0.70710700
vn 0.79609300 -0.60517400 0.00000000
vn 0.56292300 -0.42792300 0.70710700
vn 0.85685700 -0.51555400 0.00000000
vn 0.60589000 -0.36455200 0.70710700
vn 0.64175300 -0.29690600 0.70710700
vn 0.90757500 -0.41988900 0.00000000
vn 0.67009200 -0.22578000 0.70710700
vn 0.94765300 -0.31930200 0.00000000
vn 0.97662100 -0.21497000 0.00000000
vn 0.69057500 -0.15200700 0.70710700
vn 0.70296200 -0.07645170 0.70710700
vn 0.99413800 -0.10811900 0.00000000
vn 1.00000000 0.00000000 0.00000000
vn 0.70710700 0.00000000 0.70710700
vn 0.99413800 0.10811900 0.00000000
vn 0.70296200 0.07645170 0.70710700
vn 0.97662100 0.21497000 0.00000000
vn 0.69057500 0.15200700 0.70710700
vn 0.94765300 0.31930200 0.00000000
vn 0.67009200 0.22578000 0.70710700
vn 0.90757500 0.41988900 0.00000000
vn 0.64175300 0.29690600 0.70710700
vn 0.85685700 0.51555400 0.00000000
vn 0.60589000 0.36455200 0.70710700
vn 0.79609300 0.60517400 0.00000000
vn 0.56292300 0.42792300 0.70710700
vn 0.72599500 0.68769900 0.00000000
vn 0.51335600 0.48627700 0.70710700
vn 0.64738600 0.76216200 0.00000000
vn 0.45777100 0.53893000 0.70710700
vn 0.56118700 0.82768900 0.00000000
vn 0.39681900 0.58526500 0.70710700
vn 0.33121500 0.62473700 0.70710700
vn 0.46840800 0.88351200 0.00000000
vn 0.26172700 0.65688600 0.70710700
vn 0.37013800 0.92897700 0.00000000
vn 0.18917100 0.68133300 0.70710700
vn 0.26752800 0.96355000 0.00000000
vn 0.16178200 0.98682700 0.00000000
vn 0.11439700 0.69779200 0.70710700
vn 0.05413890 0.99853300 0.00000000
vn 0.03828200 0.70607000 0.70710700
vn -0.05413890 0.99853300 0.00000000
vn -0.03828200 0.70607000 0.70710700
vn -0.16178200 0.98682700 0.00000000
vn -0.11439700 0.69779200 0.70710700
vn -0.18917100 0.68133300 0.70710700
vn -0.26752800 0.96355000 0.00000000
vn -0.26172700 0.65688600 0.70710700
vn -0.37013800 0.92897700 0.00000000
vn -0.33121500 0.62473700 0.70710700
vn -0.46840800 0.88351200 0.00000000
vn -0.39681900 0.58526500 0.70710700
vn -0.56118700 0.82768900 0.00000000
vn -0.64738600 0.76216200 0.00000000
vn -0.45777100 0.53893000 0.70710700
vn -0.51335600 0.48627700 0.70710700
vn -0.72599500 0.68769900 0.00000000
vn -0.79609300 0.60517400 0.00000000
vn -0.56292300 0.42792300 0.70710700
vn -0.85685700 0.51555400 0.00000000
vn -0.60589000 0.36455200 0.70710700
vn -0.90757500 0.41988900 0.00000000
vn -0.64175300 0.29690600 0.70710700
vn -0.67009200 0.22578000 0.70710700
vn -0.94765300 0.31930200 0.00000000
vn -0.97662100 0.21497000 0.00000000
vn -0.69057500 0.15200700 0.70710700
vn -0.99413800 0.10811900 0.00000000
vn -0.70296200 0.07645170 0.70710700
vn -1.00000000 -0.00000000 0.00000000
vn -0.70710700 0.00000000 0.70710700
vn 0.99413800 0.10811900 0.00000000
vn 0.00000000 0.00000000 -1.00000000
vn 1.00000000 0.00000000 0.00000000
vn 0.00000000 0.00000000 -1.00000000
vn 0.00000000 0.00000000 -1.00000000
vn 0.97662100 0.21497000 0.00000000
vn 0.94765300 0.31930200 0.00000000
vn 0.00000000 0.00000000 -1.00000000
vn 0.00000000 0.00000000 -1.00000000
vn 0.90757500 0.41988900 0.00000000
vn 0.85685700 0.51555400 0.00000000
vn 0.00000000 0.00000000 -1.00000000
vn 0.79609300 0.60517400 0.00000000
vn 0.00000000 0.00000000 -1.00000000
vn 0.00000000 0.00000000 -1.00000000
vn 0.72599500 0.68769900 0.00000000
vn 0.00000000 0.00000000 -1.00000000
vn 0.64738600 0.76216200 0.00000000
vn 0.00000000 0.00000000 -1.00000000
vn 0.56118700 0.82768900 0.00000000
vn 0.00000000 0.00000000 -1.00000000
vn 0.46840800 0.88351200 0.00000000
vn 0.37013800 0.92897700 0.00000000
vn 0.00000000 0.00000000 -1.00000000
vn 0.26752800 0.96355000 0.00000000
vn 0.00000000 0.00000000 -1.00000000
vn 0.00000000 0.00000000 -1.00000000
vn 0.16178200 0.98682700 0.00000000
vn 0.05413890 0.99853300 0.00000000
vn 0.00000000 0.00000000 -1.00000000
vn -0.05413890 0.99853300 0.00000000
vn 0.00000000 0.00000000 -1.00000000
vn 0.00000000 0.00000000 -1.00000000
vn -0.16178200 0.98682700 0.00000000
vn 0.00000000 0.00000000 -1.00000000
vn -0.26752800 0.96355000 0.00000000
vn -0.37013800 0.92897700 0.00000000
vn 0.00000000 0.00000000 -1.00000000
vn -0.46840800 0.88351200 0.00000000
vn 0.00000000 0.00000000 -1.00000000
vn -0.56118700 0.82768900 0.00000000
vn 0.00000000 0.00000000 -1.00000000
vn 0.00000000 0.00000000 -1.00000000
vn -0.64738600 0.76216200 0.00000000
vn -0.72599500 0.68769900 0.00000000
vn 0.00000000 0.00000000 -1.00000000
vn -0.79609300 0.60517400 0.00000000
vn 0.00000000 0.00000000 -1.00000000
vn -0.85685700 0.51555400 0.00000000
vn 0.00000000 0.00000000 -1.00000000
vn 0.00000000 0.00000000 -1.00000000
vn -0.90757500 0.41988900 0.00000000
vn -0.94765300 0.31930200 0.00000000
vn 0.00000000 0.00000000 -1.00000000
vn -0.97662100 0.21497000 0.00000000
vn 0.00000000 0.00000000 -1.00000000
vn -0.99413800 0.10811900 0.00000000
vn 0.00000000 0.00000000 -1.00000000
vn 0.00000000 0.00000000 -1.00000000
vn -1.00000000 -0.00000000 0.00000000
vn 0.00000000 0.00000000 -1.00000000
vn -0.99413800 -0.10811900 0.00000000
vn 0.00000000 0.00000000 -1.00000000
vn -0.97662100 -0.21497000 0.00000000
vn 0.00000000 0.00000000 -1.00000000
vn -0.94765300 -0.31930200 0.00000000
vn 0.00000000 0.00000000 -1.00000000
vn -0.90757500 -0.41988900 0.00000000
vn 0.00000000 0.00000000 -1.00000000
vn -0.85685700 -0.51555400 0.00000000
vn 0.00000000 0.00000000 -1.00000000
vn -0.79609300 -0.60517400 0.00000000
vn 0.00000000 0.00000000 -1.00000000
vn -0.72599500 -0.68769900 0.00000000
vn -0.64738600 -0.76216200 0.00000000
vn 0.00000000 0.00000000 -1.00000000
vn 0.00000000 0.00000000 -1.00000000
vn -0.56118700 -0.82768900 0.00000000
vn 0.00000000 0.00000000 -1.00000000
vn -0.46840800 -0.88351200 0.00000000
vn 0.00000000 0.00000000 -1.00000000
vn -0.37013800 -0.92897700 0.00000000
vn -0.26752800 -0.96355000 0.00000000
vn 0.00000000 0.00000000 -1.00000000
vn -0.16178200 -0.98682700 0.00000000
vn 0.00000000 0.00000000 -1.00000000
vn -0.05413890 -0.99853300 0.00000000
vn 0.00000000 0.00000000 -1.00000000
vn 0.05413890 -0.99853300 0.00000000
vn 0.00000000 0.00000000 -1.00000000
vn 0.16178200 -0.98682700 0.00000000
vn 0.00000000 0.00000000 -1.00000000
vn 0.00000000 0.00000000 -1.00000000
vn 0.26752800 -0.96355000 0.00000000
vn 0.00000000 0.00000000 -1.00000000
vn 0.37013800 -0.92897700 0.00000000
vn 0.46840800 -0.88351200 0.00000000
vn 0.00000000 0.00000000 -1.00000000
vn 0.56118700 -0.82768900 0.00000000
vn 0.00000000 0.00000000 -1.00000000
vn 0.64738600 -0.76216200 0.00000000
vn 0.00000000 0.00000000 -1.00000000
vn 0.72599500 -0.68769900 0.00000000
vn 0.00000000 0.00000000 -1.00000000
vn 0.00000000 0.00000000 -1.00000000
vn 0.79609300 -0.60517400 0.00000000
vn 0.00000000 0.00000000 -1.00000000
vn 0.85685700 -0.51555400 0.00000000
vn 0.90757500 -0.41988900 0.00000000
vn 0.00000000 0.00000000 -1.00000000
vn 0.00000000 0.00000000 -1.00000000
vn 0.94765300 -0.31930200 0.00000000
vn 0.00000000 0.00000000 -1.00000000
vn 0.97662100 -0.21497000 0.00000000
vn 0.99413800 -0.10811900 0.00000000
vn 0.00000000 0.00000000 -1.00000000
vn -0.05413890 -0.99853300 0.00000000
vn 0.00000000 0.00000000 -1.00000000
vn 0.05413890 -0.99853300 0.00000000
vn 0.00000000 0.00000000 -1.00000000
vn 0.00000000 0.00000000 -1.00000000
vn 0.05413890 0.99853300 0.00000000
vn 0.00000000 0.00000000 -1.00000000
vn -0.05413890 0.99853300 0.00000000
vn 0.00000000 0.00000000 -1.00000000
vn -0.94765300 -0.31930200 0.00000000
vn -0.90757500 -0.41988900 0.00000000
vn 0.00000000 0.00000000 -1.00000000
vn -0.99413800 0.10811900 0.00000000
vn 0.00000000 0.00000000 -1.00000000
vn 0.00000000 0.00000000 -1.00000000
vn -1.00000000 -0.00000000 0.00000000
vn -0.85685700 0.51555400 0.00000000
vn 0.00000000 0.00000000 -1.00000000
vn 0.00000000 0.00000000 -1.00000000
vn -0.90757500 0.41988900 0.00000000
vn 1.00000000 0.00000000 0.00000000
vn 0.00000000 0.00000000 -1.00000000
vn -0.64738600 0.76216200 0.00000000
vn 0.00000000 0.00000000 -1.00000000
vn -0.72599500 0.68769900 0.00000000
vn 0.00000000 0.00000000 -1.00000000
vn -0.16178200 0.98682700 0.00000000
vn 0.00000000 0.00000000 -1.00000000
vn 0.00000000 0.00000000 -1.00000000
vn -0.90757500 -0.41988900 0.00000000
vn -0.16178200 -0.98682700 0.00000000
vn 0.00000000 0.00000000 -1.00000000
vn 0.00000000 0.00000000 -1.00000000
vn -0.56118700 -0.82768900 0.00000000
vn -0.46840800 -0.88351200 0.00000000
vn 0.00000000 0.00000000 -1.00000000
vn 0.00000000 0.00000000 -1.00000000
vn -0.79609300 -0.60517400 0.00000000
vn 0.00000000 0.00000000 -1.00000000
vn -0.72599500 -0.68769900 0.00000000
vn 0.00000000 0.00000000 -1.00000000
vn -0.97662100 -0.21497000 0.00000000
vn 0.00000000 0.00000000 -1.00000000
vn -0.99413800 -0.10811900 0.00000000
vn 0.00000000 0.00000000 -1.00000000
vn -0.94765300 0.31930200 0.00000000
vn 0.00000000 0.00000000 -1.00000000
vn -0.56118700 0.82768900 0.00000000
vn 0.00000000 0.00000000 -1.00000000
vn -0.37013800 0.92897700 0.00000000
vn 0.00000000 0.00000000 -1.00000000
vn -0.46840800 0.88351200 0.00000000
vn 0.00000000 0.00000000 -1.00000000
vn -0.56118700 -0.82768900 0.00000000
vn -0.46840800 -0.88351200 0.00000000
vn 0.00000000 0.00000000 -1.00000000
vn -0.37013800 0.92897700 0.00000000
vn 0.00000000 0.00000000 -1.00000000
vn 0.00000000 0.00000000 -1.00000000
vn -0.94765300 -0.31930200 0.00000000
vn 0.00000000 0.00000000 -1.00000000
vn -0.99413800 0.10811900 0.00000000
vn -1.00000000 -0.00000000 0.00000000
vn 0.00000000 0.00000000 -1.00000000
vn 0.00000000 0.00000000 -1.00000000
vn 0.16178200 0.98682700 0.00000000
vn 0.16178200 -0.98682700 0.00000000
vn 0.00000000 0.00000000 -1.00000000
vn 0.26752800 -0.96355000 0.00000000
vn 0.00000000 0.00000000 -1.00000000
vn 0.00000000 0.00000000 -1.00000000
vn -0.37013800 -0.92897700 0.00000000
vn 0.37013800 -0.92897700 0.00000000
vn 0.00000000 0.00000000 -1.00000000
vn 0.00000000 0.00000000 -1.00000000
vn -1.00000000 0.00000000 0.00000000
vn 0.00000000 0.00000000 -1.00000000
vn 0.37013800 0.92897700 0.00000000
vn 0.00000000 0.00000000 -1.00000000
vn -0.64738600 -0.76216200 0.00000000
vn 0.00000000 0.00000000 -1.00000000
vn -0.85685700 -0.51555400 0.00000000
vn 0.00000000 0.00000000 -1.00000000
vn -0.97662100 0.21497000 0.00000000
vn -0.26752800 0.96355000 0.00000000
vn 0.00000000 0.00000000 -1.00000000
vn 0.00000000 0.00000000 -1.00000000
vn -0.64738600 -0.76216200 0.00000000
vn 0.00000000 0.00000000 -1.00000000
vn -0.79609300 -0.60517400 0.00000000
vn 0.00000000 0.00000000 -1.00000000
vn -0.72599500 -0.68769900 0.00000000
vn 0.00000000 0.00000000 -1.00000000
vn -0.97662100 -0.21497000 0.00000000
vn -0.99413800 -0.10811900 0.00000000
vn 0.00000000 0.00000000 -1.00000000
vn -0.94765300 0.31930200 0.00000000
vn 0.00000000 0.00000000 -1.00000000
vn -0.97662100 0.21497000 0.00000000
vn 0.00000000 0.00000000 -1.00000000
vn 0.00000000 0.00000000 -1.00000000
vn -0.85685700 0.51555400 0.00000000
vn -0.90757500 0.41988900 0.00000000
vn 0.00000000 0.00000000 -1.00000000
vn -0.26752800 -0.96355000 0.00000000
vn 0.00000000 0.00000000 -1.00000000
vn 0.00000000 0.00000000 -1.00000000
vn 0.46840800 0.88351200 0.00000000
vn -0.79609300 0.60517400 0.00000000
vn 0.00000000 0.00000000 -1.00000000
vn 0.85685700 0.51555400 0.00000000
vn 0.00000000 0.00000000 -1.00000000
vn 0.00000000 0.00000000 -1.00000000
vn 0.90757500 0.41988900 0.00000000
vn 0.00000000 0.00000000 -1.00000000
vn 0.94765300 0.31930200 0.00000000
vn -0.85685700 -0.51555400 0.00000000
vn 0.00000000 0.00000000 -1.00000000
vn 0.46840800 -0.88351200 0.00000000
vn 0.00000000 0.00000000 -1.00000000
vn 0.00000000 0.00000000 -1.00000000
vn 0.56118700 -0.82768900 0.00000000
vn 0.00000000 0.00000000 -1.00000000
vn 0.26752800 0.96355000 0.00000000
vn 0.97662100 0.21497000 0.00000000
vn 0.00000000 0.00000000 -1.00000000
vn 0.00000000 0.00000000 -1.00000000
vn -0.64738600 0.76216200 0.00000000
vn 0.00000000 0.00000000 -1.00000000
vn -0.72599500 0.68769900 0.00000000
vn 0.00000000 0.00000000 -1.00000000
vn 0.99413800 0.10811900 0.00000000
vn -0.56118700 0.82768900 0.00000000
vn 0.00000000 0.00000000 -1.00000000
vn 0.16178200 -0.98682700 0.00000000
vn 0.00000000 0.00000000 -1.00000000
vn 0.26752800 -0.96355000 0.00000000
vn 0.00000000 0.00000000 -1.00000000
vn 0.00000000 0.00000000 -1.00000000
vn -0.79609300 0.60517400 0.00000000
vn -0.37013800 0.92897700 0.00000000
vn 0.00000000 0.00000000 -1.00000000
vn 0.00000000 0.00000000 -1.00000000
vn -0.46840800 0.88351200 0.00000000
vn -0.16178200 0.98682700 0.00000000
vn 0.00000000 0.00000000 -1.00000000
vn -0.26752800 0.96355000 0.00000000
vn 0.00000000 0.00000000 -1.00000000
vn 0.00000000 0.00000000 -1.00000000
vn 0.72599500 -0.68769900 0.00000000
vn 0.00000000 0.00000000 -1.00000000
vn 0.79609300 -0.60517400 0.00000000
vn 0.00000000 0.00000000 -1.00000000
vn -0.97662100 -0.21497000 0.00000000
vn 0.64738600 -0.76216200 0.00000000
vn 0.00000000 0.00000000 -1.00000000
vn -0.99413800 -0.10811900 0.00000000
vn 0.00000000 0.00000000 -1.00000000
vn 0.72599500 0.68769900 0.00000000
vn 0.00000000 0.00000000 -1.00000000
vn 0.00000000 0.00000000 -1.00000000
vn -0.99413800 0.10811900 0.00000000
vn 0.00000000 0.00000000 -1.00000000
vn -0.97662100 0.21497000 0.00000000
vn 0.79609300 0.60517400 0.00000000
vn 0.00000000 0.00000000 -1.00000000
vn -0.94765300 0.31930200 0.00000000
vn 0.00000000 0.00000000 -1.00000000
vn 0.85685700 0.51555400 0.00000000
vn 0.00000000 0.00000000 -1.00000000
vn -0.90757500 0.41988900 0.00000000
vn 0.00000000 0.00000000 -1.00000000
vn -0.64738600 0.76216200 0.00000000
vn 0.00000000 0.00000000 -1.00000000
vn -0.37013800 -0.92897700 0.00000000
vn 0.00000000 0.00000000 -1.00000000
vn 0.00000000 0.00000000 -1.00000000
vn -0.26752800 -0.96355000 0.00000000
vn -0.46840800 0.88351200 0.00000000
vn 0.00000000 0.00000000 -1.00000000
vn 0.00000000 0.00000000 -1.00000000
vn -0.56118700 0.82768900 0.00000000
vn 0.00000000 0.00000000 -1.00000000
vn -0.05413890 0.99853300 0.00000000
vn 0.00000000 0.00000000 -1.00000000
vn 0.05413890 0.99853300 0.00000000
vn 0.00000000 0.00000000 -1.00000000
vn 0.16178200 0.98682700 0.00000000
vn 0.00000000 0.00000000 -1.00000000
vn 0.85685700 -0.51555400 0.00000000
vn 0.00000000 0.00000000 -1.00000000
vn -0.94765300 -0.31930200 0.00000000
vn 0.64738600 0.76216200 0.00000000
vn 0.00000000 0.00000000 -1.00000000
vn 0.56118700 0.82768900 0.00000000
vn 0.00000000 0.00000000 -1.00000000
vn 0.00000000 0.00000000 -1.00000000
vn 0.94765300 0.31930200 0.00000000
vn 0.00000000 0.00000000 -1.00000000
vn 0.90757500 0.41988900 0.00000000
vn -0.85685700 0.51555400 0.00000000
vn 0.00000000 0.00000000 -1.00000000
vn -0.16178200 0.98682700 0.00000000
vn 0.00000000 0.00000000 -1.00000000
vn -0.26752800 0.96355000 0.00000000
vn 0.00000000 0.00000000 -1.00000000
vn 0.00000000 0.00000000 -1.00000000
vn -0.05413890 0.99853300 0.00000000
vn 0.99413800 -0.10811900 0.00000000
vn 0.00000000 0.00000000 -1.00000000
vn 0.97662100 -0.21497000 0.00000000
vn 0.00000000 0.00000000 -1.00000000
vn 0.00000000 0.00000000 -1.00000000
vn -0.26752800 -0.96355000 0.00000000
vn 0.00000000 0.00000000 -1.00000000
vn -0.56118700 -0.82768900 0.00000000
vn 0.56118700 -0.82768900 0.00000000
vn 0.00000000 0.00000000 -1.00000000
vn 0.64738600 -0.76216200 0.00000000
vn 0.00000000 0.00000000 -1.00000000
vn 0.00000000 0.00000000 -1.00000000
vn 0.05413890 -0.99853300 0.00000000
vn -0.16178200 -0.98682700 0.00000000
vn 0.00000000 0.00000000 -1.00000000
vn -0.05413890 -0.99853300 0.00000000
vn 0.00000000 0.00000000 -1.00000000
vn 0.26752800 0.96355000 0.00000000
vn 0.00000000 0.00000000 -1.00000000
vn 0.00000000 0.00000000 -1.00000000
vn 0.37013800 0.92897700 0.00000000
vn 0.00000000 0.00000000 -1.00000000
vn 0.46840800 0.88351200 0.00000000
vn 0.90757500 -0.41988900 0.00000000
vn 0.00000000 0.00000000 -1.00000000
vn 0.00000000 0.00000000 -1.00000000
vn -0.90757500 -0.41988900 0.00000000
vn 0.97662100 0.21497000 0.00000000
vn 0.00000000 0.00000000 -1.00000000
vn 0.94765300 -0.31930200 0.00000000
vn 0.00000000 0.00000000 -1.00000000
vn 0.90757500 -0.41988900 0.00000000
vn 0.00000000 0.00000000 -1.00000000
vn 0.56118700 -0.82768900 0.00000000
vn 0.00000000 0.00000000 -1.00000000
vn -0.16178200 -0.98682700 0.00000000
vn 0.00000000 0.00000000 -1.00000000
vn 0.00000000 0.00000000 -1.00000000
vn -0.37013800 -0.92897700 0.00000000
vn 0.05413890 0.99853300 0.00000000
vn 0.00000000 0.00000000 -1.00000000
vn 0.00000000 0.00000000 -1.00000000
vn 0.46840800 -0.88351200 0.00000000
vn 0.56118700 0.82768900 0.00000000
vn 0.00000000 0.00000000 -1.00000000
vn 0.00000000 0.00000000 -1.00000000
vn 0.64738600 0.76216200 0.00000000
vn 0.00000000 0.00000000 -1.00000000
vn 0.94765300 -0.31930200 0.00000000
vn 0.97662100 -0.21497000 0.00000000
vn 0.00000000 0.00000000 -1.00000000
vn -0.85685700 -0.51555400 0.00000000
vn 0.00000000 0.00000000 -1.00000000
vn 0.85685700 -0.51555400 0.00000000
vn 0.00000000 0.00000000 -1.00000000
vn 0.00000000 0.00000000 -1.00000000
vn 0.79609300 -0.60517400 0.00000000
vn 0.00000000 0.00000000 -1.00000000
vn 0.72599500 -0.68769900 0.00000000
vn 0.64738600 -0.76216200 0.00000000
vn 0.00000000 0.00000000 -1.00000000
vn 0.37013800 -0.92897700 0.00000000
vn 0.00000000 0.00000000 -1.00000000
vn 0.00000000 0.00000000 -1.00000000
vn 0.26752800 -0.96355000 0.00000000
vn 0.16178200 -0.98682700 0.00000000
vn 0.00000000 0.00000000 -1.00000000
vn 0.00000000 0.00000000 -1.00000000
vn 0.05413890 -0.99853300 0.00000000
vn -0.46840800 -0.88351200 0.00000000
vn 0.00000000 0.00000000 -1.00000000
vn 0.00000000 0.00000000 -1.00000000
vn 0.16178200 0.98682700 0.00000000
vn 0.00000000 0.00000000 -1.00000000
vn 0.37013800 -0.92897700 0.00000000
vn 0.00000000 0.00000000 -1.00000000
vn 0.46840800 -0.88351200 0.00000000
vn -0.05413890 -0.99853300 0.00000000
vn 0.00000000 0.00000000 -1.00000000
vn -0.64738600 -0.76216200 0.00000000
vn 0.00000000 0.00000000 -1.00000000
vn -0.72599500 -0.68769900 0.00000000
vn 0.00000000 0.00000000 -1.00000000
vn 0.64738600 0.76216200 0.00000000
vn 0.00000000 0.00000000 -1.00000000
vn -0.79609300 -0.60517400 0.00000000
vn 0.00000000 0.00000000 -1.00000000
vn 0.90757500 0.41988900 0.00000000
vn 0.00000000 0.00000000 -1.00000000
vn 0.00000000 0.00000000 -1.00000000
vn -0.72599500 0.68769900 0.00000000
vn 0.00000000 0.00000000 -1.00000000
vn 0.85685700 -0.51555400 0.00000000
vn 0.90757500 -0.41988900 0.00000000
vn 0.00000000 0.00000000 -1.00000000
vn 0.00000000 0.00000000 -1.00000000
vn 0.72599500 0.68769900 0.00000000
vn 0.79609300 0.60517400 0.00000000
vn 0.00000000 0.00000000 -1.00000000
vn 0.26752800 0.96355000 0.00000000
vn 0.00000000 0.00000000 -1.00000000
vn 0.56118700 0.82768900 0.00000000
vn 0.00000000 0.00000000 -1.00000000
vn 0.79609300 0.60517400 0.00000000
vn 0.00000000 0.00000000 -1.00000000
vn 0.72599500 0.68769900 0.00000000
vn 0.00000000 0.00000000 -1.00000000
vn 0.94765300 0.31930200 0.00000000
vn 0.00000000 0.00000000 -1.00000000
vn -0.79609300 0.60517400 0.00000000
vn 0.00000000 0.00000000 -1.00000000
vn 0.00000000 0.00000000 -1.00000000
vn 0.72599500 -0.68769900 0.00000000
vn 0.00000000 0.00000000 -1.00000000
vn 0.37013800 0.92897700 0.00000000
vn 0.46840800 0.88351200 0.00000000
vn 0.00000000 0.00000000 -1.00000000
vn 0.00000000 0.00000000 -1.00000000
vn 0.85685700 0.51555400 0.00000000
vn 0.97662100 0.21497000 0.00000000
vn 0.00000000 0.00000000 -1.00000000
vn 0.00000000 0.00000000 -1.00000000
vn 0.94765300 -0.31930200 0.00000000
vn 0.00000000 0.00000000 -1.00000000
vn 0.79609300 -0.60517400 0.00000000
vn 0.00000000 0.00000000 -1.00000000
vn 0.99413800 -0.10811900 0.00000000
vn 0.00000000 0.00000000 -1.00000000
vn 1.00000000 0.00000000 0.00000000
vn 1.00000000 0.00000000 0.00000000
vn 0.00000000 0.00000000 -1.00000000
vn 0.99413800 0.10811900 0.00000000
vn 0.00000000 0.00000000 -1.00000000
vn 0.00000000 0.00000000 -1.00000000
vn 0.97662100 -0.21497000 0.00000000
vn 0.99413800 -0.10811900 0.00000000
vn 0.00000000 0.00000000 -1.00000000
vn 0.00000000 0.00000000 -1.00000000
vn 0.99413800 0.10811900 0.00000000
vn 0.70710700 0.00000000 0.70710700
vn 1.00000000 0.00000000 0.00000000
vn 0.99413800 0.10811900 0.00000000
vn 0.70296200 0.07645170 0.70710700
vn 0.69057500 0.15200700 0.70710700
vn 0.97662100 0.21497000 0.00000000
vn 0.94765300 0.31930200 0.00000000
vn 0.67009200 0.22578000 0.70710700
vn 0.64175300 0.29690600 0.70710700
vn 0.90757500 0.41988900 0.00000000
vn 0.60589000 0.36455200 0.70710700
vn 0.85685700 0.51555400 0.00000000
vn 0.56292300 0.42792300 0.70710700
vn 0.79609300 0.60517400 0.00000000
vn 0.72599500 0.68769900 0.00000000
vn 0.51335600 0.48627700 0.70710700
vn 0.45777100 0.53893000 0.70710700
vn 0.64738600 0.76216200 0.00000000
vn 0.56118700 0.82768900 0.00000000
vn 0.39681900 0.58526500 0.70710700
vn 0.46840800 0.88351200 0.00000000
vn 0.33121500 0.62473700 0.70710700
vn 0.26172700 0.65688600 0.70710700
vn 0.37013800 0.92897700 0.00000000
vn 0.26752800 0.96355000 0.00000000
vn 0.18917100 0.68133300 0.70710700
vn 0.16178200 0.98682700 0.00000000
vn 0.11439700 0.69779200 0.70710700
vn 0.05413890 0.99853300 0.00000000
vn 0.03828200 0.70607000 0.70710700
vn -0.03828200 0.70607000 0.70710700
vn -0.05413890 0.99853300 0.00000000
vn -0.16178200 0.98682700 0.00000000
vn -0.11439700 0.69779200 0.70710700
vn -0.18917100 0.68133300 0.70710700
vn -0.26752800 0.96355000 0.00000000
vn -0.26172700 0.65688600 0.70710700
vn -0.37013800 0.92897700 0.00000000
vn -0.33121500 0.62473700 0.70710700
vn -0.46840800 0.88351200 0.00000000
vn -0.56118700 0.82768900 0.00000000
vn -0.39681900 0.58526500 0.70710700
vn -0.64738600 0.76216200 0.00000000
vn -0.45777100 0.53893000 0.70710700
vn -0.51335600 0.48627700 0.70710700
vn -0.72599500 0.68769900 0.00000000
vn -0.79609300 0.60517400 0.00000000
vn -0.56292300 0.42792300 0.70710700
vn -0.85685700 0.51555400 0.00000000
vn -0.60589000 0.36455200 0.70710700
vn -0.90757500 0.41988900 0.00000000
vn -0.64175300 0.29690600 0.70710700
vn -0.94765300 0.31930200 0.00000000
vn -0.67009200 0.22578000 0.70710700
vn -0.69057500 0.15200700 0.70710700
vn -0.97662100 0.21497000 0.00000000
vn -0.99413800 0.10811900 0.00000000
vn -0.70296200 0.07645170 0.70710700
vn -1.00000000 -0.00000000 0.00000000
vn -0.70710700 0.00000000 0.70710700
vn -0.70296200 -0.07645170 0.70710700
vn -0.99413800 -0.10811900 0.00000000
vn -0.97662100 -0.21497000 0.00000000
vn -0.69057500 -0.15200700 0.70710700
vn -0.94765300 -0.31930200 0.00000000
vn -0.67009200 -0.22578000 0.70710700
vn -0.64175300 -0.29690600 0.70710700
vn -0.90757500 -0.41988900 0.00000000
vn -0.60589000 -0.36455200 0.70710700
vn -0.85685700 -0.51555400 0.00000000
vn -0.79609300 -0.60517400 0.00000000
vn -0.56292300 -0.42792300 0.70710700
vn -0.72599500 -0.68769900 0.00000000
vn -0.51335600 -0.48627700 0.70710700
vn -0.64738600 -0.76216200 0.00000000
vn -0.45777100 -0.53893000 0.70710700
vn -0.39681900 -0.58526500 0.70710700
vn -0.56118700 -0.82768900 0.00000000
vn -0.33121500 -0.62473700 0.70710700
vn -0.46840800 -0.88351200 0.00000000
vn -0.26172700 -0.65688600 0.70710700
vn -0.37013800 -0.92897700 0.00000000
vn -0.26752800 -0.96355000 0.00000000
vn -0.18917100 -0.68133300 0.70710700
vn -0.11439700 -0.69779200 0.70710700
vn -0.16178200 -0.98682700 0.00000000
vn -0.03828200 -0.70607000 0.70710700
vn -0.05413890 -0.99853300 0.00000000
vn 0.03828200 -0.70607000 0.70710700
vn 0.05413890 -0.99853300 0.00000000
vn 0.11439700 -0.69779200 0.70710700
vn 0.16178200 -0.98682700 0.00000000
vn 0.26752800 -0.96355000 0.00000000
vn 0.18917100 -0.68133300 0.70710700
vn 0.26172700 -0.65688600 0.70710700
vn 0.37013800 -0.92897700 0.00000000
vn 0.33121500 -0.62473700 0.70710700
vn 0.46840800 -0.88351200 0.00000000
vn 0.56118700 -0.82768900 0.00000000
vn 0.39681900 -0.58526500 0.70710700
vn 0.64738600 -0.76216200 0.00000000
vn 0.45777100 -0.53893000 0.70710700
vn 0.72599500 -0.68769900 0.00000000
vn 0.51335600 -0.48627700 0.70710700
vn 0.79609300 -0.60517400 0.00000000
vn 0.56292300 -0.42792300 0.70710700
vn 0.60589000 -0.36455200 0.70710700
vn 0.85685700 -0.51555400 0.00000000
vn 0.90757500 -0.41988900 0.00000000
vn 0.64175300 -0.29690600 0.70710700
vn 0.94765300 -0.31930200 0.00000000
vn 0.67009200 -0.22578000 0.70710700
vn 0.69057500 -0.15200700 0.70710700
vn 0.97662100 -0.21497000 0.00000000
vn 0.99413800 -0.10811900 0.00000000
vn 0.70296200 -0.07645170 0.70710700
vn -0.70710700 0.00000000 0.70710700
vn 0.00000000 0.00000000 1.00000000
vn 0.00000000 0.00000000 1.00000000
vn -0.70296200 -0.07645170 0.70710700
vn 0.00000000 0.00000000 1.00000000
vn -0.69057500 -0.15200700 0.70710700
vn 0.00000000 0.00000000 1.00000000
vn -0.67009200 -0.22578000 0.70710700
vn 0.00000000 0.00000000 1.00000000
vn -0.64175300 -0.29690600 0.70710700
vn 0.00000000 0.00000000 1.00000000
vn -0.60589000 -0.36455200 0.70710700
vn 0.00000000 0.00000000 1.00000000
vn -0.56292300 -0.42792300 0.70710700
vn -0.51335600 -0.48627700 0.70710700
vn 0.00000000 0.00000000 1.00000000
vn -0.45777100 -0.53893000 0.70710700
vn 0.00000000 0.00000000 1.00000000
vn -0.39681900 -0.58526500 0.70710700
vn 0.00000000 0.00000000 1.00000000
vn 0.00000000 0.00000000 1.00000000
vn -0.33121500 -0.62473700 0.70710700
vn 0.00000000 0.00000000 1.00000000
vn -0.26172700 -0.65688600 0.70710700
vn 0.00000000 0.00000000 1.00000000
vn -0.18917100 -0.68133300 0.70710700
vn 0.00000000 0.00000000 1.00000000
vn -0.11439700 -0.69779200 0.70710700
vn -0.03828200 -0.70607000 0.70710700
vn 0.00000000 0.00000000 1.00000000
vn 0.00000000 0.00000000 1.00000000
vn 0.03828200 -0.70607000 0.70710700
vn 0.00000000 0.00000000 1.00000000
vn 0.11439700 -0.69779200 0.70710700
vn 0.18917100 -0.68133300 0.70710700
vn 0.00000000 0.00000000 1.00000000
vn 0.26172700 -0.65688600 0.70710700
vn 0.00000000 0.00000000 1.00000000
vn 0.00000000 0.00000000 1.00000000
vn 0.33121500 -0.62473700 0.70710700
vn 0.00000000 0.00000000 1.00000000
vn 0.39681900 -0.58526500 0.70710700
vn 0.00000000 0.00000000 1.00000000
vn 0.45777100 -0.53893000 0.70710700
vn 0.00000000 0.00000000 1.00000000
vn 0.51335600 -0.48627700 0.70710700
vn 0.00000000 0.00000000 1.00000000
vn 0.56292300 -0.42792300 0.70710700
vn 0.00000000 0.00000000 1.00000000
vn 0.60589000 -0.36455200 0.70710700
vn 0.00000000 0.00000000 1.00000000
vn 0.64175300 -0.29690600 0.70710700
vn 0.67009200 -0.22578000 0.70710700
vn 0.00000000 0.00000000 1.00000000
vn 0.00000000 0.00000000 1.00000000
vn 0.69057500 -0.15200700 0.70710700
vn 0.70296200 -0.07645170 0.70710700
vn 0.00000000 0.00000000 1.00000000
vn 0.70710700 0.00000000 0.70710700
vn 0.00000000 0.00000000 1.00000000
vn 0.70296200 0.07645170 0.70710700
vn 0.00000000 0.00000000 1.00000000
vn 0.69057500 0.15200700 0.70710700
vn 0.00000000 0.00000000 1.00000000
vn 0.67009200 0.22578000 0.70710700
vn 0.00000000 0.00000000 1.00000000
vn 0.00000000 0.00000000 1.00000000
vn 0.64175300 0.29690600 0.70710700
vn 0.00000000 0.00000000 1.00000000
vn 0.60589000 0.36455200 0.70710700
vn 0.00000000 0.00000000 1.00000000
vn 0.56292300 0.42792300 0.70710700
vn 0.51335600 0.48627700 0.70710700
vn 0.00000000 0.00000000 1.00000000
vn 0.45777100 0.53893000 0.70710700
vn 0.00000000 0.00000000 1.00000000
vn 0.39681900 0.58526500 0.70710700
vn 0.00000000 0.00000000 1.00000000
vn 0.00000000 0.00000000 1.00000000
vn 0.33121500 0.62473700 0.70710700
vn 0.00000000 0.00000000 1.00000000
vn 0.26172700 0.65688600 0.70710700
vn 0.00000000 0.00000000 1.00000000
vn 0.18917100 0.68133300 0.70710700
vn 0.00000000 0.00000000 1.00000000
vn 0.11439700 0.69779200 0.70710700
vn 0.00000000 0.00000000 1.00000000
vn 0.03828200 0.70607000 0.70710700
vn -0.03828200 0.70607000 0.70710700
vn 0.00000000 0.00000000 1.00000000
vn 0.00000000 0.00000000 1.00000000
vn -0.11439700 0.69779200 0.70710700
vn 0.00000000 0.00000000 1.00000000
vn -0.18917100 0.68133300 0.70710700
vn 0.00000000 0.00000000 1.00000000
vn -0.26172700 0.65688600 0.70710700
vn -0.33121500 0.62473700 0.70710700
vn 0.00000000 0.00000000 1.00000000
vn 0.00000000 0.00000000 1.00000000
vn -0.39681900 0.58526500 0.70710700
vn 0.00000000 0.00000000 1.00000000
vn -0.45777100 0.53893000 0.70710700
vn -0.51335600 0.48627700 0.70710700
vn 0.00000000 0.00000000 1.00000000
vn -0.56292300 0.42792300 0.70710700
vn 0.00000000 0.00000000 1.00000000
vn 0.00000000 0.00000000 1.00000000
vn -0.60589000 0.36455200 0.70710700
vn 0.00000000 0.00000000 1.00000000
vn -0.64175300 0.29690600 0.70710700
vn 0.00000000 0.00000000 1.00000000
vn -0.67009200 0.22578000 0.70710700
vn 0.00000000 0.00000000 1.00000000
vn -0.69057500 0.15200700 0.70710700
vn 0.00000000 0.00000000 1.00000000
vn -0.70296200 0.07645170 0.70710700
vn 0.70710700 0.00000000 0.70710700
vn 1.00000000 0.00000000 0.00000000
vn 0.70296200 0.07645170 0.70710700
vn 0.99413800 0.10811900 0.00000000
vn 0.97662100 0.21497000 0.00000000
vn 0.69057500 0.15200700 0.70710700
vn 0.67009200 0.22578000 0.70710700
vn 0.94765300 0.31930200 0.00000000
vn 0.64175300 0.29690600 0.70710700
vn 0.90757500 0.41988900 0.00000000
vn 0.85685700 0.51555400 0.00000000
vn 0.60589000 0.36455200 0.70710700
vn 0.79609300 0.60517400 0.00000000
vn 0.56292300 0.42792300 0.70710700
vn 0.72599500 0.68769900 0.00000000
vn 0.51335600 0.48627700 0.70710700
vn 0.64738600 0.76216200 0.00000000
vn 0.45777100 0.53893000 0.70710700
vn 0.56118700 0.82768900 0.00000000
vn 0.39681900 0.58526500 0.70710700
vn 0.33121500 0.62473700 0.70710700
vn 0.46840800 0.88351200 0.00000000
vn 0.26172700 0.65688600 0.70710700
vn 0.37013800 0.92897700 0.00000000
vn 0.18917100 0.68133300 0.70710700
vn 0.26752800 0.96355000 0.00000000
vn 0.16178200 0.98682700 0.00000000
vn 0.11439700 0.69779200 0.70710700
vn 0.05413890 0.99853300 0.00000000
vn 0.03828200 0.70607000 0.70710700
vn -0.05413890 0.99853300 0.00000000
vn -0.03828200 0.70607000 0.70710700
vn -0.11439700 0.69779200 0.70710700
vn -0.16178200 0.98682700 0.00000000
vn -0.26752800 0.96355000 0.00000000
vn -0.18917100 0.68133300 0.70710700
vn -0.37013800 0.92897700 0.00000000
vn -0.26172700 0.65688600 0.70710700
vn -0.46840800 0.88351200 0.00000000
vn -0.33121500 0.62473700 0.70710700
vn -0.39681900 0.58526500 0.70710700
vn -0.56118700 0.82768900 0.00000000
vn -0.64738600 0.76216200 0.00000000
vn -0.45777100 0.53893000 0.70710700
vn -0.72599500 0.68769900 0.00000000
vn -0.51335600 0.48627700 0.70710700
vn -0.79609300 0.60517400 0.00000000
vn -0.56292300 0.42792300 0.70710700
vn -0.60589000 0.36455200 0.70710700
vn -0.85685700 0.51555400 0.00000000
vn -0.90757500 0.41988900 0.00000000
vn -0.64175300 0.29690600 0.70710700
vn -0.94765300 0.31930200 0.00000000
vn -0.67009200 0.22578000 0.70710700
vn -0.97662100 0.21497000 0.00000000
vn -0.69057500 0.15200700 0.70710700
vn -0.99413800 0.10811900 0.00000000
vn -0.70296200 0.07645170 0.70710700
vn -1.00000000 -0.00000000 0.00000000
vn -0.70710700 0.00000000 0.70710700
vn -0.99413800 -0.10811900 0.00000000
vn -0.70296200 -0.07645170 0.70710700
vn -0.69057500 -0.15200700 0.70710700
vn -0.97662100 -0.21497000 0.00000000
vn -0.67009200 -0.22578000 0.70710700
vn -0.94765300 -0.31930200 0.00000000
vn -0.90757500 -0.41988900 0.00000000
vn -0.64175300 -0.29690600 0.70710700
vn -0.60589000 -0.36455200 0.70710700
vn -0.85685700 -0.51555400 0.00000000
vn -0.56292300 -0.42792300 0.70710700
vn -0.79609300 -0.60517400 0.00000000
vn -0.51335600 -0.48627700 0.70710700
vn -0.72599500 -0.68769900 0.00000000
vn -0.45777100 -0.53893000 0.70710700
vn -0.64738600 -0.76216200 0.00000000
vn -0.39681900 -0.58526500 0.70710700
vn -0.56118700 -0.82768900 0.00000000
vn -0.33121500 -0.62473700 0.70710700
vn -0.46840800 -0.88351200 0.00000000
vn -0.26172700 -0.65688600 0.70710700
vn -0.37013800 -0.92897700 0.00000000
vn -0.26752800 -0.96355000 0.00000000
vn -0.18917100 -0.68133300 0.70710700
vn -0.11439700 -0.69779200 0.70710700
vn -0.16178200 -0.98682700 0.00000000
vn -0.03828200 -0.70607000 0.70710700
vn -0.05413890 -0.99853300 0.00000000
vn 0.03828200 -0.70607000 0.70710700
vn 0.05413890 -0.99853300 0.00000000
vn 0.16178200 -0.98682700 0.00000000
vn 0.11439700 -0.69779200 0.70710700
vn 0.26752800 -0.96355000 0.00000000
vn 0.18917100 -0.68133300 0.70710700
vn 0.26172700 -0.65688600 0.70710700
vn 0.37013800 -0.92897700 0.00000000
vn 0.46840800 -0.88351200 0.00000000
vn 0.33121500 -0.62473700 0.70710700
vn 0.39681900 -0.58526500 0.70710700
vn 0.56118700 -0.82768900 0.00000000
vn 0.64738600 -0.76216200 0.00000000
vn 0.45777100 -0.53893000 0.70710700
vn 0.72599500 -0.68769900 0.00000000
vn 0.51335600 -0.48627700 0.70710700
vn 0.79609300 -0.60517400 0.00000000
vn 0.56292300 -0.42792300 0.70710700
vn 0.60589000 -0.36455200 0.70710700
vn 0.85685700 -0.51555400 0.00000000
vn 0.64175300 -0.29690600 0.70710700
vn 0.90757500 -0.41988900 0.00000000
vn 0.67009200 -0.22578000 0.70710700
vn 0.94765300 -0.31930200 0.00000000
vn 0.97662100 -0.21497000 0.00000000
vn 0.69057500 -0.15200700 0.70710700
vn 0.70296200 -0.07645170 0.70710700
vn 0.99413800 -0.10811900 0.00000000
vn -0.70710700 0.00000000 0.70710700
vn 0.00000000 0.00000000 1.00000000
vn -0.70296200 -0.07645170 0.70710700
vn 0.00000000 0.00000000 1.00000000
vn -0.69057500 -0.15200700 0.70710700
vn 0.00000000 0.00000000 1.00000000
vn 0.00000000 0.00000000 1.00000000
vn -0.67009200 -0.22578000 0.70710700
vn 0.00000000 0.00000000 1.00000000
vn -0.64175300 -0.29690600 0.70710700
vn -0.60589000 -0.36455200 0.70710700
vn 0.00000000 0.00000000 1.00000000
vn -0.56292300 -0.42792300 0.70710700
vn 0.00000000 0.00000000 1.00000000
vn 0.00000000 0.00000000 1.00000000
vn -0.51335600 -0.48627700 0.70710700
vn 0.00000000 0.00000000 1.00000000
vn -0.45777100 -0.53893000 0.70710700
vn 0.00000000 0.00000000 1.00000000
vn -0.39681900 -0.58526500 0.70710700
vn 0.00000000 0.00000000 1.00000000
vn -0.33121500 -0.62473700 0.70710700
vn 0.00000000 0.00000000 1.00000000
vn -0.26172700 -0.65688600 0.70710700
vn 0.00000000 0.00000000 1.00000000
vn -0.18917100 -0.68133300 0.70710700
vn -0.11439700 -0.69779200 0.70710700
vn 0.00000000 0.00000000 1.00000000
vn 0.00000000 0.00000000 1.00000000
vn -0.03828200 -0.70607000 0.70710700
vn 0.00000000 0.00000000 1.00000000
vn 0.03828200 -0.70607000 0.70710700
vn 0.11439700 -0.69779200 0.70710700
vn 0.00000000 0.00000000 1.00000000
vn 0.00000000 0.00000000 1.00000000
vn 0.18917100 -0.68133300 0.70710700
vn 0.00000000 0.00000000 1.00000000
vn 0.26172700 -0.65688600 0.70710700
vn 0.33121500 -0.62473700 0.70710700
vn 0.00000000 0.00000000 1.00000000
vn 0.00000000 0.00000000 1.00000000
vn 0.39681900 -0.58526500 0.70710700
vn 0.00000000 0.00000000 1.00000000
vn 0.45777100 -0.53893000 0.70710700
vn 0.00000000 0.00000000 1.00000000
vn 0.51335600 -0.48627700 0.70710700
vn 0.56292300 -0.42792300 0.70710700
vn 0.00000000 0.00000000 1.00000000
vn 0.60589000 -0.36455200 0.70710700
vn 0.00000000 0.00000000 1.00000000
vn 0.64175300 -0.29690600 0.70710700
vn 0.00000000 0.00000000 1.00000000
vn 0.67009200 -0.22578000 0.70710700
vn 0.00000000 0.00000000 1.00000000
vn 0.69057500 -0.15200700 0.70710700
vn 0.00000000 0.00000000 1.00000000
vn 0.00000000 0.00000000 1.00000000
vn 0.70296200 -0.07645170 0.70710700
vn 0.00000000 0.00000000 1.00000000
vn 0.70710700 0.00000000 0.70710700
vn 0.70296200 0.07645170 0.70710700
vn 0.00000000 0.00000000 1.00000000
vn 0.69057500 0.15200700 0.70710700
vn 0.00000000 0.00000000 1.00000000
vn 0.67009200 0.22578000 0.70710700
vn 0.00000000 0.00000000 1.00000000
vn 0.00000000 0.00000000 1.00000000
vn 0.64175300 0.29690600 0.70710700
vn 0.00000000 0.00000000 1.00000000
vn 0.60589000 0.36455200 0.70710700
vn 0.00000000 0.00000000 1.00000000
vn 0.56292300 0.42792300 0.70710700
vn 0.51335600 0.48627700 0.70710700
vn 0.00000000 0.00000000 1.00000000
vn 0.45777100 0.53893000 0.70710700
vn 0.00000000 0.00000000 1.00000000
vn 0.00000000 0.00000000 1.00000000
vn 0.39681900 0.58526500 0.70710700
vn 0.00000000 0.00000000 1.00000000
vn 0.33121500 0.62473700 0.70710700
vn 0.26172700 0.65688600 0.70710700
vn 0.00000000 0.00000000 1.00000000
vn 0.00000000 0.00000000 1.00000000
vn 0.18917100 0.68133300 0.70710700
vn 0.11439700 0.69779200 0.70710700
vn 0.00000000 0.00000000 1.00000000
vn 0.03828200 0.70607000 0.70710700
vn 0.00000000 0.00000000 1.00000000
vn 0.00000000 0.00000000 1.00000000
vn -0.03828200 0.70607000 0.70710700
vn 0.00000000 0.00000000 1.00000000
vn -0.11439700 0.69779200 0.70710700
vn 0.00000000 0.00000000 1.00000000
vn -0.18917100 0.68133300 0.70710700
vn 0.00000000 0.00000000 1.00000000
vn -0.26172700 0.65688600 0.70710700
vn -0.33121500 0.62473700 0.70710700
vn 0.00000000 0.00000000 1.00000000
vn 0.00000000 0.00000000 1.00000000
vn -0.39681900 0.58526500 0.70710700
vn 0.00000000 0.00000000 1.00000000
vn -0.45777100 0.53893000 0.70710700
vn -0.51335600 0.48627700 0.70710700
vn 0.00000000 0.00000000 1.00000000
vn 0.00000000 0.00000000 1.00000000
vn -0.56292300 0.42792300 0.70710700
vn -0.60589000 0.36455200 0.70710700
vn 0.00000000 0.00000000 1.00000000
vn 0.00000000 0.00000000 1.00000000
vn -0.64175300 0.29690600 0.70710700
vn -0.67009200 0.22578000 0.70710700
vn 0.00000000 0.00000000 1.00000000
vn -0.69057500 0.15200700 0.70710700
vn 0.00000000 0.00000000 1.00000000
vn -0.70296200 0.07645170 0.70710700
vn 0.00000000 0.00000000 1.00000000
vn -0.00000000 0.00000000 1.00000000
vn 0.00000000 0.00000000 1.00000000
vn -0.00000000 0.00000000 1.00000000
vn 0.00000000 0.00000000 1.00000000
vn 0.00000000 0.00000000 1.00000000
vn -0.00000000 0.00000000 1.00000000
vn -0.00000000 0.00000000 1.00000000
vn 0.00000000 0.00000000 1.00000000
vn -0.00000000 0.00000000 1.00000000
vn 0.00000000 0.00000000 1.00000000
vn 0.00000000 -0.00000000 1.00000000
vn -0.00000000 0.00000000 1.00000000
vn 0.00000000 0.00000000 1.00000000
vn 0.00000000 0.00000000 1.00000000
vn 0.00000000 0.00000000 1.00000000
vn -0.00000000 0.00000000 1.00000000
vn 0.00000000 0.00000000 1.00000000
vn -0.00000000 0.00000000 1.00000000
vn 0.00000000 0.00000000 1.00000000
vn -0.00000000 0.00000000 1.00000000
vn 0.00000000 0.00000000 1.00000000
vn -0.00000000 0.00000000 1.00000000
vn 0.00000000 0.00000000 1.00000000
vn -0.00000000 0.00000000 1.00000000
vn -0.00000000 0.00000000 1.00000000
vn 0.00000000 0.00000000 1.00000000
vn -0.00000000 0.00000000 1.00000000
vn 0.00000000 0.00000000 1.00000000
vn 0.00000000 0.00000000 1.00000000
vn 0.00000000 -0.00000000 1.00000000
vn -0.00000000 0.00000000 1.00000000
vn 0.00000000 0.00000000 1.00000000
vn -0.00000000 0.00000000 1.00000000
vn 0.00000000 0.00000000 1.00000000
vn -0.00000000 0.00000000 1.00000000
vn 0.00000000 0.00000000 1.00000000
vn -0.00000000 0.00000000 1.00000000
vn 0.00000000 0.00000000 1.00000000
vn -0.00000000 0.00000000 1.00000000
vn 0.00000000 0.00000000 1.00000000
vn -0.00000000 0.00000000 1.00000000
vn 0.00000000 0.00000000 1.00000000
vn -0.00000000 0.00000000 1.00000000
vn 0.00000000 0.00000000 1.00000000
vn 0.00000000 0.00000000 1.00000000
vn -0.00000000 0.00000000 1.00000000
vn 0.00000000 0.00000000 1.00000000
vn -0.00000000 0.00000000 1.00000000
vn 0.00000000 0.00000000 1.00000000
vn -0.00000000 0.00000000 1.00000000
vn 0.00000000 0.00000000 1.00000000
vn -0.00000000 0.00000000 1.00000000
vn 0.00000000 0.00000000 1.00000000
vn -0.00000000 0.00000000 1.00000000
vn -0.30477300 0.94667200 0.10452800
vn -0.30477300 0.94667200 0.10452800
vn -0.30645200 0.95188600 0.00000000
vn -0.30645200 0.95188600 0.00000000
vn -0.30645200 0.95188600 0.00000000
vn -0.37015600 0.92897000 0.00000000
vn -0.37015600 0.92897000 0.00000000
vn -0.40447800 0.91454800 0.00000000
vn -0.40447800 0.91454800 0.00000000
vn -0.46842800 0.88350200 0.00000000
vn -0.46842800 0.88350200 0.00000000
vn -0.49805300 0.86714700 0.00000000
vn -0.49805300 0.86714700 0.00000000
vn -0.56120800 0.82767500 0.00000000
vn -0.56120800 0.82767500 0.00000000
vn -0.58614800 0.81020400 0.00000000
vn -0.58614800 0.81020400 0.00000000
vn -0.64740700 0.76214500 0.00000000
vn -0.64740700 0.76214500 0.00000000
vn -0.66779400 0.74434600 0.00000000
vn -0.66779400 0.74434600 0.00000000
vn -0.72601500 0.68767900 0.00000000
vn -0.72601500 0.68767900 0.00000000
vn -0.74209100 0.67029900 0.00000000
vn -0.74209100 0.67029900 0.00000000
vn -0.79611000 0.60515200 0.00000000
vn -0.79611000 0.60515200 0.00000000
vn -0.80822400 0.58887500 0.00000000
vn -0.80822400 0.58887500 0.00000000
vn -0.85687100 0.51553100 0.00000000
vn -0.85687100 0.51553100 0.00000000
vn -0.86546300 0.50097300 0.00000000
vn -0.86546300 0.50097300 0.00000000
vn -0.90758600 0.41986700 0.00000000
vn -0.90758600 0.41986700 0.00000000
vn -0.91318000 0.40755800 0.00000000
vn -0.91318000 0.40755800 0.00000000
vn -0.94766000 0.31928200 0.00000000
vn -0.94766000 0.31928200 0.00000000
vn -0.95084800 0.30965800 0.00000000
vn -0.95084800 0.30965800 0.00000000
vn -0.97662400 0.21495600 0.00000000
vn -0.97662400 0.21495600 0.00000000
vn -0.97805400 0.20835100 0.00000000
vn -0.97805400 0.20835100 0.00000000
vn -0.99413900 0.10811100 0.00000000
vn -0.99413900 0.10811100 0.00000000
vn -0.99449800 0.10475200 0.00000000
vn -0.99449800 0.10475200 0.00000000
vn -1.00000000 0.00000000 0.00000000
vn -1.00000000 0.00000000 0.00000000
vn -0.99449800 -0.10475200 0.00000000
vn -0.99449800 -0.10475200 0.00000000
vn -0.99413900 -0.10811100 0.00000000
vn -0.99413900 -0.10811100 0.00000000
vn -0.97662400 -0.21495600 0.00000000
vn -0.97662400 -0.21495600 0.00000000
vn -0.97805400 -0.20835100 0.00000000
vn -0.97805400 -0.20835100 0.00000000
vn -0.94766000 -0.31928200 0.00000000
vn -0.94766000 -0.31928200 0.00000000
vn -0.95084800 -0.30965800 0.00000000
vn -0.95084800 -0.30965800 0.00000000
vn -0.90758600 -0.41986700 0.00000000
vn -0.90758600 -0.41986700 0.00000000
vn -0.91318000 -0.40755800 0.00000000
vn -0.91318000 -0.40755800 0.00000000
vn -0.85687100 -0.51553100 0.00000000
vn -0.85687100 -0.51553100 0.00000000
vn -0.86546300 -0.50097300 0.00000000
vn -0.86546300 -0.50097300 0.00000000
vn -0.79611000 -0.60515200 0.00000000
vn -0.79611000 -0.60515200 0.00000000
vn -0.80822400 -0.58887500 0.00000000
vn -0.80822400 -0.58887500 0.00000000
vn -0.72601500 -0.68767900 0.00000000
vn -0.72601500 -0.68767900 0.00000000
vn -0.74209100 -0.67029900 0.00000000
vn -0.74209100 -0.67029900 0.00000000
vn -0.64740700 -0.76214500 0.00000000
vn -0.64740700 -0.76214500 0.00000000
vn -0.66779400 -0.74434600 0.00000000
vn -0.66779400 -0.74434600 0.00000000
vn -0.56120800 -0.82767500 0.00000000
vn -0.56120800 -0.82767500 0.00000000
vn -0.58614800 -0.81020400 0.00000000
vn -0.58614800 -0.81020400 0.00000000
vn -0.46842800 -0.88350200 0.00000000
vn -0.46842800 -0.88350200 0.00000000
vn -0.49805300 -0.86714700 0.00000000
vn -0.49805300 -0.86714700 0.00000000
vn -0.30477300 -0.94667200 0.10452800
vn -0.30477300 -0.94667200 0.10452800
vn -0.37015600 -0.92897000 0.00000000
vn -0.37015600 -0.92897000 0.00000000
vn -0.40447800 -0.91454800 0.00000000
vn -0.40447800 -0.91454800 0.00000000
vn -0.29975500 0.93108500 0.20791200
vn -0.29975500 0.93108500 0.20791200
vn -0.29145300 0.90529800 0.30901700
vn -0.29145300 0.90529800 0.30901700
vn -0.29975500 -0.93108500 0.20791200
vn -0.29975500 -0.93108500 0.20791200
vn -0.27995700 0.86959100 0.40673700
vn -0.27995700 0.86959100 0.40673700
vn -0.29145300 -0.90529800 0.30901700
vn -0.29145300 -0.90529800 0.30901700
vn -0.26539500 0.82435800 0.50000000
vn -0.26539500 0.82435800 0.50000000
vn -0.27995700 -0.86959100 0.40673700
vn -0.27995700 -0.86959100 0.40673700
vn -0.24792500 0.77009200 0.58778500
vn -0.24792500 0.77009200 0.58778500
vn -0.26539500 -0.82435800 0.50000000
vn -0.26539500 -0.82435800 0.50000000
vn -0.22773800 0.70738900 0.66913100
vn -0.22773800 0.70738900 0.66913100
vn -0.24792500 -0.77009200 0.58778500
vn -0.24792500 -0.77009200 0.58778500
vn -0.20505600 0.63693600 0.74314500
vn -0.20505600 0.63693600 0.74314500
vn -0.22773800 -0.70738900 0.66913100
vn -0.22773800 -0.70738900 0.66913100
vn -0.18012800 0.55950500 0.80901700
vn -0.18012800 0.55950500 0.80901700
vn -0.20505600 -0.63693600 0.74314500
vn -0.20505600 -0.63693600 0.74314500
vn -0.15322600 0.47594300 0.86602500
vn -0.15322600 0.47594300 0.86602500
vn -0.18012800 -0.55950500 0.80901700
vn -0.18012800 -0.55950500 0.80901700
vn -0.12464500 0.38716700 0.91354500
vn -0.12464500 0.38716700 0.91354500
vn -0.15322600 -0.47594300 0.86602500
vn -0.15322600 -0.47594300 0.86602500
vn -0.09469880 0.29414900 0.95105700
vn -0.09469880 0.29414900 0.95105700
vn -0.12464500 -0.38716700 0.91354500
vn -0.12464500 -0.38716700 0.91354500
vn -0.06371490 0.19790800 0.97814800
vn -0.06371490 0.19790800 0.97814800
vn -0.09469880 -0.29414900 0.95105700
vn -0.09469880 -0.29414900 0.95105700
vn -0.03203290 0.09949920 0.99452200
vn -0.03203290 0.09949920 0.99452200
vn -0.06371490 -0.19790800 0.97814800
vn -0.06371490 -0.19790800 0.97814800
vn -0.03203290 -0.09949920 0.99452200
vn -0.03203290 -0.09949920 0.99452200
vn -0.30645200 -0.95188600 0.00000000
vn -0.30645200 -0.95188600 0.00000000
vn -0.40226200 0.90953800 0.10452800
vn -0.49532500 0.86239600 0.10452800
vn -0.58293700 0.80576600 0.10452800
vn -0.66413500 0.74026900 0.10452800
vn -0.73802600 0.66662700 0.10452800
vn -0.80379600 0.58564900 0.10452800
vn -0.86072200 0.49822800 0.10452800
vn -0.90817700 0.40532500 0.10452800
vn -0.94563900 0.30796200 0.10452800
vn -0.97269600 0.20721000 0.10452800
vn -0.98905000 0.10417800 0.10452800
vn -0.99452200 0.00000000 0.10452800
vn -0.97269600 -0.20721000 0.10452800
vn -0.98905000 -0.10417800 0.10452800
vn -0.94563900 -0.30796200 0.10452800
vn -0.90817700 -0.40532500 0.10452800
vn -0.86072200 -0.49822800 0.10452800
vn -0.80379600 -0.58564900 0.10452800
vn -0.73802600 -0.66662700 0.10452800
vn -0.66413500 -0.74026900 0.10452800
vn -0.58293700 -0.80576600 0.10452800
vn -0.49532500 -0.86239600 0.10452800
vn -0.40226200 -0.90953800 0.10452800
vn -0.39563900 0.89456300 0.20791200
vn -0.48716900 0.84819700 0.20791200
vn -0.57333900 0.79249900 0.20791200
vn -0.65320100 0.72808100 0.20791200
vn -0.72587500 0.65565100 0.20791200
vn -0.79056200 0.57600700 0.20791200
vn -0.84655100 0.49002500 0.20791200
vn -0.89322400 0.39865100 0.20791200
vn -0.93007000 0.30289100 0.20791200
vn -0.95668100 0.20379800 0.20791200
vn -0.97276600 0.10246300 0.20791200
vn -0.97814800 0.00000000 0.20791200
vn -0.97276600 -0.10246300 0.20791200
vn -0.95668100 -0.20379800 0.20791200
vn -0.93007000 -0.30289100 0.20791200
vn -0.89322400 -0.39865100 0.20791200
vn -0.84655100 -0.49002500 0.20791200
vn -0.79056200 -0.57600700 0.20791200
vn -0.72587500 -0.65565100 0.20791200
vn -0.65320100 -0.72808100 0.20791200
vn -0.57333900 -0.79249900 0.20791200
vn -0.48716900 -0.84819700 0.20791200
vn -0.39563900 -0.89456300 0.20791200
vn -0.38468100 0.86978700 0.30901700
vn -0.47367600 0.82470500 0.30901700
vn -0.55746000 0.77055000 0.30901700
vn -0.63511000 0.70791500 0.30901700
vn -0.70577100 0.63749200 0.30901700
vn -0.76866700 0.56005400 0.30901700
vn -0.82310400 0.47645300 0.30901700
vn -0.86848500 0.38761000 0.30901700
vn -0.90431000 0.29450200 0.30901700
vn -0.93018500 0.19815400 0.30901700
vn -0.94582400 0.09962500 0.30901700
vn -0.95105700 0.00000000 0.30901700
vn -0.94582400 -0.09962500 0.30901700
vn -0.93018500 -0.19815400 0.30901700
vn -0.90431000 -0.29450200 0.30901700
vn -0.86848500 -0.38761000 0.30901700
vn -0.82310400 -0.47645300 0.30901700
vn -0.76866700 -0.56005400 0.30901700
vn -0.70577100 -0.63749200 0.30901700
vn -0.63511000 -0.70791500 0.30901700
vn -0.55746000 -0.77055000 0.30901700
vn -0.47367600 -0.82470500 0.30901700
vn -0.38468100 -0.86978700 0.30901700
vn -0.36950900 0.83548100 0.40673700
vn -0.45499400 0.79217800 0.40673700
vn -0.53547300 0.74015800 0.40673700
vn -0.61006000 0.67999400 0.40673700
vn -0.67793400 0.61234800 0.40673700
vn -0.73834900 0.53796400 0.40673700
vn -0.79064000 0.45766100 0.40673700
vn -0.83423100 0.37232200 0.40673700
vn -0.86864300 0.28288700 0.40673700
vn -0.89349700 0.19033800 0.40673700
vn -0.90851900 0.09569560 0.40673700
vn -0.91354500 0.00000000 0.40673700
vn -0.90851900 -0.09569560 0.40673700
vn -0.89349700 -0.19033800 0.40673700
vn -0.86864300 -0.28288700 0.40673700
vn -0.83423100 -0.37232200 0.40673700
vn -0.79064000 -0.45766100 0.40673700
vn -0.73834900 -0.53796400 0.40673700
vn -0.67793400 -0.61234800 0.40673700
vn -0.61006000 -0.67999400 0.40673700
vn -0.53547300 -0.74015800 0.40673700
vn -0.45499400 -0.79217800 0.40673700
vn -0.36950900 -0.83548100 0.40673700
vn -0.35028800 0.79202200 0.50000000
vn -0.43132600 0.75097100 0.50000000
vn -0.50761900 0.70165700 0.50000000
vn -0.57832600 0.64462300 0.50000000
vn -0.64267000 0.58049600 0.50000000
vn -0.69994200 0.50998100 0.50000000
vn -0.74951300 0.43385500 0.50000000
vn -0.79083700 0.35295500 0.50000000
vn -0.82345900 0.26817200 0.50000000
vn -0.84702000 0.18043700 0.50000000
vn -0.86126100 0.09071780 0.50000000
vn -0.86602500 0.00000000 0.50000000
vn -0.86126100 -0.09071780 0.50000000
vn -0.84702000 -0.18043700 0.50000000
vn -0.82345900 -0.26817200 0.50000000
vn -0.79083700 -0.35295500 0.50000000
vn -0.74951300 -0.43385500 0.50000000
vn -0.69994200 -0.50998100 0.50000000
vn -0.64267000 -0.58049600 0.50000000
vn -0.57832600 -0.64462300 0.50000000
vn -0.50761900 -0.70165700 0.50000000
vn -0.43132600 -0.75097100 0.50000000
vn -0.35028800 -0.79202200 0.50000000
vn -0.32722900 0.73988500 0.58778500
vn -0.40293300 0.70153600 0.58778500
vn -0.47420400 0.65546900 0.58778500
vn -0.54025600 0.60218900 0.58778500
vn -0.60036500 0.54228300 0.58778500
vn -0.65386700 0.47641000 0.58778500
vn -0.70017400 0.40529500 0.58778500
vn -0.73877800 0.32972100 0.58778500
vn -0.76925200 0.25051900 0.58778500
vn -0.79126200 0.16856000 0.58778500
vn -0.80456600 0.08474610 0.58778500
vn -0.80901700 0.00000000 0.58778500
vn -0.80456600 -0.08474610 0.58778500
vn -0.79126200 -0.16856000 0.58778500
vn -0.76925200 -0.25051900 0.58778500
vn -0.73877800 -0.32972100 0.58778500
vn -0.70017400 -0.40529500 0.58778500
vn -0.65386700 -0.47641000 0.58778500
vn -0.60036500 -0.54228300 0.58778500
vn -0.54025600 -0.60218900 0.58778500
vn -0.47420400 -0.65546900 0.58778500
vn -0.40293300 -0.70153600 0.58778500
vn -0.32722900 -0.73988500 0.58778500
vn -0.30058500 0.67964200 0.66913100
vn -0.37012500 0.64441600 0.66913100
vn -0.43559300 0.60209900 0.66913100
vn -0.49626700 0.55315700 0.66913100
vn -0.55148100 0.49812900 0.66913100
vn -0.60062700 0.43762000 0.66913100
vn -0.64316400 0.37229500 0.66913100
vn -0.67862500 0.30287400 0.66913100
vn -0.70661800 0.23012100 0.66913100
vn -0.72683600 0.15483500 0.66913100
vn -0.73905600 0.07784580 0.66913100
vn -0.74314500 0.00000000 0.66913100
vn -0.73905600 -0.07784580 0.66913100
vn -0.72683600 -0.15483500 0.66913100
vn -0.70661800 -0.23012100 0.66913100
vn -0.67862500 -0.30287400 0.66913100
vn -0.64316400 -0.37229500 0.66913100
vn -0.60062700 -0.43762000 0.66913100
vn -0.55148100 -0.49812900 0.66913100
vn -0.49626700 -0.55315700 0.66913100
vn -0.43559300 -0.60209900 0.66913100
vn -0.37012500 -0.64441600 0.66913100
vn -0.30058500 -0.67964200 0.66913100
vn -0.27064800 0.61195200 0.74314500
vn -0.33326200 0.58023400 0.74314500
vn -0.39221000 0.54213200 0.74314500
vn -0.44684100 0.49806500 0.74314500
vn -0.49655600 0.44851700 0.74314500
vn -0.54080700 0.39403500 0.74314500
vn -0.57910800 0.33521600 0.74314500
vn -0.61103600 0.27270900 0.74314500
vn -0.63624200 0.20720200 0.74314500
vn -0.65444600 0.13941400 0.74314500
vn -0.66544900 0.07009270 0.74314500
vn -0.66913100 0.00000000 0.74314500
vn -0.66544900 -0.07009270 0.74314500
vn -0.65444600 -0.13941400 0.74314500
vn -0.63624200 -0.20720200 0.74314500
vn -0.61103600 -0.27270900 0.74314500
vn -0.57910800 -0.33521600 0.74314500
vn -0.54080700 -0.39403500 0.74314500
vn -0.49655600 -0.44851700 0.74314500
vn -0.44684100 -0.49806500 0.74314500
vn -0.39221000 -0.54213200 0.74314500
vn -0.33326200 -0.58023400 0.74314500
vn -0.27064800 -0.61195200 0.74314500
vn -0.23774600 0.53755800 0.80901700
vn -0.29274800 0.50969600 0.80901700
vn -0.34452900 0.47622600 0.80901700
vn -0.39251900 0.43751600 0.80901700
vn -0.43619000 0.39399200 0.80901700
vn -0.47506200 0.34613200 0.80901700
vn -0.50870600 0.29446400 0.80901700
vn -0.53675300 0.23955600 0.80901700
vn -0.55889400 0.18201200 0.80901700
vn -0.57488600 0.12246600 0.80901700
vn -0.58455100 0.06157160 0.80901700
vn -0.58778500 0.00000000 0.80901700
vn -0.58455100 -0.06157160 0.80901700
vn -0.57488600 -0.12246600 0.80901700
vn -0.55889400 -0.18201200 0.80901700
vn -0.53675300 -0.23955600 0.80901700
vn -0.50870600 -0.29446400 0.80901700
vn -0.47506200 -0.34613200 0.80901700
vn -0.43619000 -0.39399200 0.80901700
vn -0.39251900 -0.43751600 0.80901700
vn -0.34452900 -0.47622600 0.80901700
vn -0.29274800 -0.50969600 0.80901700
vn -0.23774600 -0.53755800 0.80901700
vn -0.20223900 0.45727400 0.86602500
vn -0.24902600 0.43357300 0.86602500
vn -0.29307400 0.40510200 0.86602500
vn -0.33389700 0.37217300 0.86602500
vn -0.37104600 0.33514900 0.86602500
vn -0.40411200 0.29443800 0.86602500
vn -0.43273200 0.25048600 0.86602500
vn -0.45659000 0.20377900 0.86602500
vn -0.47542400 0.15482900 0.86602500
vn -0.48902700 0.10417600 0.86602500
vn -0.49724900 0.05237600 0.86602500
vn -0.50000000 0.00000000 0.86602500
vn -0.49724900 -0.05237600 0.86602500
vn -0.48902700 -0.10417600 0.86602500
vn -0.47542400 -0.15482900 0.86602500
vn -0.45659000 -0.20377900 0.86602500
vn -0.43273200 -0.25048600 0.86602500
vn -0.40411200 -0.29443800 0.86602500
vn -0.37104600 -0.33514900 0.86602500
vn -0.33389700 -0.37217300 0.86602500
vn -0.29307400 -0.40510200 0.86602500
vn -0.24902600 -0.43357300 0.86602500
vn -0.20223900 -0.45727400 0.86602500
vn -0.16451600 0.37198000 0.91354500
vn -0.20257600 0.35270000 0.91354500
vn -0.23840800 0.32954000 0.91354500
vn -0.27161600 0.30275300 0.91354500
vn -0.30183600 0.27263500 0.91354500
vn -0.32873400 0.23951700 0.91354500
vn -0.35201600 0.20376400 0.91354500
vn -0.37142400 0.16576900 0.91354500
vn -0.38674500 0.12594900 0.91354500
vn -0.39781000 0.08474410 0.91354500
vn -0.40449900 0.04260640 0.91354500
vn -0.40673700 0.00000000 0.91354500
vn -0.40449900 -0.04260640 0.91354500
vn -0.39781000 -0.08474410 0.91354500
vn -0.38674500 -0.12594900 0.91354500
vn -0.37142400 -0.16576900 0.91354500
vn -0.35201600 -0.20376400 0.91354500
vn -0.32873400 -0.23951700 0.91354500
vn -0.30183600 -0.27263500 0.91354500
vn -0.27161600 -0.30275300 0.91354500
vn -0.23840800 -0.32954000 0.91354500
vn -0.20257600 -0.35270000 0.91354500
vn -0.16451600 -0.37198000 0.91354500
vn -0.12499000 0.28261100 0.95105700
vn -0.15390700 0.26796300 0.95105700
vn -0.18113000 0.25036700 0.95105700
vn -0.20636000 0.23001600 0.95105700
vn -0.22931900 0.20713400 0.95105700
vn -0.24975500 0.18197200 0.95105700
vn -0.26744300 0.15480900 0.95105700
vn -0.28218800 0.12594200 0.95105700
vn -0.29382800 0.09568960 0.95105700
vn -0.30223500 0.06438410 0.95105700
vn -0.30731700 0.03237010 0.95105700
vn -0.30901700 0.00000000 0.95105700
vn -0.30731700 -0.03237010 0.95105700
vn -0.30223500 -0.06438410 0.95105700
vn -0.29382800 -0.09568960 0.95105700
vn -0.28218800 -0.12594200 0.95105700
vn -0.26744300 -0.15480900 0.95105700
vn -0.24975500 -0.18197200 0.95105700
vn -0.22931900 -0.20713400 0.95105700
vn -0.20636000 -0.23001600 0.95105700
vn -0.18113000 -0.25036700 0.95105700
vn -0.15390700 -0.26796300 0.95105700
vn -0.12499000 -0.28261100 0.95105700
vn -0.08409560 0.19014500 0.97814800
vn -0.10355100 0.18029000 0.97814800
vn -0.12186700 0.16845100 0.97814800
vn -0.13884200 0.15475800 0.97814800
vn -0.15428900 0.13936300 0.97814800
vn -0.16803900 0.12243400 0.97814800
vn -0.17994000 0.10415800 0.97814800
vn -0.18986100 0.08473600 0.97814800
vn -0.19769200 0.06438150 0.97814800
vn -0.20334900 0.04331870 0.97814800
vn -0.20676800 0.02177910 0.97814800
vn -0.20791200 0.00000000 0.97814800
vn -0.20676800 -0.02177910 0.97814800
vn -0.20334900 -0.04331870 0.97814800
vn -0.19769200 -0.06438150 0.97814800
vn -0.18986100 -0.08473600 0.97814800
vn -0.17994000 -0.10415800 0.97814800
vn -0.16803900 -0.12243400 0.97814800
vn -0.15428900 -0.13936300 0.97814800
vn -0.13884200 -0.15475800 0.97814800
vn -0.12186700 -0.16845100 0.97814800
vn -0.10355100 -0.18029000 0.97814800
vn -0.08409560 -0.19014500 0.97814800
vn -0.04227940 0.09559630 0.99452200
vn -0.05206070 0.09064150 0.99452200
vn -0.06126920 0.08468940 0.99452200
vn -0.06980350 0.07780540 0.99452200
vn -0.07756970 0.07006530 0.99452200
vn -0.08448240 0.06155420 0.99452200
vn -0.09046550 0.05236590 0.99452200
vn -0.09545330 0.04260140 0.99452200
vn -0.09939070 0.03236810 0.99452200
vn -0.10223400 0.02177860 0.99452200
vn -0.10395300 0.01094960 0.99452200
vn -0.10452800 0.00000000 0.99452200
vn -0.10395300 -0.01094960 0.99452200
vn -0.10223400 -0.02177860 0.99452200
vn -0.09939070 -0.03236810 0.99452200
vn -0.09545330 -0.04260140 0.99452200
vn -0.09046550 -0.05236590 0.99452200
vn -0.08448240 -0.06155420 0.99452200
vn -0.07756970 -0.07006530 0.99452200
vn -0.06980350 -0.07780540 0.99452200
vn -0.06126920 -0.08468940 0.99452200
vn -0.05206070 -0.09064150 0.99452200
vn -0.04227940 -0.09559630 0.99452200
vn -0.29815400 -0.95451800 0.00000000
vn -0.29815400 -0.95451800 0.00000000
vn -0.10289500 0.00000000 0.99469200
vn -0.10289500 0.00000000 0.99469200
vn -0.29008000 -0.95700200 0.00000000
vn -0.29008000 -0.95700200 0.00000000
vn -0.20300400 0.00000000 0.97917800
vn -0.20300400 0.00000000 0.97917800
vn -0.10450700 0.00004484 0.99452400
vn -0.10452500 0.00000000 0.99452200
vn -0.28222900 -0.95934700 0.00000000
vn -0.28222900 -0.95934700 0.00000000
vn -0.30035700 0.00000000 0.95382700
vn -0.30035700 0.00000000 0.95382700
vn -0.20790100 0.00000000 0.97815000
vn -0.20784300 0.00016048 0.97816200
vn -0.27910700 -0.96026000 0.00000000
vn -0.27910700 -0.96026000 0.00000000
vn -0.33907700 0.00000000 0.94075900
vn -0.33907700 0.00000000 0.94075900
vn -0.30901500 0.00000000 0.95105700
vn -0.30897800 0.00011351 0.95106900
vn -0.27162700 -0.96240300 0.00000000
vn -0.27162700 -0.96240300 0.00000000
vn -0.40649200 0.00089242 0.91365400
vn -0.40675700 0.00000000 0.91353600
vn -0.43182600 0.00000000 0.90195700
vn -0.43182600 0.00000000 0.90195700
vn -0.27021900 -0.96278400 0.00534587
vn -0.26752800 -0.96355000 0.00000000
vn -0.50002000 0.00000000 0.86601400
vn -0.49980900 0.00081012 0.86613500
vn -0.51873200 0.00000000 0.85493700
vn -0.51873200 0.00000000 0.85493700
vn -0.26461800 -0.96435300 0.00000000
vn -0.26461800 -0.96435300 0.00000000
vn -0.25806500 -0.96612700 0.00000000
vn -0.25806500 -0.96612700 0.00000000
vn -0.58765900 0.00064882 0.80910800
vn -0.58780200 0.00000000 0.80900500
vn -0.59998800 0.00000000 0.80000900
vn -0.59998800 0.00000000 0.80000900
vn -0.25463600 -0.96703700 0.00000000
vn -0.25463600 -0.96703700 0.00000000
vn -0.64251200 0.00000000 0.76627600
vn -0.64251200 0.00000000 0.76627600
vn -0.24879900 -0.96855500 0.00000000
vn -0.24879900 -0.96855500 0.00000000
vn -0.71489700 0.00000000 0.69923000
vn -0.71489700 0.00000000 0.69923000
vn -0.66911900 0.00000000 0.74315500
vn -0.66890500 0.00118285 0.74334700
vn -0.24360400 -0.96987500 0.00000000
vn -0.24360400 -0.96987500 0.00000000
vn -0.77931100 0.00000000 0.62663800
vn -0.77931100 0.00000000 0.62663800
vn -0.74313900 0.00000000 0.66913700
vn -0.74295900 0.00126145 0.66933600
vn -0.83603100 0.00000000 0.54868300
vn -0.83603100 0.00000000 0.54868300
vn -0.80887700 0.00130496 0.58797700
vn -0.80901700 0.00000000 0.58778500
vn -0.86422200 0.00000000 0.50311100
vn -0.86422200 0.00000000 0.50311100
vn -0.29538300 -0.95450200 0.04092620
vn 0.00000000 -0.71464700 0.69948600
vn -0.31133400 -0.94882200 0.05299240
vn 0.00000000 -0.71640300 0.69768700
vn -0.23983600 -0.97081400 -0.00000000
vn -0.23983600 -0.97081400 0.00000000
vn 0.00000000 -0.70968700 0.70451700
vn -0.34931800 -0.93338200 0.08230820
vn 0.00000000 -0.72064100 0.69330800
vn -0.37971200 -0.91898100 0.10626500
vn 0.00000000 -0.72468300 0.68908200
vn -0.39979500 -0.90839800 0.12238100
vn 0.00000000 -0.72739300 0.68622100
vn -0.44398100 -0.88192800 0.15838000
vn 0.00000000 -0.73429100 0.67883500
vn -0.48624500 -0.85214300 0.19343900
vn 0.00000000 -0.74182800 0.67059000
vn -0.44465000 -0.88149200 0.15892800
vn 0.00000000 -0.73440900 0.67870800
vn 0.00000000 -0.75262000 0.65845500
vn -0.53885500 -0.80820500 0.23756900
vn 0.00000000 -0.75574000 0.65487200
vn -0.55242400 -0.79553400 0.24890400
vn -0.50283200 -0.83915400 0.20731700
vn 0.00000000 -0.74505500 0.66700300
vn 0.00000000 -0.76063000 0.64918600
vn -0.57334800 -0.77475700 0.26650100
vn 0.00000000 -0.76913300 0.63908900
vn -0.60664700 -0.73854900 0.29415000
vn 0.00000000 -0.75832000 0.65188200
vn -0.56351900 -0.78471100 0.25821500
vn 0.00000000 -0.77164100 0.63605900
vn -0.61590600 -0.72774200 0.30174800
vn -0.64819600 -0.68731800 0.32777500
vn 0.00000000 -0.78091100 0.62464300
vn 0.00000000 -0.79064700 0.61227200
vn -0.67924100 -0.64409300 0.35181800
vn 0.00000000 -0.80092300 0.59876700
vn -0.70929100 -0.59768100 0.37374300
vn -0.66717500 -0.66149500 0.34249400
vn 0.00000000 -0.78681600 0.61718800
vn 0.00000000 -0.80237300 0.59682300
vn -0.71326100 -0.59123000 0.37643900
vn -0.72819600 -0.56601600 0.38646700
vn 0.00000000 -0.80790800 0.58930800
vn -0.73851400 -0.54765400 0.39328500
vn 0.00000000 -0.81181500 0.58391500
vn -0.75523700 -0.51658400 0.40343300
vn 0.00000000 -0.81849400 0.57451500
vn 0.00000000 -0.81861900 0.57433700
vn -0.75554300 -0.51599300 0.40361500
vn 0.00000000 -0.81866300 0.57427500
vn -0.75565100 -0.51578500 0.40367900
vn -0.79087700 -0.44344800 0.42174300
vn 0.00000000 -0.83397300 0.55180500
vn 0.00000000 -0.85046300 0.52603400
vn -0.82447700 -0.36398900 0.43330000
vn 0.00000000 -0.85272300 0.52236300
vn -0.82870500 -0.35332300 0.43406300
vn 0.00000000 -0.85393300 0.52038300
vn -0.83094500 -0.34756100 0.43443300
vn 0.00000000 -0.86665500 0.49890900
vn -0.85341600 -0.28457100 0.43669300
vn -0.85936400 -0.26734800 0.43591200
vn 0.00000000 -0.87032900 0.49247100
vn 0.00000000 -0.87273800 0.48818900
vn -0.86323000 -0.25539700 0.43543700
vn 0.00000000 -0.89368200 0.44870000
vn -0.89301400 -0.14937700 0.42451400
vn 0.00000000 -0.90595300 0.42337800
vn -0.90739100 -0.08992200 0.41055600
vn -0.90866000 0.00000000 0.41753700
vn -0.90866000 0.00000000 0.41753700
vn -0.86602200 0.00000000 0.50000600
vn -0.86600700 0.00018779 0.50003100
vn -0.90898400 -0.08238540 0.40860900
vn 0.00000000 -0.90744900 0.42016200
vn 0.00000000 -0.91791600 0.39677400
vn -0.91894000 -0.02721770 0.39345700
vn -0.91353700 0.00016228 0.40675500
vn -0.91354500 0.00000000 0.40673700
vn -0.92297300 0.00000000 0.38486500
vn -0.92297300 0.00000000 0.38486500
vn 0.00000000 -0.92297300 0.38486500
vn -0.30619700 -0.94648800 0.10199800
vn -0.31101400 -0.92849000 0.20292100
vn -0.31255600 -0.90071100 0.30170800
vn -0.31080600 -0.86344600 0.39731600
vn -0.30578300 -0.81708700 0.48874000
vn -0.29753800 -0.76212100 0.57501600
vn -0.28616000 -0.69912800 0.65523500
vn -0.27176700 -0.62877100 0.72855300
vn -0.25451300 -0.55179200 0.79419700
vn -0.23457700 -0.46900000 0.85147700
vn -0.21217100 -0.38126900 0.89978700
vn -0.18753000 -0.28952200 0.93862100
vn -0.16091400 -0.19472600 0.96756800
vn -0.13260200 -0.09787830 0.98632500
vn -0.30734800 -0.94646500 0.09869720
vn -0.32149700 -0.92632100 0.19639300
vn -0.33238100 -0.89677400 0.29209500
vn -0.33989300 -0.85812400 0.38483200
vn -0.34395400 -0.81076500 0.47366300
vn -0.34452400 -0.75517600 0.55768600
vn -0.34159600 -0.69192100 0.63604800
vn -0.33520200 -0.62164300 0.70795400
vn -0.32540500 -0.54505600 0.77267500
vn -0.31230500 -0.46293500 0.82955200
vn -0.29603500 -0.37611600 0.87800900
vn -0.27676000 -0.28547900 0.91755400
vn -0.25467600 -0.19194500 0.94778500
vn -0.23000700 -0.09646200 0.96839600
vn -0.30828300 -0.94657200 0.09467400
vn -0.33131500 -0.92451500 0.18842000
vn -0.35109800 -0.89339400 0.28031800
vn -0.36743800 -0.85351200 0.36946800
vn -0.38017500 -0.80526200 0.45499400
vn -0.38918500 -0.74911600 0.53606000
vn -0.39437900 -0.68562500 0.61187000
vn -0.39570500 -0.61541100 0.68168000
vn -0.39315200 -0.53916200 0.74480500
vn -0.38674400 -0.45762800 0.80062800
vn -0.37654400 -0.37160600 0.84860100
vn -0.36265100 -0.28194000 0.88825300
vn -0.34520300 -0.18951000 0.91919600
vn -0.32437000 -0.09522190 0.94112500
vn -0.30861200 -0.94664700 0.09283900
vn -0.33513100 -0.92387400 0.18478000
vn -0.35840800 -0.89216400 0.27493300
vn -0.37821700 -0.85182100 0.36242600
vn -0.39436700 -0.80323700 0.44641300
vn -0.40670200 -0.74688200 0.52608000
vn -0.41510100 -0.68330100 0.60065800
vn -0.41948500 -0.61310900 0.66942500
vn -0.41981000 -0.53698600 0.73171400
vn -0.41607300 -0.45566700 0.78692500
vn -0.40831100 -0.36993900 0.83452200
vn -0.39659900 -0.28063200 0.87404500
vn -0.38104900 -0.18861000 0.90511200
vn -0.36181300 -0.09476350 0.92742200
vn -0.30931100 -0.94689400 0.08785320
vn -0.34409400 -0.92250500 0.17488200
vn -0.37565000 -0.88946400 0.26027200
vn -0.40368300 -0.84808100 0.34322000
vn -0.42792900 -0.79874300 0.42294900
vn -0.44816200 -0.74191500 0.49871100
vn -0.46419200 -0.67812800 0.56979600
vn -0.47586900 -0.60798100 0.63553700
vn -0.48308200 -0.53213300 0.69531700
vn -0.48576500 -0.45129300 0.74857700
vn -0.48389200 -0.36622100 0.79481500
vn -0.47748000 -0.27771400 0.83359900
vn -0.46659000 -0.18660200 0.86456500
vn -0.45132500 -0.09374080 0.88742300
vn -0.30987000 -0.94720700 0.08233560
vn -0.35229600 -0.92142100 0.16392000
vn -0.39150900 -0.88723200 0.24401000
vn -0.42715000 -0.84495000 0.32187400
vn -0.45889600 -0.79496100 0.39680200
vn -0.48645600 -0.73772100 0.46811100
vn -0.50957900 -0.67375300 0.53515000
vn -0.52805500 -0.60364000 0.59730900
vn -0.54171400 -0.52802000 0.65401900
vn -0.55043200 -0.44758500 0.70476400
vn -0.55412900 -0.36306800 0.74908100
vn -0.55277300 -0.27523800 0.78656600
vn -0.54637500 -0.18489900 0.81687600
vn -0.53499300 -0.09287300 0.83973600
vn -0.31032500 -0.94756400 0.07629350
vn -0.35982400 -0.92057100 0.15190800
vn -0.40612200 -0.88538800 0.22617200
vn -0.44880700 -0.84232800 0.29842300
vn -0.48749900 -0.79177400 0.36801900
vn -0.52185400 -0.73417700 0.43434100
vn -0.55156700 -0.67004800 0.49680000
vn -0.57637200 -0.59995800 0.55483800
vn -0.59605000 -0.52453100 0.60794000
vn -0.61042600 -0.44443700 0.65563400
vn -0.61937000 -0.36038900 0.69749600
vn -0.62280500 -0.27313500 0.73315200
vn -0.62069900 -0.18345100 0.76228500
vn -0.61307100 -0.09213550 0.78463700
vn -0.31054100 -0.94777400 0.07272330
vn -0.36371800 -0.92018500 0.14480800
vn -0.41370000 -0.88451100 0.21562000
vn -0.46004800 -0.84106700 0.28453800
vn -0.50235300 -0.79023500 0.35095600
vn -0.54024600 -0.73246000 0.41429100
vn -0.57339200 -0.66825000 0.47398700
vn -0.60150100 -0.59816900 0.52951800
vn -0.62432600 -0.52283400 0.58039800
vn -0.64166600 -0.44290500 0.62617900
vn -0.65336900 -0.35908600 0.66645800
vn -0.65933200 -0.27211100 0.70088300
vn -0.65950200 -0.18274700 0.72915000
vn -0.65387900 -0.09177650 0.75101200
vn -0.31088100 -0.94816500 0.06584440
vn -0.37028800 -0.91961600 0.13112200
vn -0.42650800 -0.88315300 0.19527200
vn -0.47905800 -0.83909100 0.25774100
vn -0.52748500 -0.78780700 0.31799200
vn -0.57137400 -0.72974500 0.37550600
vn -0.61034500 -0.66540200 0.42978900
vn -0.64406400 -0.59533300 0.48037400
vn -0.67224100 -0.52014200 0.52682500
vn -0.69463300 -0.44047400 0.56874200
vn -0.71104700 -0.35701600 0.60576500
vn -0.72134300 -0.27048500 0.63757600
vn -0.72543100 -0.18162700 0.66389900
vn -0.72327600 -0.09120590 0.68451000
vn -0.31115800 -0.94854800 0.05862700
vn -0.37608100 -0.91920100 0.11675800
vn -0.43782400 -0.88208200 0.17390200
vn -0.49586500 -0.83750400 0.22957600
vn -0.54971400 -0.78584400 0.28330800
vn -0.59891400 -0.72754000 0.33464500
vn -0.64305000 -0.66308400 0.38315200
vn -0.68174900 -0.59302200 0.42842000
vn -0.71468300 -0.51794500 0.47006500
vn -0.74157400 -0.43848900 0.50773500
vn -0.76219500 -0.35532500 0.54111300
vn -0.77637100 -0.26915600 0.56991400
vn -0.78398300 -0.18071200 0.59389700
vn -0.78496500 -0.09073950 0.61285900
vn -0.75193000 -0.51616000 0.41009900
vn -0.78278500 -0.43687400 0.44315800
vn -0.80711900 -0.35394800 0.47252500
vn -0.82472800 -0.26807400 0.49795600
vn -0.83546600 -0.17996700 0.51923800
vn -0.83924400 -0.09035970 0.53619400
vn -0.84873300 -0.26756600 0.45613700
vn -0.86103300 -0.17961700 0.47577400
vn -0.86621000 -0.09018140 0.49147500
vn -0.10289500 0.00000000 0.99469200
vn -0.10289500 0.00000000 0.99469200
vn -0.10450700 -0.00004484 0.99452400
vn -0.10452500 0.00000000 0.99452200
vn -0.20300400 0.00000000 0.97917800
vn -0.20300400 0.00000000 0.97917800
vn -0.29815400 0.95451800 0.00000000
vn -0.29815400 0.95451800 0.00000000
vn -0.20784300 -0.00016048 0.97816200
vn -0.20790100 0.00000000 0.97815000
vn -0.29008000 0.95700200 0.00000000
vn -0.29008000 0.95700200 0.00000000
vn -0.30897800 -0.00011351 0.95106900
vn -0.30901500 0.00000000 0.95105700
vn -0.30035700 0.00000000 0.95382700
vn -0.30035700 0.00000000 0.95382700
vn -0.28222900 0.95934700 0.00000000
vn -0.28222900 0.95934700 0.00000000
vn -0.33907700 0.00000000 0.94075900
vn -0.33907700 0.00000000 0.94075900
vn -0.40649200 -0.00089242 0.91365400
vn -0.40675700 0.00000000 0.91353600
vn -0.27910700 0.96026000 0.00000000
vn -0.27910700 0.96026000 0.00000000
vn -0.43182600 0.00000000 0.90195700
vn -0.43182600 0.00000000 0.90195700
vn -0.50002000 0.00000000 0.86601400
vn -0.49980900 -0.00081012 0.86613500
vn -0.26752800 0.96355000 0.00000000
vn -0.27021900 0.96278400 0.00534587
vn -0.26461800 0.96435300 0.00000000
vn -0.26461800 0.96435300 0.00000000
vn -0.51873200 0.00000000 0.85493700
vn -0.51873200 0.00000000 0.85493700
vn -0.58780200 0.00000000 0.80900500
vn -0.58765900 -0.00064882 0.80910800
vn -0.59998800 0.00000000 0.80000900
vn -0.59998800 0.00000000 0.80000900
vn -0.64251200 0.00000000 0.76627600
vn -0.64251200 0.00000000 0.76627600
vn -0.25806500 0.96612700 0.00000000
vn -0.25806500 0.96612700 0.00000000
vn -0.66890500 -0.00118285 0.74334700
vn -0.66911900 0.00000000 0.74315500
vn -0.25463600 0.96703700 0.00000000
vn -0.25463600 0.96703700 0.00000000
vn -0.74313900 0.00000000 0.66913700
vn -0.74295900 -0.00126145 0.66933600
vn -0.71489700 0.00000000 0.69923000
vn -0.71489700 0.00000000 0.69923000
vn -0.24879900 0.96855500 0.00000000
vn -0.24879900 0.96855500 0.00000000
vn -0.80887700 -0.00130496 0.58797700
vn -0.80901700 0.00000000 0.58778500
vn -0.77931100 0.00000000 0.62663800
vn -0.77931100 0.00000000 0.62663800
vn -0.83603100 0.00000000 0.54868300
vn -0.83603100 0.00000000 0.54868300
vn -0.86422200 0.00000000 0.50311100
vn -0.86422200 0.00000000 0.50311100
vn -0.90888700 0.08512410 0.40826200
vn 0.00000000 0.90728000 0.42052700
vn -0.90866000 0.00000000 0.41753700
vn -0.90866000 0.00000000 0.41753700
vn -0.91354500 0.00000000 0.40673700
vn -0.91353700 -0.00016228 0.40675500
vn -0.92297300 0.00000000 0.38486500
vn 0.00000000 0.92297300 0.38486500
vn -0.92297300 0.00000000 0.38486500
vn 0.00000000 0.91791900 0.39676700
vn -0.91898300 0.02762940 0.39332800
vn -0.90789500 0.08991890 0.40943900
vn 0.00000000 0.90634900 0.42252900
vn -0.86600700 -0.00018779 0.50003100
vn -0.86602200 0.00000000 0.50000600
vn -0.88561100 0.17929300 0.42842500
vn 0.00000000 0.88803100 0.45978400
vn 0.00000000 0.87274000 0.48818600
vn -0.86324100 0.25529600 0.43547500
vn 0.00000000 0.87037300 0.49239300
vn -0.85942200 0.26734600 0.43579800
vn 0.00000000 0.88476000 0.46604700
vn -0.88115700 0.19433200 0.43104200
vn 0.00000000 0.86310500 0.50502400
vn -0.84740700 0.30208900 0.43662700
vn 0.00000000 0.85293500 0.52201700
vn -0.82896100 0.35331600 0.43358000
vn 0.00000000 0.85373400 0.52071000
vn -0.83045800 0.34939900 0.43388900
vn -0.80466200 0.41224700 0.42728400
vn 0.00000000 0.84048600 0.54183300
vn -0.79420100 0.43644700 0.42279800
vn 0.00000000 0.83558600 0.54936000
vn -0.75748300 0.51225800 0.40473500
vn 0.00000000 0.81941600 0.57319900
vn -0.75556800 0.51599200 0.40357100
vn 0.00000000 0.81864400 0.57430100
vn -0.76476200 0.49800400 0.40881600
vn 0.00000000 0.82245500 0.56883000
vn 0.00000000 0.81849400 0.57451500
vn -0.75520400 0.51668800 0.40336000
vn 0.00000000 0.80544300 0.59267300
vn -0.72172500 0.57702300 0.38230600
vn -0.71329200 0.59122800 0.37638200
vn 0.00000000 0.80241100 0.59677200
vn -0.72819300 0.56602000 0.38646500
vn 0.00000000 0.80790700 0.58931100
vn -0.68787800 0.63123800 0.35827700
vn 0.00000000 0.79351100 0.60855600
vn -0.66718200 0.66149400 0.34248100
vn 0.00000000 0.78682500 0.61717600
vn 0.00000000 0.78041700 0.62525900
vn -0.64654900 0.68948700 0.32646900
vn 0.00000000 0.77101100 0.63682200
vn -0.61360400 0.73046000 0.29986400
vn -0.65467700 0.67866300 0.33288800
vn 0.00000000 0.78287400 0.62218000
vn 0.00000000 0.76203400 0.64753800
vn -0.57906400 0.76882700 0.27127500
vn -0.56352700 0.78471000 0.25820000
vn 0.00000000 0.75834100 0.65185800
vn 0.00000000 0.75342800 0.65753000
vn -0.54249000 0.80486400 0.24062300
vn 0.00000000 0.74755100 0.66420500
vn -0.51513300 0.82901900 0.21763600
vn 0.00000000 0.75574000 0.65487200
vn -0.55244000 0.79551800 0.24892100
vn 0.00000000 0.74028600 0.67229300
vn -0.47802000 0.85830400 0.18657900
vn 0.00000000 0.73342700 0.67976800
vn -0.43876900 0.88528900 0.15409400
vn -0.39692000 0.90996600 0.12006600
vn 0.00000000 0.72697700 0.68666100
vn -0.44465500 0.88149200 0.15891600
vn 0.00000000 0.73444300 0.67867000
vn 0.00000000 0.72596100 0.68773500
vn -0.38978200 0.91378200 0.11433600
vn 0.00000000 0.71983900 0.69414100
vn -0.34269500 0.93627400 0.07714360
vn -0.24360400 0.96987500 0.00000000
vn -0.24360400 0.96987500 0.00000000
vn 0.00000000 0.71639800 0.69769200
vn -0.31133400 0.94882200 0.05299290
vn -0.29286000 0.95535800 0.03902940
vn 0.00000000 0.71439600 0.69974200
vn -0.23983600 0.97081400 0.00000000
vn -0.23983600 0.97081400 0.00000000
vn 0.00000000 0.70968700 0.70451700
vn -0.27162700 0.96240300 0.00000000
vn -0.27162700 0.96240300 0.00000000
vn -0.13260200 0.09787830 0.98632500
vn -0.16091400 0.19472600 0.96756800
vn -0.18753000 0.28952200 0.93862100
vn -0.21217100 0.38126900 0.89978700
vn -0.23457700 0.46900000 0.85147700
vn -0.25451300 0.55179200 0.79419700
vn -0.27176700 0.62877100 0.72855300
vn -0.28616000 0.69912800 0.65523500
vn -0.29753800 0.76212100 0.57501600
vn -0.30578300 0.81708700 0.48874000
vn -0.31080600 0.86344600 0.39731600
vn -0.31255600 0.90071100 0.30170800
vn -0.31101400 0.92849000 0.20292100
vn -0.30619700 0.94648800 0.10199800
vn -0.23000700 0.09646200 0.96839600
vn -0.25467600 0.19194500 0.94778500
vn -0.27676000 0.28547900 0.91755400
vn -0.29603500 0.37611600 0.87800900
vn -0.31230500 0.46293500 0.82955200
vn -0.32540500 0.54505600 0.77267500
vn -0.33520200 0.62164300 0.70795400
vn -0.34159600 0.69192100 0.63604800
vn -0.34452400 0.75517600 0.55768600
vn -0.34395400 0.81076500 0.47366300
vn -0.33989300 0.85812400 0.38483200
vn -0.33238100 0.89677400 0.29209500
vn -0.32149700 0.92632100 0.19639300
vn -0.30734800 0.94646500 0.09869720
vn -0.32437000 0.09522190 0.94112500
vn -0.34520300 0.18951000 0.91919600
vn -0.36265100 0.28194000 0.88825300
vn -0.37654400 0.37160600 0.84860100
vn -0.38674400 0.45762800 0.80062800
vn -0.39315200 0.53916200 0.74480500
vn -0.39570500 0.61541100 0.68168000
vn -0.39437900 0.68562500 0.61187000
vn -0.38918500 0.74911600 0.53606000
vn -0.38017500 0.80526200 0.45499400
vn -0.36743800 0.85351200 0.36946800
vn -0.35109800 0.89339400 0.28031800
vn -0.33131500 0.92451500 0.18842000
vn -0.30828300 0.94657200 0.09467400
vn -0.36181300 0.09476350 0.92742200
vn -0.38104900 0.18861000 0.90511200
vn -0.39659900 0.28063200 0.87404500
vn -0.40831100 0.36993900 0.83452200
vn -0.41607300 0.45566700 0.78692500
vn -0.41981000 0.53698600 0.73171400
vn -0.41948500 0.61310900 0.66942500
vn -0.41510100 0.68330100 0.60065800
vn -0.40670200 0.74688200 0.52608000
vn -0.39436700 0.80323700 0.44641300
vn -0.37821700 0.85182100 0.36242600
vn -0.35840800 0.89216400 0.27493300
vn -0.33513100 0.92387400 0.18478000
vn -0.30861200 0.94664700 0.09283900
vn -0.45132500 0.09374080 0.88742300
vn -0.46659000 0.18660200 0.86456500
vn -0.47748000 0.27771400 0.83359900
vn -0.48389200 0.36622100 0.79481500
vn -0.48576500 0.45129300 0.74857700
vn -0.48308200 0.53213300 0.69531700
vn -0.47586900 0.60798100 0.63553700
vn -0.46419200 0.67812800 0.56979600
vn -0.44816200 0.74191500 0.49871100
vn -0.42792900 0.79874300 0.42294900
vn -0.40368300 0.84808100 0.34322000
vn -0.37565000 0.88946400 0.26027200
vn -0.34409400 0.92250500 0.17488200
vn -0.30931100 0.94689400 0.08785320
vn -0.53499300 0.09287300 0.83973600
vn -0.54637500 0.18489900 0.81687600
vn -0.55277300 0.27523800 0.78656600
vn -0.55412900 0.36306800 0.74908100
vn -0.55043200 0.44758500 0.70476400
vn -0.54171400 0.52802000 0.65401900
vn -0.52805500 0.60364000 0.59730900
vn -0.50957900 0.67375300 0.53515000
vn -0.48645600 0.73772100 0.46811100
vn -0.45889600 0.79496100 0.39680200
vn -0.42715000 0.84495000 0.32187400
vn -0.39150900 0.88723200 0.24401000
vn -0.35229600 0.92142100 0.16392000
vn -0.30987000 0.94720700 0.08233560
vn -0.61307100 0.09213550 0.78463700
vn -0.62069900 0.18345100 0.76228500
vn -0.62280500 0.27313500 0.73315200
vn -0.61937000 0.36038900 0.69749600
vn -0.61042600 0.44443700 0.65563400
vn -0.59605000 0.52453100 0.60794000
vn -0.57637200 0.59995800 0.55483800
vn -0.55156700 0.67004800 0.49680000
vn -0.52185400 0.73417700 0.43434100
vn -0.48749900 0.79177400 0.36801900
vn -0.44880700 0.84232800 0.29842300
vn -0.40612200 0.88538800 0.22617200
vn -0.35982400 0.92057100 0.15190800
vn -0.31032500 0.94756400 0.07629350
vn -0.65387900 0.09177650 0.75101200
vn -0.65950200 0.18274700 0.72915000
vn -0.65933200 0.27211100 0.70088300
vn -0.65336900 0.35908600 0.66645800
vn -0.64166600 0.44290500 0.62617900
vn -0.62432600 0.52283400 0.58039800
vn -0.60150100 0.59816900 0.52951800
vn -0.57339200 0.66825000 0.47398700
vn -0.54024600 0.73246000 0.41429100
vn -0.50235300 0.79023500 0.35095600
vn -0.46004800 0.84106700 0.28453800
vn -0.41370000 0.88451100 0.21562000
vn -0.36371800 0.92018500 0.14480800
vn -0.31054100 0.94777400 0.07272330
vn -0.72327600 0.09120590 0.68451000
vn -0.72543100 0.18162700 0.66389900
vn -0.72134300 0.27048500 0.63757600
vn -0.71104700 0.35701600 0.60576500
vn -0.69463300 0.44047400 0.56874200
vn -0.67224100 0.52014200 0.52682500
vn -0.64406400 0.59533300 0.48037400
vn -0.61034500 0.66540200 0.42978900
vn -0.57137400 0.72974500 0.37550600
vn -0.52748500 0.78780700 0.31799200
vn -0.47905800 0.83909100 0.25774100
vn -0.42650800 0.88315300 0.19527200
vn -0.37028800 0.91961600 0.13112200
vn -0.31088100 0.94816500 0.06584440
vn -0.78496500 0.09073950 0.61285900
vn -0.78398300 0.18071200 0.59389700
vn -0.77637100 0.26915600 0.56991400
vn -0.76219500 0.35532500 0.54111300
vn -0.74157400 0.43848900 0.50773500
vn -0.71468300 0.51794500 0.47006500
vn -0.68174900 0.59302200 0.42842000
vn -0.64305000 0.66308400 0.38315200
vn -0.59891400 0.72754000 0.33464500
vn -0.54971400 0.78584400 0.28330800
vn -0.49586500 0.83750400 0.22957600
vn -0.43782400 0.88208200 0.17390200
vn -0.37608100 0.91920100 0.11675800
vn -0.31115800 0.94854800 0.05862700
vn -0.83924400 0.09035970 0.53619400
vn -0.83546600 0.17996700 0.51923800
vn -0.82472800 0.26807400 0.49795600
vn -0.80711900 0.35394800 0.47252500
vn -0.78278500 0.43687400 0.44315800
vn -0.86621000 0.09018140 0.49147500
vn -0.86103300 0.17961700 0.47577400
vn -0.84873300 0.26756600 0.45613700
vn -0.75193000 0.51616000 0.41009900
vn 0.00000000 -0.95105700 0.30901700
vn -0.95105700 0.00000000 0.30901700
vn 0.00000000 0.95105700 0.30901700
vn -0.95105700 0.00000000 0.30901700
vn -0.96697300 0.00000000 0.25487900
vn 0.00000000 0.96697300 0.25487900
vn -0.95354300 0.00000000 0.30125600
vn 0.00000000 0.95354300 0.30125600
vn -0.95354400 0.00000000 0.30125200
vn 0.00000000 -0.95354400 0.30125200
vn 0.00000000 0.97814800 0.20791200
vn -0.97814800 0.00000000 0.20791200
vn -0.96697300 0.00000000 0.25487900
vn 0.00000000 -0.96697300 0.25487900
vn -0.97814800 0.00000000 0.20790900
vn 0.00000000 -0.97814800 0.20790900
vn 0.00000000 0.98811000 0.15375000
vn -0.98811000 0.00000000 0.15375000
vn -0.97926300 0.00000000 0.20259500
vn 0.00000000 0.97926300 0.20259500
vn 0.00000000 -0.97926300 0.20259200
vn -0.97926300 0.00000000 0.20259200
vn 0.00000000 0.99452200 0.10452800
vn -0.99452200 0.00000000 0.10452800
vn 0.00000000 -0.98811000 0.15375000
vn -0.98811000 0.00000000 0.15375000
vn 0.00000000 -0.99452200 0.10452700
vn -0.99452200 0.00000000 0.10452700
vn -0.99870000 0.00000000 0.05097880
vn 0.00000000 0.99870000 0.05097880
vn -0.99480200 0.00000000 0.10182700
vn 0.00000000 0.99480200 0.10182700
vn -1.00000000 0.00000000 0.00000000
vn 0.00000000 1.00000000 0.00000000
vn 0.00000000 1.00000000 0.00000000
vn -1.00000000 0.00000000 0.00000000
vn 0.00000000 -0.99480200 0.10182500
vn -0.99480200 0.00000000 0.10182500
vn 0.00000000 -0.99870000 0.05097880
vn -0.99870000 0.00000000 0.05097880
vn -1.00000000 0.00000000 0.00000000
vn -1.00000000 0.00000000 0.00000000
vn 0.00000000 -1.00000000 0.00000000
vn 0.00000000 -1.00000000 0.00000000
vn 0.40447800 0.91454800 0.00000000
vn 0.40447800 0.91454800 0.00000000
vn 0.37015600 0.92897000 0.00000000
vn 0.37015600 0.92897000 0.00000000
vn 0.49805300 0.86714700 0.00000000
vn 0.49805300 0.86714700 0.00000000
vn 0.46842800 0.88350200 0.00000000
vn 0.46842800 0.88350200 0.00000000
vn 0.58614800 0.81020400 0.00000000
vn 0.58614800 0.81020400 0.00000000
vn 0.56120800 0.82767500 0.00000000
vn 0.56120800 0.82767500 0.00000000
vn 0.66779400 0.74434600 0.00000000
vn 0.66779400 0.74434600 0.00000000
vn 0.64740700 0.76214500 0.00000000
vn 0.64740700 0.76214500 0.00000000
vn 0.74209100 0.67029900 0.00000000
vn 0.74209100 0.67029900 0.00000000
vn 0.72601500 0.68767900 0.00000000
vn 0.72601500 0.68767900 0.00000000
vn 0.80822400 0.58887500 0.00000000
vn 0.80822400 0.58887500 0.00000000
vn 0.79611000 0.60515200 0.00000000
vn 0.79611000 0.60515200 0.00000000
vn 0.86546300 0.50097300 0.00000000
vn 0.86546300 0.50097300 0.00000000
vn 0.85687100 0.51553100 0.00000000
vn 0.85687100 0.51553100 0.00000000
vn 0.91318000 0.40755800 0.00000000
vn 0.91318000 0.40755800 0.00000000
vn 0.90758600 0.41986700 0.00000000
vn 0.90758600 0.41986700 0.00000000
vn 0.95084800 0.30965800 0.00000000
vn 0.95084800 0.30965800 0.00000000
vn 0.94766000 0.31928200 0.00000000
vn 0.94766000 0.31928200 0.00000000
vn 0.97805400 0.20835100 0.00000000
vn 0.97805400 0.20835100 0.00000000
vn 0.97662400 0.21495600 0.00000000
vn 0.97662400 0.21495600 0.00000000
vn 0.99413900 0.10811100 0.00000000
vn 0.99413900 0.10811100 0.00000000
vn 0.99449800 0.10475200 0.00000000
vn 0.99449800 0.10475200 0.00000000
vn 1.00000000 0.00000000 0.00000000
vn 1.00000000 -0.00000000 0.00000000
vn 0.99449800 -0.10475200 0.00000000
vn 0.99449800 -0.10475200 0.00000000
vn 0.99413900 -0.10811100 0.00000000
vn 0.99413900 -0.10811100 0.00000000
vn 0.97805400 -0.20835100 0.00000000
vn 0.97805400 -0.20835100 0.00000000
vn 0.97662400 -0.21495600 0.00000000
vn 0.97662400 -0.21495600 0.00000000
vn 0.95084800 -0.30965800 0.00000000
vn 0.95084800 -0.30965800 0.00000000
vn 0.94766000 -0.31928200 0.00000000
vn 0.94766000 -0.31928200 0.00000000
vn 0.91318000 -0.40755800 0.00000000
vn 0.91318000 -0.40755800 0.00000000
vn 0.90758600 -0.41986700 0.00000000
vn 0.90758600 -0.41986700 0.00000000
vn 0.86546300 -0.50097300 0.00000000
vn 0.86546300 -0.50097300 0.00000000
vn 0.85687100 -0.51553100 0.00000000
vn 0.85687100 -0.51553100 0.00000000
vn 0.80822400 -0.58887500 0.00000000
vn 0.80822400 -0.58887500 0.00000000
vn 0.79611000 -0.60515200 0.00000000
vn 0.79611000 -0.60515200 0.00000000
vn 0.74209100 -0.67029900 0.00000000
vn 0.74209100 -0.67029900 0.00000000
vn 0.72601500 -0.68767900 0.00000000
vn 0.72601500 -0.68767900 0.00000000
vn 0.66779400 -0.74434600 0.00000000
vn 0.66779400 -0.74434600 0.00000000
vn 0.64740700 -0.76214500 0.00000000
vn 0.64740700 -0.76214500 0.00000000
vn 0.58614800 -0.81020400 0.00000000
vn 0.58614800 -0.81020400 0.00000000
vn 0.56120800 -0.82767500 0.00000000
vn 0.56120800 -0.82767500 0.00000000
vn 0.49805300 -0.86714700 0.00000000
vn 0.49805300 -0.86714700 0.00000000
vn 0.46842800 -0.88350200 0.00000000
vn 0.46842800 -0.88350200 0.00000000
vn 0.40447800 -0.91454800 0.00000000
vn 0.40447800 -0.91454800 0.00000000
vn 0.29008000 -0.95700200 0.00000000
vn 0.29008000 -0.95700200 0.00000000
vn 0.28222900 -0.95934700 0.00000000
vn 0.28222900 -0.95934700 0.00000000
vn 0.27910700 -0.96026000 0.00000000
vn 0.27910700 -0.96026000 0.00000000
vn 0.29815400 -0.95451800 0.00000000
vn 0.29815400 -0.95451800 0.00000000
vn 0.37015600 -0.92897000 0.00000000
vn 0.37015600 -0.92897000 0.00000000
vn 0.30645200 -0.95188600 0.00000000
vn 0.30645200 -0.95188600 0.00000000
vn 0.30645200 -0.95188600 0.00000000
vn 0.27162700 -0.96240300 0.00000000
vn 0.27162700 -0.96240300 0.00000000
vn 0.21182200 -0.97730800 0.00000000
vn 0.00000000 -0.60739700 0.79439900
vn 0.18217100 -0.98326700 0.00000000
vn 0.00000000 -0.52335000 0.85211800
vn 0.00000000 -0.68515900 0.72839300
vn 0.23280900 -0.97252300 0.00000000
vn 0.24360400 -0.96987500 0.00000000
vn 0.24360400 -0.96987500 0.00000000
vn 0.00000000 -0.70968700 0.70451700
vn 0.23983600 -0.97081400 0.00000000
vn 0.23983600 -0.97081400 0.00000000
vn 0.24879900 -0.96855500 0.00000000
vn 0.24879900 -0.96855500 0.00000000
vn 0.26461800 -0.96435300 0.00000000
vn 0.26461800 -0.96435300 0.00000000
vn 0.25806500 -0.96612700 0.00000000
vn 0.25806500 -0.96612700 0.00000000
vn 0.25463600 -0.96703700 0.00000000
vn 0.25463600 -0.96703700 0.00000000
vn 0.27021900 -0.96278400 0.00534587
vn 0.26752800 -0.96355000 0.00000000
vn 0.10667200 -0.99429400 0.00000000
vn 0.00000000 -0.33986500 0.94047400
vn 0.00000000 -0.43386200 0.90097900
vn 0.15235300 -0.98832600 0.00000000
vn 0.16177700 -0.98682700 0.00000000
vn 0.00000000 -0.46252500 0.88660600
vn 0.00000398 -1.00000000 0.00000000
vn 0.00000000 -0.25000000 0.96824600
vn 0.00000000 -0.27309900 0.96198600
vn 0.05413890 -0.99853300 0.00000000
vn -0.10667200 -0.99429400 0.00000000
vn 0.00000000 -0.33986500 0.94047400
vn 0.00000000 -0.43389300 0.90096400
vn -0.15049400 -0.98861100 0.00000000
vn 0.00000000 -0.27309900 0.96198600
vn -0.05413890 -0.99853300 0.00000000
vn 0.00000000 -0.45748200 0.88921900
vn -0.16178200 -0.98682700 0.00000000
vn -0.21182200 -0.97730800 0.00000000
vn 0.00000000 -0.60739700 0.79439900
vn -0.23280900 -0.97252300 0.00000000
vn 0.00000000 -0.68515900 0.72839300
vn -0.18314300 -0.98308600 0.00000000
vn 0.00000000 -0.52332000 0.85213600
vn -0.21182200 0.97730800 0.00000000
vn 0.00000000 0.60739700 0.79439900
vn -0.18217100 0.98326700 0.00000000
vn 0.00000000 0.52335000 0.85211800
vn -0.23280900 0.97252300 0.00000000
vn 0.00000000 0.68515900 0.72839300
vn 0.00000000 0.33986500 0.94047400
vn -0.10667200 0.99429400 0.00000000
vn -0.15235300 0.98832600 0.00000000
vn 0.00000000 0.43386200 0.90097900
vn 0.00000000 0.46252500 0.88660600
vn -0.16177700 0.98682700 0.00000000
vn 0.00000000 0.25000000 0.96824600
vn -0.00000398 1.00000000 0.00000000
vn 0.00000000 0.27309900 0.96198600
vn -0.05413890 0.99853300 0.00000000
vn 0.00000000 0.33986500 0.94047400
vn 0.10667200 0.99429400 0.00000000
vn 0.15049400 0.98861100 0.00000000
vn 0.00000000 0.43389300 0.90096400
vn 0.05413890 0.99853300 0.00000000
vn 0.00000000 0.27309900 0.96198600
vn 0.26461800 0.96435300 0.00000000
vn 0.26461800 0.96435300 0.00000000
vn 0.26752800 0.96355000 0.00000000
vn 0.27021900 0.96278400 0.00534587
vn 0.25463600 0.96703700 0.00000000
vn 0.25463600 0.96703700 0.00000000
vn 0.25806500 0.96612700 0.00000000
vn 0.25806500 0.96612700 0.00000000
vn 0.24879900 0.96855500 0.00000000
vn 0.24879900 0.96855500 0.00000000
vn 0.16178200 0.98682700 0.00000000
vn 0.00000000 0.45748200 0.88921900
vn 0.24360400 0.96987500 0.00000000
vn 0.24360400 0.96987500 0.00000000
vn 0.21182200 0.97730800 0.00000000
vn 0.00000000 0.60739700 0.79439900
vn 0.23280900 0.97252300 0.00000000
vn 0.00000000 0.68515900 0.72839300
vn 0.18314300 0.98308600 0.00000000
vn 0.00000000 0.52332000 0.85213600
vn 0.23983600 0.97081400 0.00000000
vn 0.23983600 0.97081400 -0.00000000
vn 0.00000000 0.70968700 0.70451700
vn 0.30645200 0.95188600 0.00000000
vn 0.30645200 0.95188600 0.00000000
vn 0.30645200 0.95188600 0.00000000
vn 0.29815400 0.95451800 0.00000000
vn 0.29815400 0.95451800 0.00000000
vn 0.27910700 0.96026000 0.00000000
vn 0.27910700 0.96026000 0.00000000
vn 0.28222900 0.95934700 0.00000000
vn 0.28222900 0.95934700 0.00000000
vn 0.27162700 0.96240300 0.00000000
vn 0.27162700 0.96240300 0.00000000
vn 0.29008000 0.95700200 0.00000000
vn 0.29008000 0.95700200 0.00000000
vn 0.30477300 0.94667200 0.10452800
vn 0.30477300 0.94667200 0.10452800
vn 0.29975500 0.93108500 0.20791200
vn 0.29975500 0.93108500 0.20791200
vn 0.29145300 0.90529800 0.30901700
vn 0.29145300 0.90529800 0.30901700
vn 0.27995700 0.86959100 0.40673700
vn 0.27995700 0.86959100 0.40673700
vn 0.26539500 0.82435800 0.50000000
vn 0.26539500 0.82435800 0.50000000
vn 0.24792500 0.77009200 0.58778500
vn 0.24792500 0.77009200 0.58778500
vn 0.22773800 0.70738900 0.66913100
vn 0.22773800 0.70738900 0.66913100
vn 0.20505600 0.63693600 0.74314500
vn 0.20505600 0.63693600 0.74314500
vn 0.18012800 0.55950500 0.80901700
vn 0.18012800 0.55950500 0.80901700
vn 0.15322600 0.47594300 0.86602500
vn 0.15322600 0.47594300 0.86602500
vn 0.12464500 0.38716700 0.91354500
vn 0.12464500 0.38716700 0.91354500
vn 0.09469880 0.29414900 0.95105700
vn 0.09469880 0.29414900 0.95105700
vn 0.06371490 0.19790800 0.97814800
vn 0.06371490 0.19790800 0.97814800
vn 0.03203290 0.09949920 0.99452200
vn 0.03203290 0.09949920 0.99452200
vn 0.10289500 0.00000000 0.99469200
vn 0.10289500 0.00000000 0.99469200
vn 0.20300400 0.00000000 0.97917800
vn 0.20300400 0.00000000 0.97917800
vn 0.10452500 0.00000000 0.99452200
vn 0.10450700 -0.00004484 0.99452400
vn 0.30035700 0.00000000 0.95382700
vn 0.30035700 0.00000000 0.95382700
vn 0.20784300 -0.00016048 0.97816200
vn 0.20790100 0.00000000 0.97815000
vn 0.33907700 0.00000000 0.94075900
vn 0.33907700 0.00000000 0.94075900
vn 0.30897800 -0.00011351 0.95106900
vn 0.30901500 0.00000000 0.95105700
vn 0.40675700 0.00000000 0.91353600
vn 0.40649200 -0.00089242 0.91365400
vn 0.43182600 0.00000000 0.90195700
vn 0.43182600 0.00000000 0.90195700
vn 0.50002000 0.00000000 0.86601400
vn 0.49980900 -0.00081012 0.86613500
vn 0.51873200 0.00000000 0.85493700
vn 0.51873200 0.00000000 0.85493700
vn 0.58780200 0.00000000 0.80900500
vn 0.58765900 -0.00064882 0.80910800
vn 0.59998800 0.00000000 0.80000900
vn 0.59998800 0.00000000 0.80000900
vn 0.64251200 0.00000000 0.76627600
vn 0.64251200 0.00000000 0.76627600
vn 0.71489700 0.00000000 0.69923000
vn 0.71489700 0.00000000 0.69923000
vn 0.66890500 -0.00118285 0.74334700
vn 0.66911900 0.00000000 0.74315500
vn 0.77931100 0.00000000 0.62663800
vn 0.77931100 0.00000000 0.62663800
vn 0.74313900 0.00000000 0.66913700
vn 0.74295900 -0.00126145 0.66933600
vn 0.83603100 0.00000000 0.54868300
vn 0.83603100 0.00000000 0.54868300
vn 0.80901700 0.00000000 0.58778500
vn 0.80887700 -0.00130496 0.58797700
vn 0.86422200 0.00000000 0.50311100
vn 0.86422200 0.00000000 0.50311100
vn 0.29538300 0.95450200 0.04092620
vn 0.00000000 0.71464700 0.69948600
vn 0.31133400 0.94882200 0.05299240
vn 0.00000000 0.71640300 0.69768700
vn 0.34931800 0.93338200 0.08230820
vn 0.00000000 0.72064100 0.69330800
vn 0.37971200 0.91898100 0.10626500
vn 0.00000000 0.72468300 0.68908200
vn 0.39979500 0.90839800 0.12238100
vn 0.00000000 0.72739300 0.68622100
vn 0.44398100 0.88192800 0.15838000
vn 0.00000000 0.73429100 0.67883500
vn 0.48624500 0.85214300 0.19343900
vn 0.00000000 0.74182800 0.67059000
vn 0.44465000 0.88149200 0.15892800
vn 0.00000000 0.73440900 0.67870800
vn 0.53885500 0.80820500 0.23756900
vn 0.00000000 0.75262000 0.65845500
vn 0.55242400 0.79553400 0.24890400
vn 0.00000000 0.75574000 0.65487200
vn 0.00000000 0.74505500 0.66700300
vn 0.50283200 0.83915400 0.20731700
vn 0.00000000 0.76063000 0.64918600
vn 0.57334800 0.77475700 0.26650100
vn 0.00000000 0.76913300 0.63908900
vn 0.60664700 0.73854900 0.29415000
vn 0.56351900 0.78471100 0.25821500
vn 0.00000000 0.75832000 0.65188200
vn 0.00000000 0.77164100 0.63605900
vn 0.61590600 0.72774200 0.30174800
vn 0.00000000 0.78091100 0.62464300
vn 0.64819600 0.68731800 0.32777500
vn 0.00000000 0.79064700 0.61227200
vn 0.67924100 0.64409300 0.35181800
vn 0.00000000 0.80092300 0.59876700
vn 0.70929100 0.59768100 0.37374300
vn 0.66717500 0.66149500 0.34249400
vn 0.00000000 0.78681600 0.61718800
vn 0.71326100 0.59123000 0.37643900
vn 0.00000000 0.80237300 0.59682300
vn 0.72819600 0.56601600 0.38646700
vn 0.00000000 0.80790800 0.58930800
vn 0.00000000 0.81181500 0.58391500
vn 0.73851400 0.54765400 0.39328500
vn 0.00000000 0.81849400 0.57451500
vn 0.75523700 0.51658400 0.40343300
vn 0.00000000 0.81861900 0.57433700
vn 0.75554300 0.51599300 0.40361500
vn 0.75565100 0.51578500 0.40367900
vn 0.00000000 0.81866300 0.57427500
vn 0.00000000 0.83397300 0.55180500
vn 0.79087700 0.44344800 0.42174300
vn 0.00000000 0.85046300 0.52603400
vn 0.82447700 0.36398900 0.43330000
vn 0.82870500 0.35332300 0.43406300
vn 0.00000000 0.85272300 0.52236300
vn 0.00000000 0.85393300 0.52038300
vn 0.83094500 0.34756100 0.43443300
vn 0.85341600 0.28457100 0.43669300
vn 0.00000000 0.86665500 0.49890900
vn 0.85936400 0.26734800 0.43591200
vn 0.00000000 0.87032900 0.49247100
vn 0.00000000 0.87273800 0.48818900
vn 0.86323000 0.25539700 0.43543700
vn 0.00000000 0.89368200 0.44870000
vn 0.89301400 0.14937700 0.42451400
vn 0.00000000 0.90595300 0.42337800
vn 0.90739100 0.08992200 0.41055600
vn 0.90866000 0.00000000 0.41753700
vn 0.90866000 0.00000000 0.41753700
vn 0.86602200 0.00000000 0.50000600
vn 0.86600700 -0.00018779 0.50003100
vn 0.90898400 0.08238540 0.40860900
vn 0.00000000 0.90744900 0.42016200
vn 0.00000000 0.91791600 0.39677400
vn 0.91894000 0.02721770 0.39345700
vn 0.91354500 0.00000000 0.40673700
vn 0.91353700 -0.00016228 0.40675500
vn 0.92297300 -0.00000000 0.38486500
vn 0.00000000 0.92297300 0.38486500
vn 0.92297300 0.00000000 0.38486500
vn 0.30619700 0.94648800 0.10199800
vn 0.31101400 0.92849000 0.20292100
vn 0.31255600 0.90071100 0.30170800
vn 0.31080600 0.86344600 0.39731600
vn 0.30578300 0.81708700 0.48874000
vn 0.29753800 0.76212100 0.57501600
vn 0.28616000 0.69912800 0.65523500
vn 0.27176700 0.62877100 0.72855300
vn 0.25451300 0.55179200 0.79419700
vn 0.23457700 0.46900000 0.85147700
vn 0.21217100 0.38126900 0.89978700
vn 0.18753000 0.28952200 0.93862100
vn 0.16091400 0.19472600 0.96756800
vn 0.13260200 0.09787830 0.98632500
vn 0.30734800 0.94646500 0.09869720
vn 0.32149700 0.92632100 0.19639300
vn 0.33238100 0.89677400 0.29209500
vn 0.33989300 0.85812400 0.38483200
vn 0.34395400 0.81076500 0.47366300
vn 0.34452400 0.75517600 0.55768600
vn 0.34159600 0.69192100 0.63604800
vn 0.33520200 0.62164300 0.70795400
vn 0.32540500 0.54505600 0.77267500
vn 0.31230500 0.46293500 0.82955200
vn 0.29603500 0.37611600 0.87800900
vn 0.27676000 0.28547900 0.91755400
vn 0.25467600 0.19194500 0.94778500
vn 0.23000700 0.09646200 0.96839600
vn 0.30828300 0.94657200 0.09467400
vn 0.33131500 0.92451500 0.18842000
vn 0.35109800 0.89339400 0.28031800
vn 0.36743800 0.85351200 0.36946800
vn 0.38017500 0.80526200 0.45499400
vn 0.38918500 0.74911600 0.53606000
vn 0.39437900 0.68562500 0.61187000
vn 0.39570500 0.61541100 0.68168000
vn 0.39315200 0.53916200 0.74480500
vn 0.38674400 0.45762800 0.80062800
vn 0.37654400 0.37160600 0.84860100
vn 0.36265100 0.28194000 0.88825300
vn 0.34520300 0.18951000 0.91919600
vn 0.32437000 0.09522190 0.94112500
vn 0.30861200 0.94664700 0.09283900
vn 0.33513100 0.92387400 0.18478000
vn 0.35840800 0.89216400 0.27493300
vn 0.37821700 0.85182100 0.36242600
vn 0.39436700 0.80323700 0.44641300
vn 0.40670200 0.74688200 0.52608000
vn 0.41510100 0.68330100 0.60065800
vn 0.41948500 0.61310900 0.66942500
vn 0.41981000 0.53698600 0.73171400
vn 0.41607300 0.45566700 0.78692500
vn 0.40831100 0.36993900 0.83452200
vn 0.39659900 0.28063200 0.87404500
vn 0.38104900 0.18861000 0.90511200
vn 0.36181300 0.09476350 0.92742200
vn 0.30931100 0.94689400 0.08785320
vn 0.34409400 0.92250500 0.17488200
vn 0.37565000 0.88946400 0.26027200
vn 0.40368300 0.84808100 0.34322000
vn 0.42792900 0.79874300 0.42294900
vn 0.44816200 0.74191500 0.49871100
vn 0.46419200 0.67812800 0.56979600
vn 0.47586900 0.60798100 0.63553700
vn 0.48308200 0.53213300 0.69531700
vn 0.48576500 0.45129300 0.74857700
vn 0.48389200 0.36622100 0.79481500
vn 0.47748000 0.27771400 0.83359900
vn 0.46659000 0.18660200 0.86456500
vn 0.45132500 0.09374080 0.88742300
vn 0.30987000 0.94720700 0.08233560
vn 0.35229600 0.92142100 0.16392000
vn 0.39150900 0.88723200 0.24401000
vn 0.42715000 0.84495000 0.32187400
vn 0.45889600 0.79496100 0.39680200
vn 0.48645600 0.73772100 0.46811100
vn 0.50957900 0.67375300 0.53515000
vn 0.52805500 0.60364000 0.59730900
vn 0.54171400 0.52802000 0.65401900
vn 0.55043200 0.44758500 0.70476400
vn 0.55412900 0.36306800 0.74908100
vn 0.55277300 0.27523800 0.78656600
vn 0.54637500 0.18489900 0.81687600
vn 0.53499300 0.09287300 0.83973600
vn 0.31032500 0.94756400 0.07629350
vn 0.35982400 0.92057100 0.15190800
vn 0.40612200 0.88538800 0.22617200
vn 0.44880700 0.84232800 0.29842300
vn 0.48749900 0.79177400 0.36801900
vn 0.52185400 0.73417700 0.43434100
vn 0.55156700 0.67004800 0.49680000
vn 0.57637200 0.59995800 0.55483800
vn 0.59605000 0.52453100 0.60794000
vn 0.61042600 0.44443700 0.65563400
vn 0.61937000 0.36038900 0.69749600
vn 0.62280500 0.27313500 0.73315200
vn 0.62069900 0.18345100 0.76228500
vn 0.61307100 0.09213550 0.78463700
vn 0.31054100 0.94777400 0.07272330
vn 0.36371800 0.92018500 0.14480800
vn 0.41370000 0.88451100 0.21562000
vn 0.46004800 0.84106700 0.28453800
vn 0.50235300 0.79023500 0.35095600
vn 0.54024600 0.73246000 0.41429100
vn 0.57339200 0.66825000 0.47398700
vn 0.60150100 0.59816900 0.52951800
vn 0.62432600 0.52283400 0.58039800
vn 0.64166600 0.44290500 0.62617900
vn 0.65336900 0.35908600 0.66645800
vn 0.65933200 0.27211100 0.70088300
vn 0.65950200 0.18274700 0.72915000
vn 0.65387900 0.09177650 0.75101200
vn 0.31088100 0.94816500 0.06584440
vn 0.37028800 0.91961600 0.13112200
vn 0.42650800 0.88315300 0.19527200
vn 0.47905800 0.83909100 0.25774100
vn 0.52748500 0.78780700 0.31799200
vn 0.57137400 0.72974500 0.37550600
vn 0.61034500 0.66540200 0.42978900
vn 0.64406400 0.59533300 0.48037400
vn 0.67224100 0.52014200 0.52682500
vn 0.69463300 0.44047400 0.56874200
vn 0.71104700 0.35701600 0.60576500
vn 0.72134300 0.27048500 0.63757600
vn 0.72543100 0.18162700 0.66389900
vn 0.72327600 0.09120590 0.68451000
vn 0.31115800 0.94854800 0.05862700
vn 0.37608100 0.91920100 0.11675800
vn 0.43782400 0.88208200 0.17390200
vn 0.49586500 0.83750400 0.22957600
vn 0.54971400 0.78584400 0.28330800
vn 0.59891400 0.72754000 0.33464500
vn 0.64305000 0.66308400 0.38315200
vn 0.68174900 0.59302200 0.42842000
vn 0.71468300 0.51794500 0.47006500
vn 0.74157400 0.43848900 0.50773500
vn 0.76219500 0.35532500 0.54111300
vn 0.77637100 0.26915600 0.56991400
vn 0.78398300 0.18071200 0.59389700
vn 0.78496500 0.09073950 0.61285900
vn 0.75193000 0.51616000 0.41009900
vn 0.78278500 0.43687400 0.44315800
vn 0.80711900 0.35394800 0.47252500
vn 0.82472800 0.26807400 0.49795600
vn 0.83546600 0.17996700 0.51923800
vn 0.83924400 0.09035970 0.53619400
vn 0.84873300 0.26756600 0.45613700
vn 0.86103300 0.17961700 0.47577400
vn 0.86621000 0.09018140 0.49147500
vn 0.30477300 -0.94667200 0.10452800
vn 0.30477300 -0.94667200 0.10452800
vn 0.29975500 -0.93108500 0.20791200
vn 0.29975500 -0.93108500 0.20791200
vn 0.29145300 -0.90529800 0.30901700
vn 0.29145300 -0.90529800 0.30901700
vn 0.27995700 -0.86959100 0.40673700
vn 0.27995700 -0.86959100 0.40673700
vn 0.26539500 -0.82435800 0.50000000
vn 0.26539500 -0.82435800 0.50000000
vn 0.24792500 -0.77009200 0.58778500
vn 0.24792500 -0.77009200 0.58778500
vn 0.22773800 -0.70738900 0.66913100
vn 0.22773800 -0.70738900 0.66913100
vn 0.20505600 -0.63693600 0.74314500
vn 0.20505600 -0.63693600 0.74314500
vn 0.18012800 -0.55950500 0.80901700
vn 0.18012800 -0.55950500 0.80901700
vn 0.15322600 -0.47594300 0.86602500
vn 0.15322600 -0.47594300 0.86602500
vn 0.12464500 -0.38716700 0.91354500
vn 0.12464500 -0.38716700 0.91354500
vn 0.09469880 -0.29414900 0.95105700
vn 0.09469880 -0.29414900 0.95105700
vn 0.06371490 -0.19790800 0.97814800
vn 0.06371490 -0.19790800 0.97814800
vn 0.03203290 -0.09949920 0.99452200
vn 0.03203290 -0.09949920 0.99452200
vn 0.40226200 -0.90953800 0.10452800
vn 0.49532500 -0.86239600 0.10452800
vn 0.58293700 -0.80576600 0.10452800
vn 0.66413500 -0.74026900 0.10452800
vn 0.73802600 -0.66662700 0.10452800
vn 0.80379600 -0.58564900 0.10452800
vn 0.86072200 -0.49822800 0.10452800
vn 0.90817700 -0.40532500 0.10452800
vn 0.94563900 -0.30796200 0.10452800
vn 0.97269600 -0.20721000 0.10452800
vn 0.98905000 -0.10417800 0.10452800
vn 0.99452200 -0.00000000 0.10452800
vn 0.97269600 0.20721000 0.10452800
vn 0.98905000 0.10417800 0.10452800
vn 0.94563900 0.30796200 0.10452800
vn 0.90817700 0.40532500 0.10452800
vn 0.86072200 0.49822800 0.10452800
vn 0.80379600 0.58564900 0.10452800
vn 0.73802600 0.66662700 0.10452800
vn 0.66413500 0.74026900 0.10452800
vn 0.58293700 0.80576600 0.10452800
vn 0.49532500 0.86239600 0.10452800
vn 0.40226200 0.90953800 0.10452800
vn 0.39563900 -0.89456300 0.20791200
vn 0.48716900 -0.84819700 0.20791200
vn 0.57333900 -0.79249900 0.20791200
vn 0.65320100 -0.72808100 0.20791200
vn 0.72587500 -0.65565100 0.20791200
vn 0.79056200 -0.57600700 0.20791200
vn 0.84655100 -0.49002500 0.20791200
vn 0.89322400 -0.39865100 0.20791200
vn 0.93007000 -0.30289100 0.20791200
vn 0.95668100 -0.20379800 0.20791200
vn 0.97276600 -0.10246300 0.20791200
vn 0.97814800 -0.00000000 0.20791200
vn 0.97276600 0.10246300 0.20791200
vn 0.95668100 0.20379800 0.20791200
vn 0.93007000 0.30289100 0.20791200
vn 0.89322400 0.39865100 0.20791200
vn 0.84655100 0.49002500 0.20791200
vn 0.79056200 0.57600700 0.20791200
vn 0.72587500 0.65565100 0.20791200
vn 0.65320100 0.72808100 0.20791200
vn 0.57333900 0.79249900 0.20791200
vn 0.48716900 0.84819700 0.20791200
vn 0.39563900 0.89456300 0.20791200
vn 0.38468100 -0.86978700 0.30901700
vn 0.47367600 -0.82470500 0.30901700
vn 0.55746000 -0.77055000 0.30901700
vn 0.63511000 -0.70791500 0.30901700
vn 0.70577100 -0.63749200 0.30901700
vn 0.76866700 -0.56005400 0.30901700
vn 0.82310400 -0.47645300 0.30901700
vn 0.86848500 -0.38761000 0.30901700
vn 0.90431000 -0.29450200 0.30901700
vn 0.93018500 -0.19815400 0.30901700
vn 0.94582400 -0.09962500 0.30901700
vn 0.95105700 -0.00000000 0.30901700
vn 0.94582400 0.09962500 0.30901700
vn 0.93018500 0.19815400 0.30901700
vn 0.90431000 0.29450200 0.30901700
vn 0.86848500 0.38761000 0.30901700
vn 0.82310400 0.47645300 0.30901700
vn 0.76866700 0.56005400 0.30901700
vn 0.70577100 0.63749200 0.30901700
vn 0.63511000 0.70791500 0.30901700
vn 0.55746000 0.77055000 0.30901700
vn 0.47367600 0.82470500 0.30901700
vn 0.38468100 0.86978700 0.30901700
vn 0.36950900 -0.83548100 0.40673700
vn 0.45499400 -0.79217800 0.40673700
vn 0.53547300 -0.74015800 0.40673700
vn 0.61006000 -0.67999400 0.40673700
vn 0.67793400 -0.61234800 0.40673700
vn 0.73834900 -0.53796400 0.40673700
vn 0.79064000 -0.45766100 0.40673700
vn 0.83423100 -0.37232200 0.40673700
vn 0.86864300 -0.28288700 0.40673700
vn 0.89349700 -0.19033800 0.40673700
vn 0.90851900 -0.09569560 0.40673700
vn 0.91354500 -0.00000000 0.40673700
vn 0.90851900 0.09569560 0.40673700
vn 0.89349700 0.19033800 0.40673700
vn 0.86864300 0.28288700 0.40673700
vn 0.83423100 0.37232200 0.40673700
vn 0.79064000 0.45766100 0.40673700
vn 0.73834900 0.53796400 0.40673700
vn 0.67793400 0.61234800 0.40673700
vn 0.61006000 0.67999400 0.40673700
vn 0.53547300 0.74015800 0.40673700
vn 0.45499400 0.79217800 0.40673700
vn 0.36950900 0.83548100 0.40673700
vn 0.35028800 -0.79202200 0.50000000
vn 0.43132600 -0.75097100 0.50000000
vn 0.50761900 -0.70165700 0.50000000
vn 0.57832600 -0.64462300 0.50000000
vn 0.64267000 -0.58049600 0.50000000
vn 0.69994200 -0.50998100 0.50000000
vn 0.74951300 -0.43385500 0.50000000
vn 0.79083700 -0.35295500 0.50000000
vn 0.82345900 -0.26817200 0.50000000
vn 0.84702000 -0.18043700 0.50000000
vn 0.86126100 -0.09071780 0.50000000
vn 0.86602500 -0.00000000 0.50000000
vn 0.86126100 0.09071780 0.50000000
vn 0.84702000 0.18043700 0.50000000
vn 0.82345900 0.26817200 0.50000000
vn 0.79083700 0.35295500 0.50000000
vn 0.74951300 0.43385500 0.50000000
vn 0.69994200 0.50998100 0.50000000
vn 0.64267000 0.58049600 0.50000000
vn 0.57832600 0.64462300 0.50000000
vn 0.50761900 0.70165700 0.50000000
vn 0.43132600 0.75097100 0.50000000
vn 0.35028800 0.79202200 0.50000000
vn 0.32722900 -0.73988500 0.58778500
vn 0.40293300 -0.70153600 0.58778500
vn 0.47420400 -0.65546900 0.58778500
vn 0.54025600 -0.60218900 0.58778500
vn 0.60036500 -0.54228300 0.58778500
vn 0.65386700 -0.47641000 0.58778500
vn 0.70017400 -0.40529500 0.58778500
vn 0.73877800 -0.32972100 0.58778500
vn 0.76925200 -0.25051900 0.58778500
vn 0.79126200 -0.16856000 0.58778500
vn 0.80456600 -0.08474610 0.58778500
vn 0.80901700 -0.00000000 0.58778500
vn 0.80456600 0.08474610 0.58778500
vn 0.79126200 0.16856000 0.58778500
vn 0.76925200 0.25051900 0.58778500
vn 0.73877800 0.32972100 0.58778500
vn 0.70017400 0.40529500 0.58778500
vn 0.65386700 0.47641000 0.58778500
vn 0.60036500 0.54228300 0.58778500
vn 0.54025600 0.60218900 0.58778500
vn 0.47420400 0.65546900 0.58778500
vn 0.40293300 0.70153600 0.58778500
vn 0.32722900 0.73988500 0.58778500
vn 0.30058500 -0.67964200 0.66913100
vn 0.37012500 -0.64441600 0.66913100
vn 0.43559300 -0.60209900 0.66913100
vn 0.49626700 -0.55315700 0.66913100
vn 0.55148100 -0.49812900 0.66913100
vn 0.60062700 -0.43762000 0.66913100
vn 0.64316400 -0.37229500 0.66913100
vn 0.67862500 -0.30287400 0.66913100
vn 0.70661800 -0.23012100 0.66913100
vn 0.72683600 -0.15483500 0.66913100
vn 0.73905600 -0.07784580 0.66913100
vn 0.74314500 -0.00000000 0.66913100
vn 0.73905600 0.07784580 0.66913100
vn 0.72683600 0.15483500 0.66913100
vn 0.70661800 0.23012100 0.66913100
vn 0.67862500 0.30287400 0.66913100
vn 0.64316400 0.37229500 0.66913100
vn 0.60062700 0.43762000 0.66913100
vn 0.55148100 0.49812900 0.66913100
vn 0.49626700 0.55315700 0.66913100
vn 0.43559300 0.60209900 0.66913100
vn 0.37012500 0.64441600 0.66913100
vn 0.30058500 0.67964200 0.66913100
vn 0.27064800 -0.61195200 0.74314500
vn 0.33326200 -0.58023400 0.74314500
vn 0.39221000 -0.54213200 0.74314500
vn 0.44684100 -0.49806500 0.74314500
vn 0.49655600 -0.44851700 0.74314500
vn 0.54080700 -0.39403500 0.74314500
vn 0.57910800 -0.33521600 0.74314500
vn 0.61103600 -0.27270900 0.74314500
vn 0.63624200 -0.20720200 0.74314500
vn 0.65444600 -0.13941400 0.74314500
vn 0.66544900 -0.07009270 0.74314500
vn 0.66913100 -0.00000000 0.74314500
vn 0.66544900 0.07009270 0.74314500
vn 0.65444600 0.13941400 0.74314500
vn 0.63624200 0.20720200 0.74314500
vn 0.61103600 0.27270900 0.74314500
vn 0.57910800 0.33521600 0.74314500
vn 0.54080700 0.39403500 0.74314500
vn 0.49655600 0.44851700 0.74314500
vn 0.44684100 0.49806500 0.74314500
vn 0.39221000 0.54213200 0.74314500
vn 0.33326200 0.58023400 0.74314500
vn 0.27064800 0.61195200 0.74314500
vn 0.23774600 -0.53755800 0.80901700
vn 0.29274800 -0.50969600 0.80901700
vn 0.34452900 -0.47622600 0.80901700
vn 0.39251900 -0.43751600 0.80901700
vn 0.43619000 -0.39399200 0.80901700
vn 0.47506200 -0.34613200 0.80901700
vn 0.50870600 -0.29446400 0.80901700
vn 0.53675300 -0.23955600 0.80901700
vn 0.55889400 -0.18201200 0.80901700
vn 0.57488600 -0.12246600 0.80901700
vn 0.58455100 -0.06157160 0.80901700
vn 0.58778500 -0.00000000 0.80901700
vn 0.58455100 0.06157160 0.80901700
vn 0.57488600 0.12246600 0.80901700
vn 0.55889400 0.18201200 0.80901700
vn 0.53675300 0.23955600 0.80901700
vn 0.50870600 0.29446400 0.80901700
vn 0.47506200 0.34613200 0.80901700
vn 0.43619000 0.39399200 0.80901700
vn 0.39251900 0.43751600 0.80901700
vn 0.34452900 0.47622600 0.80901700
vn 0.29274800 0.50969600 0.80901700
vn 0.23774600 0.53755800 0.80901700
vn 0.20223900 -0.45727400 0.86602500
vn 0.24902600 -0.43357300 0.86602500
vn 0.29307400 -0.40510200 0.86602500
vn 0.33389700 -0.37217300 0.86602500
vn 0.37104600 -0.33514900 0.86602500
vn 0.40411200 -0.29443800 0.86602500
vn 0.43273200 -0.25048600 0.86602500
vn 0.45659000 -0.20377900 0.86602500
vn 0.47542400 -0.15482900 0.86602500
vn 0.48902700 -0.10417600 0.86602500
vn 0.49724900 -0.05237600 0.86602500
vn 0.50000000 -0.00000000 0.86602500
vn 0.49724900 0.05237600 0.86602500
vn 0.48902700 0.10417600 0.86602500
vn 0.47542400 0.15482900 0.86602500
vn 0.45659000 0.20377900 0.86602500
vn 0.43273200 0.25048600 0.86602500
vn 0.40411200 0.29443800 0.86602500
vn 0.37104600 0.33514900 0.86602500
vn 0.33389700 0.37217300 0.86602500
vn 0.29307400 0.40510200 0.86602500
vn 0.24902600 0.43357300 0.86602500
vn 0.20223900 0.45727400 0.86602500
vn 0.16451600 -0.37198000 0.91354500
vn 0.20257600 -0.35270000 0.91354500
vn 0.23840800 -0.32954000 0.91354500
vn 0.27161600 -0.30275300 0.91354500
vn 0.30183600 -0.27263500 0.91354500
vn 0.32873400 -0.23951700 0.91354500
vn 0.35201600 -0.20376400 0.91354500
vn 0.37142400 -0.16576900 0.91354500
vn 0.38674500 -0.12594900 0.91354500
vn 0.39781000 -0.08474410 0.91354500
vn 0.40449900 -0.04260640 0.91354500
vn 0.40673700 -0.00000000 0.91354500
vn 0.40449900 0.04260640 0.91354500
vn 0.39781000 0.08474410 0.91354500
vn 0.38674500 0.12594900 0.91354500
vn 0.37142400 0.16576900 0.91354500
vn 0.35201600 0.20376400 0.91354500
vn 0.32873400 0.23951700 0.91354500
vn 0.30183600 0.27263500 0.91354500
vn 0.27161600 0.30275300 0.91354500
vn 0.23840800 0.32954000 0.91354500
vn 0.20257600 0.35270000 0.91354500
vn 0.16451600 0.37198000 0.91354500
vn 0.12499000 -0.28261100 0.95105700
vn 0.15390700 -0.26796300 0.95105700
vn 0.18113000 -0.25036700 0.95105700
vn 0.20636000 -0.23001600 0.95105700
vn 0.22931900 -0.20713400 0.95105700
vn 0.24975500 -0.18197200 0.95105700
vn 0.26744300 -0.15480900 0.95105700
vn 0.28218800 -0.12594200 0.95105700
vn 0.29382800 -0.09568960 0.95105700
vn 0.30223500 -0.06438410 0.95105700
vn 0.30731700 -0.03237010 0.95105700
vn 0.30901700 -0.00000000 0.95105700
vn 0.30731700 0.03237010 0.95105700
vn 0.30223500 0.06438410 0.95105700
vn 0.29382800 0.09568960 0.95105700
vn 0.28218800 0.12594200 0.95105700
vn 0.26744300 0.15480900 0.95105700
vn 0.24975500 0.18197200 0.95105700
vn 0.22931900 0.20713400 0.95105700
vn 0.20636000 0.23001600 0.95105700
vn 0.18113000 0.25036700 0.95105700
vn 0.15390700 0.26796300 0.95105700
vn 0.12499000 0.28261100 0.95105700
vn 0.08409560 -0.19014500 0.97814800
vn 0.10355100 -0.18029000 0.97814800
vn 0.12186700 -0.16845100 0.97814800
vn 0.13884200 -0.15475800 0.97814800
vn 0.15428900 -0.13936300 0.97814800
vn 0.16803900 -0.12243400 0.97814800
vn 0.17994000 -0.10415800 0.97814800
vn 0.18986100 -0.08473600 0.97814800
vn 0.19769200 -0.06438150 0.97814800
vn 0.20334900 -0.04331870 0.97814800
vn 0.20676800 -0.02177910 0.97814800
vn 0.20791200 -0.00000000 0.97814800
vn 0.20676800 0.02177910 0.97814800
vn 0.20334900 0.04331870 0.97814800
vn 0.19769200 0.06438150 0.97814800
vn 0.18986100 0.08473600 0.97814800
vn 0.17994000 0.10415800 0.97814800
vn 0.16803900 0.12243400 0.97814800
vn 0.15428900 0.13936300 0.97814800
vn 0.13884200 0.15475800 0.97814800
vn 0.12186700 0.16845100 0.97814800
vn 0.10355100 0.18029000 0.97814800
vn 0.08409560 0.19014500 0.97814800
vn 0.04227940 -0.09559630 0.99452200
vn 0.05206070 -0.09064150 0.99452200
vn 0.06126920 -0.08468940 0.99452200
vn 0.06980350 -0.07780540 0.99452200
vn 0.07756970 -0.07006530 0.99452200
vn 0.08448240 -0.06155420 0.99452200
vn 0.09046550 -0.05236590 0.99452200
vn 0.09545330 -0.04260140 0.99452200
vn 0.09939070 -0.03236810 0.99452200
vn 0.10223400 -0.02177860 0.99452200
vn 0.10395300 -0.01094960 0.99452200
vn 0.10452800 -0.00000000 0.99452200
vn 0.10395300 0.01094960 0.99452200
vn 0.10223400 0.02177860 0.99452200
vn 0.09939070 0.03236810 0.99452200
vn 0.09545330 0.04260140 0.99452200
vn 0.09046550 0.05236590 0.99452200
vn 0.08448240 0.06155420 0.99452200
vn 0.07756970 0.07006530 0.99452200
vn 0.06980350 0.07780540 0.99452200
vn 0.06126920 0.08468940 0.99452200
vn 0.05206070 0.09064150 0.99452200
vn 0.04227940 0.09559630 0.99452200
vn 0.10289500 0.00000000 0.99469200
vn 0.10289500 0.00000000 0.99469200
vn 0.10452500 0.00000000 0.99452200
vn 0.10450700 0.00004484 0.99452400
vn 0.20300400 0.00000000 0.97917800
vn 0.20300400 0.00000000 0.97917800
vn 0.20784300 0.00016048 0.97816200
vn 0.20790100 0.00000000 0.97815000
vn 0.30901500 0.00000000 0.95105700
vn 0.30897800 0.00011351 0.95106900
vn 0.30035700 0.00000000 0.95382700
vn 0.30035700 0.00000000 0.95382700
vn 0.33907700 0.00000000 0.94075900
vn 0.33907700 0.00000000 0.94075900
vn 0.40675700 0.00000000 0.91353600
vn 0.40649200 0.00089242 0.91365400
vn 0.43182600 0.00000000 0.90195700
vn 0.43182600 0.00000000 0.90195700
vn 0.50002000 0.00000000 0.86601400
vn 0.49980900 0.00081012 0.86613500
vn 0.51873200 0.00000000 0.85493700
vn 0.51873200 0.00000000 0.85493700
vn 0.58780200 0.00000000 0.80900500
vn 0.58765900 0.00064882 0.80910800
vn 0.59998800 0.00000000 0.80000900
vn 0.59998800 0.00000000 0.80000900
vn 0.64251200 0.00000000 0.76627600
vn 0.64251200 0.00000000 0.76627600
vn 0.66911900 0.00000000 0.74315500
vn 0.66890500 0.00118285 0.74334700
vn 0.74295900 0.00126145 0.66933600
vn 0.74313900 0.00000000 0.66913700
vn 0.71489700 0.00000000 0.69923000
vn 0.71489700 0.00000000 0.69923000
vn 0.80901700 0.00000000 0.58778500
vn 0.80887700 0.00130496 0.58797700
vn 0.77931100 0.00000000 0.62663800
vn 0.77931100 0.00000000 0.62663800
vn 0.83603100 0.00000000 0.54868300
vn 0.83603100 0.00000000 0.54868300
vn 0.86422200 0.00000000 0.50311100
vn 0.86422200 0.00000000 0.50311100
vn 0.91354500 0.00000000 0.40673700
vn 0.91353700 0.00016228 0.40675500
vn 0.92297300 0.00000000 0.38486500
vn 0.00000000 -0.92297300 0.38486500
vn 0.92297300 0.00000000 0.38486500
vn 0.91898300 -0.02762940 0.39332800
vn 0.00000000 -0.91791900 0.39676700
vn 0.90888700 -0.08512410 0.40826200
vn 0.00000000 -0.90728000 0.42052700
vn 0.90866000 0.00000000 0.41753700
vn 0.90866000 0.00000000 0.41753700
vn 0.90789500 -0.08991890 0.40943900
vn 0.00000000 -0.90634900 0.42252900
vn 0.86600700 0.00018779 0.50003100
vn 0.86602200 0.00000000 0.50000600
vn 0.88561100 -0.17929300 0.42842500
vn 0.00000000 -0.88803100 0.45978400
vn 0.00000000 -0.87274000 0.48818600
vn 0.86324100 -0.25529600 0.43547500
vn 0.85942200 -0.26734600 0.43579800
vn 0.00000000 -0.87037300 0.49239300
vn 0.00000000 -0.88476000 0.46604700
vn 0.88115700 -0.19433200 0.43104200
vn 0.84740700 -0.30208900 0.43662700
vn 0.00000000 -0.86310500 0.50502400
vn 0.82896100 -0.35331600 0.43358000
vn 0.00000000 -0.85293500 0.52201700
vn 0.83045800 -0.34939900 0.43388900
vn 0.00000000 -0.85373400 0.52071000
vn 0.80466200 -0.41224700 0.42728400
vn 0.00000000 -0.84048600 0.54183300
vn 0.79420100 -0.43644700 0.42279800
vn 0.00000000 -0.83558600 0.54936000
vn 0.00000000 -0.81941600 0.57319900
vn 0.75748300 -0.51225800 0.40473500
vn 0.00000000 -0.81864400 0.57430100
vn 0.75556800 -0.51599200 0.40357100
vn 0.76476200 -0.49800400 0.40881600
vn 0.00000000 -0.82245500 0.56883000
vn 0.00000000 -0.81849400 0.57451500
vn 0.75520400 -0.51668800 0.40336000
vn 0.00000000 -0.80544300 0.59267300
vn 0.72172500 -0.57702300 0.38230600
vn 0.71329200 -0.59122800 0.37638200
vn 0.00000000 -0.80241100 0.59677200
vn 0.00000000 -0.80790700 0.58931100
vn 0.72819300 -0.56602000 0.38646500
vn 0.68787800 -0.63123800 0.35827700
vn 0.00000000 -0.79351100 0.60855600
vn 0.00000000 -0.78682500 0.61717600
vn 0.66718200 -0.66149400 0.34248100
vn 0.00000000 -0.78041700 0.62525900
vn 0.64654900 -0.68948700 0.32646900
vn 0.61360400 -0.73046000 0.29986400
vn 0.00000000 -0.77101100 0.63682200
vn 0.00000000 -0.78287400 0.62218000
vn 0.65467700 -0.67866300 0.33288800
vn 0.57906400 -0.76882700 0.27127500
vn 0.00000000 -0.76203400 0.64753800
vn 0.56352700 -0.78471000 0.25820000
vn 0.00000000 -0.75834100 0.65185800
vn 0.54249000 -0.80486400 0.24062300
vn 0.00000000 -0.75342800 0.65753000
vn 0.51513300 -0.82901900 0.21763600
vn 0.00000000 -0.74755100 0.66420500
vn 0.00000000 -0.75574000 0.65487200
vn 0.55244000 -0.79551800 0.24892100
vn 0.00000000 -0.74028600 0.67229300
vn 0.47802000 -0.85830400 0.18657900
vn 0.43876900 -0.88528900 0.15409400
vn 0.00000000 -0.73342700 0.67976800
vn 0.39692000 -0.90996600 0.12006600
vn 0.00000000 -0.72697700 0.68666100
vn 0.00000000 -0.73444300 0.67867000
vn 0.44465500 -0.88149200 0.15891600
vn 0.38978200 -0.91378200 0.11433600
vn 0.00000000 -0.72596100 0.68773500
vn 0.34269500 -0.93627400 0.07714360
vn 0.00000000 -0.71983900 0.69414100
vn 0.00000000 -0.71639800 0.69769200
vn 0.31133400 -0.94882200 0.05299290
vn 0.29286000 -0.95535800 0.03902940
vn 0.00000000 -0.71439600 0.69974200
vn 0.13260200 -0.09787830 0.98632500
vn 0.16091400 -0.19472600 0.96756800
vn 0.18753000 -0.28952200 0.93862100
vn 0.21217100 -0.38126900 0.89978700
vn 0.23457700 -0.46900000 0.85147700
vn 0.25451300 -0.55179200 0.79419700
vn 0.27176700 -0.62877100 0.72855300
vn 0.28616000 -0.69912800 0.65523500
vn 0.29753800 -0.76212100 0.57501600
vn 0.30578300 -0.81708700 0.48874000
vn 0.31080600 -0.86344600 0.39731600
vn 0.31255600 -0.90071100 0.30170800
vn 0.31101400 -0.92849000 0.20292100
vn 0.30619700 -0.94648800 0.10199800
vn 0.23000700 -0.09646200 0.96839600
vn 0.25467600 -0.19194500 0.94778500
vn 0.27676000 -0.28547900 0.91755400
vn 0.29603500 -0.37611600 0.87800900
vn 0.31230500 -0.46293500 0.82955200
vn 0.32540500 -0.54505600 0.77267500
vn 0.33520200 -0.62164300 0.70795400
vn 0.34159600 -0.69192100 0.63604800
vn 0.34452400 -0.75517600 0.55768600
vn 0.34395400 -0.81076500 0.47366300
vn 0.33989300 -0.85812400 0.38483200
vn 0.33238100 -0.89677400 0.29209500
vn 0.32149700 -0.92632100 0.19639300
vn 0.30734800 -0.94646500 0.09869720
vn 0.32437000 -0.09522190 0.94112500
vn 0.34520300 -0.18951000 0.91919600
vn 0.36265100 -0.28194000 0.88825300
vn 0.37654400 -0.37160600 0.84860100
vn 0.38674400 -0.45762800 0.80062800
vn 0.39315200 -0.53916200 0.74480500
vn 0.39570500 -0.61541100 0.68168000
vn 0.39437900 -0.68562500 0.61187000
vn 0.38918500 -0.74911600 0.53606000
vn 0.38017500 -0.80526200 0.45499400
vn 0.36743800 -0.85351200 0.36946800
vn 0.35109800 -0.89339400 0.28031800
vn 0.33131500 -0.92451500 0.18842000
vn 0.30828300 -0.94657200 0.09467400
vn 0.36181300 -0.09476350 0.92742200
vn 0.38104900 -0.18861000 0.90511200
vn 0.39659900 -0.28063200 0.87404500
vn 0.40831100 -0.36993900 0.83452200
vn 0.41607300 -0.45566700 0.78692500
vn 0.41981000 -0.53698600 0.73171400
vn 0.41948500 -0.61310900 0.66942500
vn 0.41510100 -0.68330100 0.60065800
vn 0.40670200 -0.74688200 0.52608000
vn 0.39436700 -0.80323700 0.44641300
vn 0.37821700 -0.85182100 0.36242600
vn 0.35840800 -0.89216400 0.27493300
vn 0.33513100 -0.92387400 0.18478000
vn 0.30861200 -0.94664700 0.09283900
vn 0.45132500 -0.09374080 0.88742300
vn 0.46659000 -0.18660200 0.86456500
vn 0.47748000 -0.27771400 0.83359900
vn 0.48389200 -0.36622100 0.79481500
vn 0.48576500 -0.45129300 0.74857700
vn 0.48308200 -0.53213300 0.69531700
vn 0.47586900 -0.60798100 0.63553700
vn 0.46419200 -0.67812800 0.56979600
vn 0.44816200 -0.74191500 0.49871100
vn 0.42792900 -0.79874300 0.42294900
vn 0.40368300 -0.84808100 0.34322000
vn 0.37565000 -0.88946400 0.26027200
vn 0.34409400 -0.92250500 0.17488200
vn 0.30931100 -0.94689400 0.08785320
vn 0.53499300 -0.09287300 0.83973600
vn 0.54637500 -0.18489900 0.81687600
vn 0.55277300 -0.27523800 0.78656600
vn 0.55412900 -0.36306800 0.74908100
vn 0.55043200 -0.44758500 0.70476400
vn 0.54171400 -0.52802000 0.65401900
vn 0.52805500 -0.60364000 0.59730900
vn 0.50957900 -0.67375300 0.53515000
vn 0.48645600 -0.73772100 0.46811100
vn 0.45889600 -0.79496100 0.39680200
vn 0.42715000 -0.84495000 0.32187400
vn 0.39150900 -0.88723200 0.24401000
vn 0.35229600 -0.92142100 0.16392000
vn 0.30987000 -0.94720700 0.08233560
vn 0.61307100 -0.09213550 0.78463700
vn 0.62069900 -0.18345100 0.76228500
vn 0.62280500 -0.27313500 0.73315200
vn 0.61937000 -0.36038900 0.69749600
vn 0.61042600 -0.44443700 0.65563400
vn 0.59605000 -0.52453100 0.60794000
vn 0.57637200 -0.59995800 0.55483800
vn 0.55156700 -0.67004800 0.49680000
vn 0.52185400 -0.73417700 0.43434100
vn 0.48749900 -0.79177400 0.36801900
vn 0.44880700 -0.84232800 0.29842300
vn 0.40612200 -0.88538800 0.22617200
vn 0.35982400 -0.92057100 0.15190800
vn 0.31032500 -0.94756400 0.07629350
vn 0.65387900 -0.09177650 0.75101200
vn 0.65950200 -0.18274700 0.72915000
vn 0.65933200 -0.27211100 0.70088300
vn 0.65336900 -0.35908600 0.66645800
vn 0.64166600 -0.44290500 0.62617900
vn 0.62432600 -0.52283400 0.58039800
vn 0.60150100 -0.59816900 0.52951800
vn 0.57339200 -0.66825000 0.47398700
vn 0.54024600 -0.73246000 0.41429100
vn 0.50235300 -0.79023500 0.35095600
vn 0.46004800 -0.84106700 0.28453800
vn 0.41370000 -0.88451100 0.21562000
vn 0.36371800 -0.92018500 0.14480800
vn 0.31054100 -0.94777400 0.07272330
vn 0.72327600 -0.09120590 0.68451000
vn 0.72543100 -0.18162700 0.66389900
vn 0.72134300 -0.27048500 0.63757600
vn 0.71104700 -0.35701600 0.60576500
vn 0.69463300 -0.44047400 0.56874200
vn 0.67224100 -0.52014200 0.52682500
vn 0.64406400 -0.59533300 0.48037400
vn 0.61034500 -0.66540200 0.42978900
vn 0.57137400 -0.72974500 0.37550600
vn 0.52748500 -0.78780700 0.31799200
vn 0.47905800 -0.83909100 0.25774100
vn 0.42650800 -0.88315300 0.19527200
vn 0.37028800 -0.91961600 0.13112200
vn 0.31088100 -0.94816500 0.06584440
vn 0.78496500 -0.09073950 0.61285900
vn 0.78398300 -0.18071200 0.59389700
vn 0.77637100 -0.26915600 0.56991400
vn 0.76219500 -0.35532500 0.54111300
vn 0.74157400 -0.43848900 0.50773500
vn 0.71468300 -0.51794500 0.47006500
vn 0.68174900 -0.59302200 0.42842000
vn 0.64305000 -0.66308400 0.38315200
vn 0.59891400 -0.72754000 0.33464500
vn 0.54971400 -0.78584400 0.28330800
vn 0.49586500 -0.83750400 0.22957600
vn 0.43782400 -0.88208200 0.17390200
vn 0.37608100 -0.91920100 0.11675800
vn 0.31115800 -0.94854800 0.05862700
vn 0.83924400 -0.09035970 0.53619400
vn 0.83546600 -0.17996700 0.51923800
vn 0.82472800 -0.26807400 0.49795600
vn 0.80711900 -0.35394800 0.47252500
vn 0.78278500 -0.43687400 0.44315800
vn 0.86621000 -0.09018140 0.49147500
vn 0.86103300 -0.17961700 0.47577400
vn 0.84873300 -0.26756600 0.45613700
vn 0.75193000 -0.51616000 0.41009900
vn 0.00000000 0.95105700 0.30901700
vn 0.95105700 0.00000000 0.30901700
vn 0.95105700 0.00000000 0.30901700
vn 0.00000000 -0.95105700 0.30901700
vn 0.96697300 0.00000000 0.25487900
vn 0.00000000 -0.96697300 0.25487900
vn 0.95354300 0.00000000 0.30125600
vn 0.00000000 -0.95354300 0.30125600
vn 0.00000000 0.95354400 0.30125200
vn 0.95354400 0.00000000 0.30125200
vn 0.97814800 0.00000000 0.20791200
vn 0.00000000 -0.97814800 0.20791200
vn 0.00000000 0.96697300 0.25487900
vn 0.96697300 0.00000000 0.25487900
vn 0.00000000 0.97814800 0.20790900
vn 0.97814800 0.00000000 0.20790900
vn 0.00000000 -0.98811000 0.15375000
vn 0.98811000 0.00000000 0.15375000
vn 0.97926300 0.00000000 0.20259500
vn 0.00000000 -0.97926300 0.20259500
vn 0.97926300 0.00000000 0.20259200
vn 0.00000000 0.97926300 0.20259200
vn 0.99452200 0.00000000 0.10452800
vn 0.00000000 -0.99452200 0.10452800
vn 0.98811000 0.00000000 0.15375000
vn 0.00000000 0.98811000 0.15375000
vn 0.00000000 0.99452200 0.10452700
vn 0.99452200 0.00000000 0.10452700
vn 0.99870000 0.00000000 0.05097880
vn 0.00000000 -0.99870000 0.05097880
vn 0.00000000 -0.99480200 0.10182700
vn 0.99480200 0.00000000 0.10182700
vn 0.00000000 -1.00000000 0.00000000
vn 0.00000000 -1.00000000 0.00000000
vn 1.00000000 -0.00000000 0.00000000
vn 1.00000000 -0.00000000 0.00000000
vn 0.00000000 0.99480200 0.10182500
vn 0.99480200 0.00000000 0.10182500
vn 0.00000000 0.99870000 0.05097880
vn 0.99870000 0.00000000 0.05097880
vn 1.00000000 -0.00000000 0.00000000
vn 0.00000000 1.00000000 0.00000000
vn 0.00000000 1.00000000 0.00000000
vn 1.00000000 -0.00000000 0.00000000
vn 0.00000000 0.49323900 0.86989400
vn 0.00000000 0.72548300 0.68824000
vn 0.00000000 0.72055600 0.69339700
vn 0.00000000 0.79654800 0.60457600
vn 0.00000000 0.82055400 0.57156900
vn 0.00000000 -0.49323900 0.86989400
vn 0.00000000 -0.82055400 0.57156900
vn 0.00000000 -0.79654800 0.60457600
vn 0.00000000 -0.72548300 0.68824000
vn 0.00000000 -0.72055600 0.69339700
vn 0.00000000 -0.74516900 0.66687500
vn 0.00000000 -1.00000000 0.00000000
vn 1.00000000 -0.00000000 0.00000000
vn 1.00000000 -0.00000000 0.00000000
vn 0.00000000 -1.00000000 -0.00000000
vn -1.00000000 0.00000000 0.00000000
vn 0.00000000 -1.00000000 0.00000000
vn 0.00000000 -1.00000000 -0.00000000
vn -1.00000000 0.00000000 0.00000000
vn 0.00000000 1.00000000 -0.00000000
vn 1.00000000 -0.00000000 0.00000000
vn 1.00000000 -0.00000000 0.00000000
vn 0.00000000 1.00000000 0.00000000
vn 0.00000000 1.00000000 0.00000000
vn 0.00000000 1.00000000 -0.00000000
vn -1.00000000 0.00000000 0.00000000
vn -1.00000000 0.00000000 0.00000000
vn -0.99863000 0.00000000 0.05233600
vn 0.00000000 0.99863000 0.05233600
vn 0.00000000 -0.99863000 0.05233600
vn -0.99863000 0.00000000 0.05233600
vn -0.99452200 0.00000000 0.10452800
vn 0.00000000 -0.99452200 0.10452800
vn 0.00000000 0.99452200 0.10452800
vn -0.99452200 0.00000000 0.10452800
vn 0.00000000 0.98768800 0.15643400
vn -0.98768800 0.00000000 0.15643400
vn 0.00000000 -0.98768800 0.15643400
vn -0.98768800 0.00000000 0.15643400
vn 0.00000000 -0.97814800 0.20791200
vn -0.97814800 0.00000000 0.20791200
vn -0.97814800 0.00000000 0.20791200
vn 0.00000000 0.97814800 0.20791200
vn -0.96592600 0.00000000 0.25881900
vn 0.00000000 0.96592600 0.25881900
vn -0.96592600 0.00000000 0.25881900
vn 0.00000000 -0.96592600 0.25881900
vn 0.00000000 -0.95105700 0.30901700
vn -0.95105700 0.00000000 0.30901700
vn -0.95105700 0.00000000 0.30901700
vn 0.00000000 0.95105700 0.30901700
vn -0.93358000 0.00000000 0.35836800
vn 0.00000000 0.93358000 0.35836800
vn -0.93358000 0.00000000 0.35836800
vn 0.00000000 -0.93358000 0.35836800
vn 0.00000000 -0.91354500 0.40673700
vn -0.91354500 0.00000000 0.40673700
vn -0.91354500 0.00000000 0.40673700
vn 0.00000000 0.91354500 0.40673700
vn -0.89100700 0.00000000 0.45399000
vn 0.00000000 0.89100700 0.45399000
vn 0.00000000 -0.89100700 0.45399000
vn -0.89100700 0.00000000 0.45399000
vn 0.00000000 -0.86602500 0.50000000
vn -0.86602500 0.00000000 0.50000000
vn 0.00000000 0.86602500 0.50000000
vn -0.86602500 0.00000000 0.50000000
vn -0.83867100 0.00000000 0.54463900
vn 0.00000000 0.83867100 0.54463900
vn -0.83867100 0.00000000 0.54463900
vn 0.00000000 -0.83867100 0.54463900
vn -0.80901700 0.00000000 0.58778500
vn 0.00000000 -0.80901700 0.58778500
vn 0.00000000 0.80901700 0.58778500
vn -0.80901700 0.00000000 0.58778500
vn 0.00000000 -0.74314500 0.66913100
vn -0.74314500 0.00000000 0.66913100
vn -0.66913100 0.00000000 0.74314500
vn 0.00000000 -0.66913100 0.74314500
vn -0.66913100 0.00000000 0.74314500
vn 0.00000000 0.66913100 0.74314500
vn 0.00000000 -0.58778500 0.80901700
vn -0.58778500 0.00000000 0.80901700
vn 0.00000000 0.58778500 0.80901700
vn -0.58778500 0.00000000 0.80901700
vn 0.00000000 -0.50000000 0.86602500
vn -0.50000000 0.00000000 0.86602500
vn -0.40673700 0.00000000 0.91354500
vn 0.00000000 -0.40673700 0.91354500
vn 0.00000000 0.40673700 0.91354500
vn -0.40673700 0.00000000 0.91354500
vn -0.30901700 0.00000000 0.95105700
vn 0.00000000 -0.30901700 0.95105700
vn -0.20791200 0.00000000 0.97814800
vn 0.00000000 -0.20791200 0.97814800
vn -0.20791200 0.00000000 0.97814800
vn 0.00000000 0.20791200 0.97814800
vn -0.10452800 0.00000000 0.99452200
vn 0.00000000 -0.10452800 0.99452200
vn -0.10452800 0.00000000 0.99452200
vn 0.00000000 0.10452800 0.99452200
vn -0.00000000 0.00000000 1.00000000
vn 0.00000000 0.00000000 1.00000000
vn 0.00000000 0.00000000 1.00000000
vn 0.00000000 0.00000000 1.00000000
vn -0.00000000 0.00000000 1.00000000
vn 0.00000000 0.00000000 1.00000000
vn 0.00000000 0.30901700 0.95105700
vn -0.30901700 0.00000000 0.95105700
vn 0.00000000 0.50000000 0.86602500
vn -0.50000000 0.00000000 0.86602500
vn -0.74314500 0.00000000 0.66913100
vn 0.00000000 0.74314500 0.66913100
vn 0.00000000 0.00000000 1.00000000
vn 0.00000000 0.00000000 1.00000000
vn 0.00000000 0.00000000 1.00000000
vn 0.00000000 0.00000000 1.00000000
vn 0.00000000 0.00000000 1.00000000
vn -0.00000000 0.00000000 1.00000000
vn 0.00000000 -0.10452800 0.99452200
vn 0.10452800 0.00000000 0.99452200
vn 0.00000000 0.10452800 0.99452200
vn 0.10452800 0.00000000 0.99452200
vn 0.00000000 0.00000000 1.00000000
vn 0.00000000 0.00000000 1.00000000
vn 0.00000000 0.00000000 1.00000000
vn 0.00000000 -0.20791200 0.97814800
vn 0.20791200 0.00000000 0.97814800
vn 0.20791200 0.00000000 0.97814800
vn 0.00000000 0.20791200 0.97814800
vn 0.30901700 0.00000000 0.95105700
vn 0.00000000 0.30901700 0.95105700
vn 0.00000000 -0.40673700 0.91354500
vn 0.40673700 0.00000000 0.91354500
vn 0.40673700 0.00000000 0.91354500
vn 0.00000000 0.40673700 0.91354500
vn 0.00000000 0.50000000 0.86602500
vn 0.50000000 0.00000000 0.86602500
vn 0.00000000 -0.58778500 0.80901700
vn 0.58778500 0.00000000 0.80901700
vn 0.00000000 0.58778500 0.80901700
vn 0.58778500 0.00000000 0.80901700
vn 0.00000000 0.66913100 0.74314500
vn 0.66913100 0.00000000 0.74314500
vn 0.00000000 0.74314500 0.66913100
vn 0.74314500 0.00000000 0.66913100
vn 0.00000000 -0.66913100 0.74314500
vn 0.66913100 0.00000000 0.74314500
vn 0.00000000 -0.80901700 0.58778500
vn 0.80901700 0.00000000 0.58778500
vn 0.00000000 0.80901700 0.58778500
vn 0.80901700 0.00000000 0.58778500
vn 0.83867100 0.00000000 0.54463900
vn 0.00000000 -0.83867100 0.54463900
vn 0.00000000 0.83867100 0.54463900
vn 0.83867100 0.00000000 0.54463900
vn 0.00000000 -0.86602500 0.50000000
vn 0.86602500 0.00000000 0.50000000
vn 0.86602500 0.00000000 0.50000000
vn 0.00000000 0.86602500 0.50000000
vn 0.89100700 0.00000000 0.45399000
vn 0.00000000 -0.89100700 0.45399000
vn 0.00000000 0.89100700 0.45399000
vn 0.89100700 0.00000000 0.45399000
vn 0.00000000 0.91354500 0.40673700
vn 0.91354500 0.00000000 0.40673700
vn 0.93358000 0.00000000 0.35836800
vn 0.00000000 -0.93358000 0.35836800
vn 0.00000000 0.93358000 0.35836800
vn 0.93358000 0.00000000 0.35836800
vn 0.00000000 0.95105700 0.30901700
vn 0.95105700 0.00000000 0.30901700
vn 0.00000000 -0.91354500 0.40673700
vn 0.91354500 0.00000000 0.40673700
vn 0.96592600 0.00000000 0.25881900
vn 0.00000000 -0.96592600 0.25881900
vn 0.00000000 0.96592600 0.25881900
vn 0.96592600 0.00000000 0.25881900
vn 0.95105700 0.00000000 0.30901700
vn 0.00000000 -0.95105700 0.30901700
vn 0.00000000 -0.97814800 0.20791200
vn 0.97814800 0.00000000 0.20791200
vn 0.97814800 0.00000000 0.20791200
vn 0.00000000 0.97814800 0.20791200
vn 0.98768800 0.00000000 0.15643400
vn 0.00000000 -0.98768800 0.15643400
vn 0.00000000 0.98768800 0.15643400
vn 0.98768800 0.00000000 0.15643400
vn 0.99452200 0.00000000 0.10452800
vn 0.00000000 0.99452200 0.10452800
vn 0.99863000 0.00000000 0.05233600
vn 0.00000000 -0.99863000 0.05233600
vn 0.99863000 0.00000000 0.05233600
vn 0.00000000 0.99863000 0.05233600
vn 0.99452200 0.00000000 0.10452800
vn 0.00000000 -0.99452200 0.10452800
vn 0.00000000 -0.74314500 0.66913100
vn 0.74314500 0.00000000 0.66913100
vn 0.50000000 0.00000000 0.86602500
vn 0.00000000 -0.50000000 0.86602500
vn 0.30901700 0.00000000 0.95105700
vn 0.00000000 -0.30901700 0.95105700
vn 0.00000000 0.00000000 1.00000000
vn 0.00000000 0.00000000 1.00000000
vn -0.00000000 0.00000000 1.00000000
vn 0.00000000 0.00000000 1.00000000
vn 0.00000000 0.00000000 1.00000000
vn 0.00000000 0.00000000 1.00000000
vn 0.00000000 0.00000000 1.00000000
vn 0.00000000 -0.00000000 1.00000000
vn 0.10452800 0.00000000 0.99452200
vn 0.00000000 -0.10452800 0.99452200
vn 0.20791200 0.00000000 0.97814800
vn 0.00000000 -0.20791200 0.97814800
vn 0.30901700 0.00000000 0.95105700
vn 0.00000000 -0.30901700 0.95105700
vn 0.00000000 -0.40673700 0.91354500
vn 0.40673700 0.00000000 0.91354500
vn 0.00000000 -0.50000000 0.86602500
vn 0.00000000 0.50000000 0.86602500
vn 0.50000000 0.00000000 0.86602500
vn 0.00000000 -0.50000000 0.86602500
vn -0.50000000 0.00000000 0.86602500
vn 0.00000000 0.50000000 0.86602500
vn 0.00000000 -0.40673700 0.91354500
vn -0.40673700 0.00000000 0.91354500
vn 0.00000000 -0.20791200 0.97814800
vn -0.20791200 0.00000000 0.97814800
vn -0.10452800 0.00000000 0.99452200
vn 0.00000000 -0.10452800 0.99452200
vn 0.00000000 -0.30901700 0.95105700
vn -0.30901700 0.00000000 0.95105700
vn 0.00000000 0.10452800 0.99452200
vn -0.10452800 0.00000000 0.99452200
vn -0.20791200 0.00000000 0.97814800
vn 0.00000000 0.20791200 0.97814800
vn -0.30901700 0.00000000 0.95105700
vn 0.00000000 0.30901700 0.95105700
vn 0.00000000 0.40673700 0.91354500
vn -0.40673700 0.00000000 0.91354500
vn -0.50000000 0.00000000 0.86602500
vn 0.00000000 -0.50000000 0.86602500
vn 0.00000000 0.50000000 0.86602500
vn 0.00000000 -0.50000000 0.86602500
vn 0.50000000 0.00000000 0.86602500
vn 0.00000000 0.50000000 0.86602500
vn 0.00000000 0.10452800 0.99452200
vn 0.10452800 0.00000000 0.99452200
vn 0.00000000 0.20791200 0.97814800
vn 0.20791200 0.00000000 0.97814800
vn 0.40673700 0.00000000 0.91354500
vn 0.00000000 0.40673700 0.91354500
vn 0.30901700 0.00000000 0.95105700
vn 0.00000000 0.30901700 0.95105700
vn -0.99863000 0.00000000 0.05233600
vn 0.00000000 0.99863000 0.05233600
vn 0.00000000 -0.99452200 0.10452800
vn -0.99452200 0.00000000 0.10452800
vn 0.00000000 -0.99863000 0.05233600
vn -0.99863000 0.00000000 0.05233600
vn 0.00000000 1.00000000 0.00000000
vn -1.00000000 0.00000000 0.00000000
vn -1.00000000 0.00000000 0.00000000
vn 0.00000000 1.00000000 0.00000000
vn 0.00000000 0.99452200 0.10452800
vn -0.99452200 0.00000000 0.10452800
vn -0.98768800 0.00000000 0.15643400
vn 0.00000000 0.98768800 0.15643400
vn 0.00000000 -0.97814800 0.20791200
vn -0.97814800 0.00000000 0.20791200
vn 0.00000000 -0.98768800 0.15643400
vn -0.98768800 0.00000000 0.15643400
vn 0.00000000 0.97814800 0.20791200
vn -0.97814800 0.00000000 0.20791200
vn 0.00000000 0.96592600 0.25881900
vn -0.96592600 0.00000000 0.25881900
vn 0.00000000 -0.95105700 0.30901700
vn -0.95105700 0.00000000 0.30901700
vn -0.96592600 0.00000000 0.25881900
vn 0.00000000 -0.96592600 0.25881900
vn 0.00000000 0.95105700 0.30901700
vn -0.95105700 0.00000000 0.30901700
vn 0.00000000 0.93358000 0.35836800
vn -0.93358000 0.00000000 0.35836800
vn 0.00000000 -0.91354500 0.40673700
vn -0.91354500 0.00000000 0.40673700
vn 0.00000000 -0.93358000 0.35836800
vn -0.93358000 0.00000000 0.35836800
vn 0.00000000 0.89100700 0.45399000
vn -0.89100700 0.00000000 0.45399000
vn 0.00000000 -0.86602500 0.50000000
vn -0.86602500 0.00000000 0.50000000
vn 0.00000000 -0.89100700 0.45399000
vn -0.89100700 0.00000000 0.45399000
vn 0.00000000 0.91354500 0.40673700
vn -0.91354500 0.00000000 0.40673700
vn 0.00000000 0.86602500 0.50000000
vn -0.86602500 0.00000000 0.50000000
vn 0.00000000 0.83867100 0.54463900
vn -0.83867100 0.00000000 0.54463900
vn -0.80901700 0.00000000 0.58778500
vn 0.00000000 -0.80901700 0.58778500
vn 0.00000000 -0.83867100 0.54463900
vn -0.83867100 0.00000000 0.54463900
vn 0.00000000 0.74314500 0.66913100
vn -0.74314500 0.00000000 0.66913100
vn 0.00000000 -0.74314500 0.66913100
vn -0.74314500 0.00000000 0.66913100
vn -0.66913100 0.00000000 0.74314500
vn 0.00000000 -0.66913100 0.74314500
vn -0.58778500 0.00000000 0.80901700
vn 0.00000000 0.58778500 0.80901700
vn 0.00000000 -0.58778500 0.80901700
vn -0.58778500 0.00000000 0.80901700
vn -0.66913100 0.00000000 0.74314500
vn 0.00000000 0.66913100 0.74314500
vn 0.00000000 0.80901700 0.58778500
vn -0.80901700 0.00000000 0.58778500
vn -1.00000000 0.00000000 0.00000000
vn 0.00000000 -1.00000000 0.00000000
vn -1.00000000 0.00000000 0.00000000
vn 0.00000000 -1.00000000 0.00000000
vn 0.99863000 0.00000000 0.05233600
vn 0.00000000 -0.99863000 0.05233600
vn 0.99452200 0.00000000 0.10452800
vn 0.00000000 0.99452200 0.10452800
vn 0.99863000 0.00000000 0.05233600
vn 0.00000000 0.99863000 0.05233600
vn 0.00000000 -1.00000000 0.00000000
vn 0.00000000 -1.00000000 0.00000000
vn 1.00000000 0.00000000 0.00000000
vn 1.00000000 -0.00000000 0.00000000
vn 0.99452200 0.00000000 0.10452800
vn 0.00000000 -0.99452200 0.10452800
vn 0.98768800 0.00000000 0.15643400
vn 0.00000000 -0.98768800 0.15643400
vn 0.00000000 0.97814800 0.20791200
vn 0.97814800 0.00000000 0.20791200
vn 0.00000000 0.98768800 0.15643400
vn 0.98768800 0.00000000 0.15643400
vn 0.97814800 0.00000000 0.20791200
vn 0.00000000 -0.97814800 0.20791200
vn 0.00000000 -0.96592600 0.25881900
vn 0.96592600 0.00000000 0.25881900
vn 0.95105700 0.00000000 0.30901700
vn 0.00000000 0.95105700 0.30901700
vn 0.00000000 0.96592600 0.25881900
vn 0.96592600 0.00000000 0.25881900
vn 0.95105700 0.00000000 0.30901700
vn 0.00000000 -0.95105700 0.30901700
vn 0.00000000 -0.93358000 0.35836800
vn 0.93358000 0.00000000 0.35836800
vn 0.91354500 0.00000000 0.40673700
vn 0.00000000 0.91354500 0.40673700
vn 0.00000000 0.93358000 0.35836800
vn 0.93358000 0.00000000 0.35836800
vn 0.00000000 -0.91354500 0.40673700
vn 0.91354500 0.00000000 0.40673700
vn 0.00000000 -0.89100700 0.45399000
vn 0.89100700 0.00000000 0.45399000
vn 0.00000000 0.86602500 0.50000000
vn 0.86602500 0.00000000 0.50000000
vn 0.00000000 0.89100700 0.45399000
vn 0.89100700 0.00000000 0.45399000
vn 0.00000000 -0.83867100 0.54463900
vn 0.83867100 0.00000000 0.54463900
vn 0.00000000 0.80901700 0.58778500
vn 0.80901700 0.00000000 0.58778500
vn 0.83867100 0.00000000 0.54463900
vn 0.00000000 0.83867100 0.54463900
vn 0.00000000 -0.86602500 0.50000000
vn 0.86602500 0.00000000 0.50000000
vn 0.00000000 -0.80901700 0.58778500
vn 0.80901700 0.00000000 0.58778500
vn 0.00000000 -0.74314500 0.66913100
vn 0.74314500 0.00000000 0.66913100
vn 0.74314500 0.00000000 0.66913100
vn 0.00000000 0.74314500 0.66913100
vn 0.66913100 0.00000000 0.74314500
vn 0.00000000 0.66913100 0.74314500
vn 0.00000000 -0.58778500 0.80901700
vn 0.58778500 0.00000000 0.80901700
vn 0.58778500 0.00000000 0.80901700
vn 0.00000000 0.58778500 0.80901700
vn 0.66913100 0.00000000 0.74314500
vn 0.00000000 -0.66913100 0.74314500
vn 1.00000000 -0.00000000 0.00000000
vn 1.00000000 -0.00000000 0.00000000
vn 0.00000000 1.00000000 0.00000000
vn 0.00000000 1.00000000 0.00000000
vn -1.00000000 0.00000000 0.00000000
vn 0.00000000 1.00000000 0.00000000
vn 0.00000000 0.00000000 1.00000000
vn 1.00000000 -0.00000000 0.00000000
vn 0.00000000 0.00000000 1.00000000
vn 0.00000000 1.00000000 0.00000000
vn 0.00000000 -1.00000000 0.00000000
vn -1.00000000 0.00000000 0.00000000
vn 0.00000000 0.00000000 1.00000000
vn 1.00000000 -0.00000000 0.00000000
vn 0.00000000 0.00000000 1.00000000
vn 0.00000000 -1.00000000 0.00000000
f 1//1 3//3 6//6
f 8//8 1//1 9//9
f 12//12 8//8 13//13
f 15//15 12//12 17//17
f 19//19 15//15 22//22
f 24//24 19//19 26//26
f 28//28 24//24 30//30
f 32//32 28//28 33//33
f 35//35 32//32 38//38
f 40//40 35//35 42//42
f 44//44 40//40 45//45
f 47//47 44//44 49//49
f 51//51 47//47 53//53
f 55//55 51//51 57//57
f 59//59 55//55 61//61
f 63//63 59//59 66//66
f 67//67 63//63 69//69
f 71//71 67//67 73//73
f 76//76 71//71 77//77
f 79//79 76//76 81//81
f 83//83 79//79 85//85
f 88//88 83//83 89//89
f 92//92 88//88 94//94
f 96//96 92//92 97//97
f 100//100 96//96 101//101
f 103//103 100//100 105//105
f 108//108 103//103 110//110
f 111//111 108//108 113//113
f 116//116 111//111 117//117
f 119//119 116//116 122//122
f 123//123 119//119 125//125
f 127//127 123//123 130//130
f 131//131 127//127 133//133
f 135//135 131//131 137//137
f 139//139 135//135 142//142
f 144//144 139//139 146//146
f 148//148 144//144 149//149
f 152//152 148//148 153//153
f 156//156 152//152 158//158
f 159//159 156//156 162//162
f 164//164 159//159 166//166
f 168//168 164//164 169//169
f 171//171 168//168 173//173
f 175//175 171//171 178//178
f 180//180 175//175 182//182
f 184//184 180//180 186//186
f 187//187 184//184 190//190
f 192//192 187//187 194//194
f 195//195 192//192 197//197
f 199//199 195//195 201//201
f 203//203 199//199 205//205
f 207//207 203//203 209//209
f 212//212 207//207 213//213
f 216//216 212//212 217//217
f 220//220 216//216 221//221
f 224//224 220//220 226//226
f 228//228 224//224 230//230
f 3//3 228//228 231//231
f 231//231 6//6 3//3
f 230//230 231//231 228//228
f 226//226 230//230 224//224
f 221//221 226//226 220//220
f 217//217 221//221 216//216
f 213//213 217//217 212//212
f 209//209 213//213 207//207
f 205//205 209//209 203//203
f 201//201 205//205 199//199
f 197//197 201//201 195//195
f 194//194 197//197 192//192
f 190//190 194//194 187//187
f 186//186 190//190 184//184
f 182//182 186//186 180//180
f 178//178 182//182 175//175
f 173//173 178//178 171//171
f 169//169 173//173 168//168
f 166//166 169//169 164//164
f 162//162 166//166 159//159
f 158//158 162//162 156//156
f 153//153 158//158 152//152
f 149//149 153//153 148//148
f 146//146 149//149 144//144
f 142//142 146//146 139//139
f 137//137 142//142 135//135
f 133//133 137//137 131//131
f 130//130 133//133 127//127
f 125//125 130//130 123//123
f 122//122 125//125 119//119
f 117//117 122//122 116//116
f 113//113 117//117 111//111
f 110//110 113//113 108//108
f 105//105 110//110 103//103
f 101//101 105//105 100//100
f 97//97 101//101 96//96
f 94//94 97//97 92//92
f 89//89 94//94 88//88
f 85//85 89//89 83//83
f 81//81 85//85 79//79
f 77//77 81//81 76//76
f 73//73 77//77 71//71
f 69//69 73//73 67//67
f 66//66 69//69 63//63
f 61//61 66//66 59//59
f 57//57 61//61 55//55
f 53//53 57//57 51//51
f 49//49 53//53 47//47
f 45//45 49//49 44//44
f 42//42 45//45 40//40
f 38//38 42//42 35//35
f 33//33 38//38 32//32
f 30//30 33//33 28//28
f 26//26 30//30 24//24
f 22//22 26//26 19//19
f 17//17 22//22 15//15
f 13//13 17//17 12//12
f 9//9 13//13 8//8
f 6//6 9//9 1//1
f 233//233 235//235 126//126
f 235//235 237//237 129//129
f 237//237 239//239 134//134
f 239//239 241//241 138//138
f 241//241 243//243 141//141
f 243//243 246//246 145//145
f 246//246 248//248 150//150
f 248//248 250//250 154//154
f 250//250 252//252 157//157
f 252//252 253//253 161//161
f 253//253 255//255 165//165
f 255//255 257//257 170//170
f 257//257 259//259 174//174
f 259//259 261//261 177//177
f 261//261 264//264 181//181
f 264//264 266//266 185//185
f 266//266 267//267 189//189
f 267//267 269//269 193//193
f 269//269 271//271 198//198
f 271//271 273//273 202//202
f 273//273 275//275 206//206
f 275//275 277//277 210//210
f 277//277 280//280 214//214
f 280//280 282//282 218//218
f 282//282 284//284 222//222
f 284//284 286//286 225//225
f 286//286 287//287 229//229
f 287//287 289//289 232//232
f 289//289 291//291 5//5
f 291//291 293//293 10//10
f 293//293 295//295 14//14
f 295//295 297//297 18//18
f 297//297 300//300 21//21
f 300//300 302//302 25//25
f 302//302 304//304 29//29
f 304//304 306//306 34//34
f 306//306 307//307 37//37
f 307//307 309//309 41//41
f 309//309 312//312 46//46
f 312//312 314//314 50//50
f 314//314 316//316 54//54
f 316//316 317//317 58//58
f 317//317 319//319 62//62
f 319//319 321//321 65//65
f 321//321 324//324 70//70
f 324//324 326//326 74//74
f 326//326 327//327 78//78
f 327//327 330//330 82//82
f 330//330 331//331 86//86
f 331//331 333//333 90//90
f 333//333 335//335 93//93
f 335//335 337//337 98//98
f 337//337 339//339 102//102
f 339//339 341//341 106//106
f 341//341 343//343 109//109
f 343//343 345//345 114//114
f 345//345 348//348 118//118
f 348//348 233//233 121//121
f 121//121 118//118 348//348
f 118//118 114//114 345//345
f 114//114 109//109 343//343
f 109//109 106//106 341//341
f 106//106 102//102 339//339
f 102//102 98//98 337//337
f 98//98 93//93 335//335
f 93//93 90//90 333//333
f 90//90 86//86 331//331
f 86//86 82//82 330//330
f 82//82 78//78 327//327
f 78//78 74//74 326//326
f 74//74 70//70 324//324
f 70//70 65//65 321//321
f 65//65 62//62 319//319
f 62//62 58//58 317//317
f 58//58 54//54 316//316
f 54//54 50//50 314//314
f 50//50 46//46 312//312
f 46//46 41//41 309//309
f 41//41 37//37 307//307
f 37//37 34//34 306//306
f 34//34 29//29 304//304
f 29//29 25//25 302//302
f 25//25 21//21 300//300
f 21//21 18//18 297//297
f 18//18 14//14 295//295
f 14//14 10//10 293//293
f 10//10 5//5 291//291
f 5//5 232//232 289//289
f 232//232 229//229 287//287
f 229//229 225//225 286//286
f 225//225 222//222 284//284
f 222//222 218//218 282//282
f 218//218 214//214 280//280
f 214//214 210//210 277//277
f 210//210 206//206 275//275
f 206//206 202//202 273//273
f 202//202 198//198 271//271
f 198//198 193//193 269//269
f 193//193 189//189 267//267
f 189//189 185//185 266//266
f 185//185 181//181 264//264
f 181//181 177//177 261//261
f 177//177 174//174 259//259
f 174//174 170//170 257//257
f 170//170 165//165 255//255
f 165//165 161//161 253//253
f 161//161 157//157 252//252
f 157//157 154//154 250//250
f 154//154 150//150 248//248
f 150//150 145//145 246//246
f 145//145 141//141 243//243
f 141//141 138//138 241//241
f 138//138 134//134 239//239
f 134//134 129//129 237//237
f 129//129 126//126 235//235
f 126//126 121//121 233//233
f 350//350 352//352 322//322
f 354//354 311//311 310//310
f 354//354 318//318 315//315
f 318//318 354//354 356//356
f 352//352 323//323 322//322
f 357//357 332//332 329//329
f 357//357 336//336 334//334
f 354//354 303//303 301//301
f 354//354 308//308 305//305
f 354//354 313//313 311//311
f 356//356 320//320 318//318
f 325//325 352//352 359//359
f 352//352 325//325 323//323
f 334//334 332//332 357//357
f 362//362 364//364 365//365
f 368//368 369//369 362//362
f 372//372 373//373 376//376
f 305//305 303//303 354//354
f 315//315 313//313 354//354
f 322//322 320//320 350//350
f 329//329 328//328 357//357
f 362//362 369//369 364//364
f 378//378 380//380 368//368
f 381//381 380//380 378//378
f 383//383 381//381 385//385
f 376//376 388//388 372//372
f 389//389 372//372 391//391
f 393//393 389//389 395//395
f 354//354 299//299 298//298
f 310//310 308//308 354//354
f 328//328 325//325 357//357
f 320//320 356//356 398//398
f 400//400 401//401 403//403
f 408//408 283//283 281//281
f 362//362 378//378 368//368
f 385//385 376//376 383//383
f 388//388 391//391 372//372
f 395//395 410//410 393//393
f 410//410 336//336 357//357
f 301//301 299//299 354//354
f 398//398 350//350 320//320
f 411//411 415//415 417//417
f 420//420 417//417 422//422
f 424//424 425//425 427//427
f 401//401 429//429 403//403
f 431//431 249//249 247//247
f 408//408 278//278 276//276
f 281//281 279//279 408//408
f 354//354 296//296 294//294
f 378//378 385//385 381//381
f 391//391 395//395 389//389
f 357//357 433//433 410//410
f 359//359 357//357 325//325
f 417//417 420//420 435//435
f 422//422 438//438 439//439
f 424//424 442//442 425//425
f 403//403 444//444 400//400
f 445//445 242//242 240//240
f 247//247 445//445 431//431
f 447//447 258//258 256//256
f 270//270 268//268 449//449
f 279//279 278//278 408//408
f 408//408 288//288 285//285
f 408//408 292//292 290//290
f 294//294 408//408 354//354
f 373//373 383//383 376//376
f 298//298 296//296 354//354
f 338//338 410//410 451//451
f 415//415 454//454 456//456
f 415//415 457//457 460//460
f 422//422 439//439 420//420
f 427//427 422//422 424//424
f 400//400 461//461 463//463
f 401//401 465//465 429//429
f 445//445 244//244 242//242
f 247//247 245//245 445//445
f 431//431 254//254 251//251
f 256//256 431//431 447//447
f 447//447 449//449 263//263
f 449//449 468//468 270//270
f 285//285 283//283 408//408
f 294//294 292//292 408//408
f 433//433 393//393 410//410
f 451//451 340//340 338//338
f 340//340 451//451 470//470
f 344//344 470//470 471//471
f 408//408 473//473 476//476
f 460//460 454//454 415//415
f 427//427 438//438 422//422
f 424//424 400//400 477//477
f 444//444 461//461 400//400
f 401//401 480//480 481//481
f 484//484 238//238 236//236
f 240//240 484//484 445//445
f 251//251 249//249 431//431
f 447//447 260//260 258//258
f 263//263 262//262 447//447
f 268//268 265//265 449//449
f 274//274 272//272 468//468
f 290//290 288//288 408//408
f 338//338 336//336 410//410
f 470//470 344//344 342//342
f 471//471 347//347 346//346
f 408//408 485//485 473//473
f 408//408 488//488 490//490
f 415//415 491//491 493//493
f 415//415 495//495 457//457
f 415//415 411//411 497//497
f 424//424 500//500 442//442
f 463//463 477//477 400//400
f 481//481 501//501 401//401
f 480//480 504//504 505//505
f 240//240 238//238 484//484
f 256//256 254//254 431//431
f 265//265 263//263 449//449
f 468//468 408//408 274//274
f 365//365 480//480 362//362
f 408//408 508//508 510//510
f 471//471 346//346 344//344
f 471//471 484//484 234//234
f 408//408 511//511 513//513
f 490//490 485//485 408//408
f 493//493 408//408 415//415
f 415//415 515//515 517//517
f 497//497 495//495 415//415
f 477//477 500//500 424//424
f 505//505 481//481 480//480
f 245//245 244//244 445//445
f 272//272 270//270 468//468
f 510//510 354//354 408//408
f 234//234 347//347 471//471
f 476//476 511//511 408//408
f 517//517 491//491 415//415
f 417//417 435//435 411//411
f 480//480 365//365 504//504
f 262//262 260//260 447//447
f 470//470 342//342 340//340
f 493//493 488//488 408//408
f 501//501 465//465 401//401
f 276//276 274//274 408//408
f 456//456 515//515 415//415
f 513//513 508//508 408//408
f 236//236 234//234 484//484
f 366//366 363//363 520//520
f 363//363 370//370 521//521
f 370//370 367//367 523//523
f 367//367 379//379 525//525
f 379//379 382//382 527//527
f 382//382 384//384 529//529
f 384//384 374//374 531//531
f 374//374 371//371 533//533
f 371//371 390//390 536//536
f 390//390 394//394 538//538
f 394//394 434//434 539//539
f 434//434 358//358 541//541
f 358//358 360//360 544//544
f 360//360 351//351 545//545
f 351//351 349//349 548//548
f 349//349 397//397 549//549
f 397//397 355//355 551//551
f 355//355 353//353 554//554
f 353//353 509//509 555//555
f 509//509 507//507 557//557
f 507//507 514//514 560//560
f 514//514 512//512 562//562
f 512//512 475//475 564//564
f 475//475 474//474 566//566
f 474//474 486//486 567//567
f 486//486 489//489 569//569
f 489//489 487//487 572//572
f 487//487 494//494 573//573
f 494//494 492//492 576//576
f 492//492 518//518 578//578
f 518//518 516//516 580//580
f 516//516 455//455 582//582
f 455//455 453//453 584//584
f 453//453 459//459 586//586
f 459//459 458//458 588//588
f 458//458 496//496 590//590
f 496//496 498//498 592//592
f 498//498 412//412 594//594
f 412//412 436//436 595//595
f 436//436 419//419 597//597
f 419//419 440//440 599//599
f 440//440 437//437 602//602
f 437//437 428//428 604//604
f 428//428 426//426 606//606
f 426//426 441//441 608//608
f 441//441 499//499 609//609
f 499//499 478//478 611//611
f 478//478 464//464 613//613
f 464//464 462//462 615//615
f 462//462 443//443 618//618
f 443//443 404//404 619//619
f 404//404 430//430 622//622
f 430//430 466//466 624//624
f 466//466 502//502 626//626
f 502//502 482//482 627//627
f 482//482 506//506 630//630
f 506//506 503//503 632//632
f 503//503 366//366 634//634
f 634//634 632//632 503//503
f 632//632 630//630 506//506
f 630//630 627//627 482//482
f 627//627 626//626 502//502
f 626//626 624//624 466//466
f 624//624 622//622 430//430
f 622//622 619//619 404//404
f 619//619 618//618 443//443
f 618//618 615//615 462//462
f 615//615 613//613 464//464
f 613//613 611//611 478//478
f 611//611 609//609 499//499
f 609//609 608//608 441//441
f 608//608 606//606 426//426
f 606//606 604//604 428//428
f 604//604 602//602 437//437
f 602//602 599//599 440//440
f 599//599 597//597 419//419
f 597//597 595//595 436//436
f 595//595 594//594 412//412
f 594//594 592//592 498//498
f 592//592 590//590 496//496
f 590//590 588//588 458//458
f 588//588 586//586 459//459
f 586//586 584//584 453//453
f 584//584 582//582 455//455
f 582//582 580//580 516//516
f 580//580 578//578 518//518
f 578//578 576//576 492//492
f 576//576 573//573 494//494
f 573//573 572//572 487//487
f 572//572 569//569 489//489
f 569//569 567//567 486//486
f 567//567 566//566 474//474
f 566//566 564//564 475//475
f 564//564 562//562 512//512
f 562//562 560//560 514//514
f 560//560 557//557 507//507
f 557//557 555//555 509//509
f 555//555 554//554 353//353
f 554//554 551//551 355//355
f 551//551 549//549 397//397
f 549//549 548//548 349//349
f 548//548 545//545 351//351
f 545//545 544//544 360//360
f 544//544 541//541 358//358
f 541//541 539//539 434//434
f 539//539 538//538 394//394
f 538//538 536//536 390//390
f 536//536 533//533 371//371
f 533//533 531//531 374//374
f 531//531 529//529 384//384
f 529//529 527//527 382//382
f 527//527 525//525 379//379
f 525//525 523//523 367//367
f 523//523 521//521 370//370
f 521//521 520//520 363//363
f 520//520 634//634 366//366
f 635//635 637//637 575//575
f 640//640 635//635 577//577
f 641//641 640//640 579//579
f 644//644 641//641 581//581
f 645//645 644//644 583//583
f 647//647 645//645 585//585
f 650//650 647//647 587//587
f 652//652 650//650 589//589
f 654//654 652//652 591//591
f 656//656 654//654 593//593
f 657//657 656//656 596//596
f 659//659 657//657 598//598
f 662//662 659//659 600//600
f 663//663 662//662 601//601
f 665//665 663//663 603//603
f 668//668 665//665 605//605
f 670//670 668//668 607//607
f 671//671 670//670 610//610
f 673//673 671//671 612//612
f 675//675 673//673 614//614
f 678//678 675//675 616//616
f 679//679 678//678 617//617
f 681//681 679//679 620//620
f 683//683 681//681 621//621
f 686//686 683//683 623//623
f 687//687 686//686 625//625
f 689//689 687//687 628//628
f 691//691 689//689 629//629
f 694//694 691//691 631//631
f 696//696 694//694 633//633
f 698//698 696//696 519//519
f 700//700 698//698 522//522
f 702//702 700//700 524//524
f 704//704 702//702 526//526
f 706//706 704//704 528//528
f 708//708 706//706 530//530
f 709//709 708//708 532//532
f 712//712 709//709 534//534
f 714//714 712//712 535//535
f 716//716 714//714 537//537
f 717//717 716//716 540//540
f 719//719 717//717 542//542
f 721//721 719//719 543//543
f 723//723 721//721 546//546
f 725//725 723//723 547//547
f 728//728 725//725 550//550
f 730//730 728//728 552//552
f 731//731 730//730 553//553
f 733//733 731//731 556//556
f 735//735 733//733 558//558
f 737//737 735//735 559//559
f 740//740 737//737 561//561
f 742//742 740//740 563//563
f 743//743 742//742 565//565
f 746//746 743//743 568//568
f 748//748 746//746 570//570
f 749//749 748//748 571//571
f 637//637 749//749 574//574
f 574//574 575//575 637//637
f 571//571 574//574 749//749
f 570//570 571//571 748//748
f 568//568 570//570 746//746
f 565//565 568//568 743//743
f 563//563 565//565 742//742
f 561//561 563//563 740//740
f 559//559 561//561 737//737
f 558//558 559//559 735//735
f 556//556 558//558 733//733
f 553//553 556//556 731//731
f 552//552 553//553 730//730
f 550//550 552//552 728//728
f 547//547 550//550 725//725
f 546//546 547//547 723//723
f 543//543 546//546 721//721
f 542//542 543//543 719//719
f 540//540 542//542 717//717
f 537//537 540//540 716//716
f 535//535 537//537 714//714
f 534//534 535//535 712//712
f 532//532 534//534 709//709
f 530//530 532//532 708//708
f 528//528 530//530 706//706
f 526//526 528//528 704//704
f 524//524 526//526 702//702
f 522//522 524//524 700//700
f 519//519 522//522 698//698
f 633//633 519//519 696//696
f 631//631 633//633 694//694
f 629//629 631//631 691//691
f 628//628 629//629 689//689
f 625//625 628//628 687//687
f 623//623 625//625 686//686
f 621//621 623//623 683//683
f 620//620 621//621 681//681
f 617//617 620//620 679//679
f 616//616 617//617 678//678
f 614//614 616//616 675//675
f 612//612 614//614 673//673
f 610//610 612//612 671//671
f 607//607 610//610 670//670
f 605//605 607//607 668//668
f 603//603 605//605 665//665
f 601//601 603//603 663//663
f 600//600 601//601 662//662
f 598//598 600//600 659//659
f 596//596 598//598 657//657
f 593//593 596//596 656//656
f 591//591 593//593 654//654
f 589//589 591//591 652//652
f 587//587 589//589 650//650
f 585//585 587//587 647//647
f 583//583 585//585 645//645
f 581//581 583//583 644//644
f 579//579 581//581 641//641
f 577//577 579//579 640//640
f 575//575 577//577 635//635
f 752//752 754//754 755//755
f 755//755 757//757 752//752
f 20//20 759//759 762//762
f 20//20 764//764 765//765
f 20//20 768//768 769//769
f 772//772 774//774 776//776
f 778//778 211//211 779//779
f 757//757 782//782 752//752
f 20//20 783//783 786//786
f 20//20 787//787 789//789
f 20//20 791//791 759//759
f 765//765 793//793 20//20
f 769//769 795//795 20//20
f 772//772 797//797 774//774
f 772//772 799//799 801//801
f 803//803 806//806 808//808
f 211//211 809//809 779//779
f 211//211 811//811 814//814
f 815//815 818//818 820//820
f 818//818 815//815 755//755
f 757//757 4//4 821//821
f 824//824 825//825 827//827
f 20//20 829//829 783//783
f 20//20 831//831 787//787
f 793//793 791//791 20//20
f 795//795 833//833 20//20
f 776//776 64//64 68//68
f 801//801 797//797 772//772
f 808//808 836//836 803//803
f 837//837 803//803 836//836
f 778//778 839//839 841//841
f 211//211 843//843 809//809
f 814//814 846//846 211//211
f 211//211 848//848 850//850
f 211//211 851//851 854//854
f 754//754 818//818 755//755
f 821//821 856//856 757//757
f 825//825 857//857 827//827
f 789//789 829//829 20//20
f 833//833 764//764 20//20
f 23//23 776//776 860//860
f 821//821 11//11 16//16
f 104//104 107//107 862//862
f 95//95 99//99 863//863
f 91//91 95//95 865//865
f 776//776 56//56 60//60
f 776//776 72//72 772//772
f 836//836 778//778 837//837
f 778//778 868//868 839//839
f 846//846 843//843 211//211
f 854//854 848//848 211//211
f 825//825 870//870 871//871
f 856//856 782//782 757//757
f 827//827 873//873 824//824
f 762//762 831//831 20//20
f 860//860 20//20 23//23
f 821//821 7//7 11//11
f 821//821 4//4 2//2
f 863//863 99//99 104//104
f 865//865 876//876 91//91
f 68//68 72//72 776//776
f 841//841 837//837 778//778
f 850//850 811//811 211//211
f 211//211 877//877 879//879
f 825//825 824//824 870//870
f 873//873 815//815 824//824
f 860//860 768//768 20//20
f 2//2 7//7 821//821
f 863//863 865//865 95//95
f 87//87 91//91 876//876
f 84//84 87//87 881//881
f 60//60 64//64 776//776
f 772//772 729//729 732//732
f 884//884 886//886 888//888
f 779//779 868//868 778//778
f 879//879 889//889 211//211
f 211//211 892//892 893//893
f 227//227 896//896 898//898
f 4//4 757//757 896//896
f 892//892 219//219 223//223
f 892//892 211//211 215//215
f 899//899 901//901 903//903
f 906//906 899//899 908//908
f 820//820 824//824 815//815
f 16//16 20//20 821//821
f 910//910 911//911 913//913
f 916//916 913//913 918//918
f 920//920 918//918 922//922
f 876//876 881//881 87//87
f 772//772 80//80 84//84
f 776//776 52//52 56//56
f 732//732 799//799 772//772
f 888//888 924//924 884//884
f 926//926 927//927 930//930
f 889//889 851//851 211//211
f 893//893 931//931 211//211
f 896//896 227//227 4//4
f 215//215 219//219 892//892
f 208//208 933//933 935//935
f 204//204 935//935 937//937
f 901//901 939//939 941//941
f 908//908 825//825 906//906
f 786//786 821//821 20//20
f 825//825 944//944 946//946
f 944//944 825//825 911//911
f 918//918 920//920 916//916
f 922//922 947//947 949//949
f 947//947 922//922 952//952
f 881//881 772//772 84//84
f 772//772 72//72 75//75
f 776//776 48//48 52//52
f 750//750 954//954 956//956
f 638//638 957//957 954//954
f 799//799 745//745 747//747
f 799//799 741//741 744//744
f 732//732 734//734 799//799
f 772//772 722//722 724//724
f 710//710 772//772 960//960
f 707//707 960//960 962//962
f 642//642 643//643 963//963
f 639//639 965//965 957//957
f 924//924 968//968 970//970
f 884//884 971//971 886//886
f 974//974 976//976 884//884
f 930//930 808//808 926//926
f 931//931 877//877 211//211
f 223//223 227//227 892//892
f 211//211 778//778 933//933
f 937//937 200//200 204//204
f 196//196 978//978 979//979
f 188//188 979//979 981//981
f 939//939 984//984 985//985
f 903//903 908//908 899//899
f 946//946 857//857 825//825
f 913//913 916//916 910//910
f 952//952 988//988 947//947
f 75//75 80//80 772//772
f 776//776 43//43 48//48
f 954//954 750//750 638//638
f 744//744 745//745 799//799
f 799//799 738//738 739//739
f 734//734 736//736 799//799
f 772//772 726//726 727//727
f 772//772 720//720 722//722
f 772//772 711//711 713//713
f 962//962 705//705 707//707
f 705//705 962//962 990//990
f 703//703 990//990 992//992
f 994//994 667//667 669//669
f 643//643 646//646 996//996
f 963//963 997//997 642//642
f 965//965 1000//1000 957//957
f 924//924 1001//1001 968//968
f 884//884 976//976 971//971
f 927//927 974//974 930//930
f 898//898 892//892 227//227
f 935//935 204//204 208//208
f 200//200 937//937 978//978
f 979//979 188//188 191//191
f 981//981 179//179 183//183
f 179//179 981//981 1004//1004
f 1004//1004 1005//1005 163//163
f 1007//1007 1010//1010 1012//1012
f 985//985 941//941 939//939
f 871//871 906//906 825//825
f 922//922 949//949 920//920
f 776//776 39//39 43//43
f 776//776 31//31 36//36
f 747//747 750//750 799//799
f 736//736 738//738 799//799
f 724//724 726//726 772//772
f 772//772 715//715 718//718
f 772//772 710//710 711//711
f 990//990 703//703 705//705
f 992//992 699//699 701//701
f 699//699 992//992 1014//1014
f 693//693 1014//1014 1015//1015
f 1017//1017 684//684 685//685
f 1017//1017 680//680 682//682
f 1020//1020 676//676 677//677
f 669//669 1020//1020 994//994
f 661//661 664//664 994//994
f 653//653 655//655 1022//1022
f 651//651 653//653 1023//1023
f 649//649 651//651 1026//1026
f 648//648 649//649 1027//1027
f 997//997 1030//1030 642//642
f 639//639 642//642 1030//1030
f 965//965 1031//1031 1000//1000
f 924//924 1033//1033 1001//1001
f 884//884 930//930 974//974
f 933//933 208//208 211//211
f 979//979 191//191 196//196
f 1004//1004 176//176 179//179
f 1005//1005 160//160 163//163
f 984//984 1007//1007 985//985
f 911//911 910//910 944//944
f 36//36 39//39 776//776
f 776//776 23//23 27//27
f 739//739 741//741 799//799
f 718//718 720//720 772//772
f 960//960 707//707 710//710
f 1014//1014 697//697 699//699
f 1014//1014 693//693 695//695
f 1015//1015 690//690 692//692
f 1015//1015 685//685 688//688
f 682//682 684//684 1017//1017
f 677//677 1017//1017 1020//1020
f 1020//1020 672//672 674//674
f 994//994 666//666 667//667
f 994//994 1035//1035 661//661
f 658//658 660//660 1035//1035
f 1023//1023 1026//1026 651//651
f 1027//1027 1038//1038 648//648
f 646//646 648//648 1038//1038
f 1030//1030 965//965 639//639
f 957//957 638//638 636//636
f 1040//1040 1042//1042 1044//1044
f 1042//1042 1046//1046 1048//1048
f 1049//1049 1051//1051 1054//1054
f 888//888 1033//1033 924//924
f 978//978 196//196 200//200
f 1004//1004 172//172 176//176
f 163//163 167//167 1004//1004
f 1005//1005 1055//1055 147//147
f 115//115 120//120 1058//1058
f 941//941 903//903 901//901
f 27//27 31//31 776//776
f 727//727 729//729 772//772
f 992//992 701//701 703//703
f 1015//1015 692//692 693//693
f 685//685 1015//1015 1017//1017
f 674//674 676//676 1020//1020
f 664//664 666//666 994//994
f 1035//1035 1022//1022 658//658
f 1022//1022 1023//1023 653//653
f 1038//1038 996//996 646//646
f 957//957 636//636 639//639
f 965//965 1040//1040 1060//1060
f 1044//1044 1062//1062 1040//1040
f 1042//1042 1064//1064 1066//1066
f 1046//1046 1068//1068 1048//1048
f 1054//1054 1070//1070 1049//1049
f 1049//1049 970//970 1071//1071
f 806//806 926//926 808//808
f 167//167 172//172 1004//1004
f 147//147 151//151 1005//1005
f 1055//1055 1058//1058 132//132
f 1058//1058 862//862 115//115
f 862//862 107//107 112//112
f 862//862 863//863 104//104
f 713//713 715//715 772//772
f 688//688 690//690 1015//1015
f 669//669 672//672 1020//1020
f 655//655 658//658 1022//1022
f 996//996 963//963 643//643
f 1040//1040 1073//1073 1060//1060
f 1062//1062 1076//1076 1040//1040
f 1042//1042 1077//1077 1064//1064
f 1046//1046 1080//1080 1068//1068
f 1054//1054 1081//1081 1070//1070
f 1071//1071 1083//1083 1049//1049
f 981//981 183//183 188//188
f 151//151 155//155 1005//1005
f 1055//1055 140//140 143//143
f 1058//1058 128//128 132//132
f 112//112 115//115 862//862
f 956//956 799//799 750//750
f 677//677 680//680 1017//1017
f 1026//1026 1027//1027 649//649
f 1076//1076 1073//1073 1040//1040
f 1048//1048 1077//1077 1042//1042
f 1083//1083 1051//1051 1049//1049
f 155//155 160//160 1005//1005
f 1055//1055 136//136 140//140
f 1058//1058 124//124 128//128
f 1012//1012 1010//1010 1085//1085
f 1012//1012 985//985 1007//1007
f 660//660 661//661 1035//1035
f 1066//1066 1044//1044 1042//1042
f 1087//1087 952//952 1070//1070
f 970//970 1049//1049 924//924
f 132//132 136//136 1055//1055
f 120//120 124//124 1058//1058
f 1060//1060 1031//1031 965//965
f 1090//1090 1092//1092 1046//1046
f 1070//1070 1093//1093 1096//1096
f 143//143 147//147 1055//1055
f 695//695 697//697 1014//1014
f 1046//1046 1012//1012 1090//1090
f 1081//1081 1093//1093 1070//1070
f 1092//1092 1080//1080 1046//1046
f 1085//1085 1090//1090 1012//1012
f 952//952 1087//1087 1097//1097
f 1097//1097 988//988 952//952
f 1070//1070 1096//1096 1087//1087
f 1091//1091 1089//1089 1100//1100
f 1079//1079 1091//1091 1101//1101
f 1067//1067 1079//1079 1104//1104
f 1047//1047 1067//1067 1105//1105
f 1078//1078 1047//1047 1108//1108
f 1063//1063 1078//1078 1110//1110
f 1065//1065 1063//1063 1112//1112
f 1043//1043 1065//1065 1113//1113
f 1061//1061 1043//1043 1116//1116
f 1075//1075 1061//1061 1117//1117
f 1074//1074 1075//1075 1119//1119
f 1059//1059 1074//1074 1122//1122
f 1032//1032 1059//1059 1123//1123
f 999//999 1032//1032 1125//1125
f 958//958 999//999 1127//1127
f 953//953 958//958 1130//1130
f 955//955 953//953 1131//1131
f 800//800 955//955 1134//1134
f 802//802 800//800 1136//1136
f 798//798 802//802 1138//1138
f 773//773 798//798 1139//1139
f 775//775 773//773 1141//1141
f 859//859 775//775 1144//1144
f 767//767 859//859 1145//1145
f 770//770 767//767 1147//1147
f 796//796 770//770 1149//1149
f 834//834 796//796 1151//1151
f 763//763 834//834 1154//1154
f 766//766 763//763 1155//1155
f 794//794 766//766 1157//1157
f 792//792 794//794 1160//1160
f 760//760 792//792 1161//1161
f 761//761 760//760 1163//1163
f 832//832 761//761 1166//1166
f 788//788 832//832 1168//1168
f 790//790 788//788 1169//1169
f 830//830 790//790 1171//1171
f 784//784 830//830 1173//1173
f 785//785 784//784 1176//1176
f 822//822 785//785 1178//1178
f 855//855 822//822 1180//1180
f 781//781 855//855 1181//1181
f 751//751 781//781 1184//1184
f 753//753 751//751 1186//1186
f 817//817 753//753 1188//1188
f 819//819 817//817 1190//1190
f 823//823 819//819 1191//1191
f 869//869 823//823 1194//1194
f 872//872 869//869 1196//1196
f 905//905 872//872 1197//1197
f 900//900 905//905 1199//1199
f 902//902 900//900 1201//1201
f 940//940 902//902 1203//1203
f 983//983 940//940 1206//1206
f 1008//1008 983//983 1207//1207
f 1009//1009 1008//1008 1209//1209
f 1086//1086 1009//1009 1212//1212
f 1089//1089 1086//1086 1213//1213
f 1213//1213 1100//1100 1089//1089
f 1212//1212 1213//1213 1086//1086
f 1209//1209 1212//1212 1009//1009
f 1207//1207 1209//1209 1008//1008
f 1206//1206 1207//1207 983//983
f 1203//1203 1206//1206 940//940
f 1201//1201 1203//1203 902//902
f 1199//1199 1201//1201 900//900
f 1197//1197 1199//1199 905//905
f 1196//1196 1197//1197 872//872
f 1194//1194 1196//1196 869//869
f 1191//1191 1194//1194 823//823
f 1190//1190 1191//1191 819//819
f 1188//1188 1190//1190 817//817
f 1186//1186 1188//1188 753//753
f 1184//1184 1186//1186 751//751
f 1181//1181 1184//1184 781//781
f 1180//1180 1181//1181 855//855
f 1178//1178 1180//1180 822//822
f 1176//1176 1178//1178 785//785
f 1173//1173 1176//1176 784//784
f 1171//1171 1173//1173 830//830
f 1169//1169 1171//1171 790//790
f 1168//1168 1169//1169 788//788
f 1166//1166 1168//1168 832//832
f 1163//1163 1166//1166 761//761
f 1161//1161 1163//1163 760//760
f 1160//1160 1161//1161 792//792
f 1157//1157 1160//1160 794//794
f 1155//1155 1157//1157 766//766
f 1154//1154 1155//1155 763//763
f 1151//1151 1154//1154 834//834
f 1149//1149 1151//1151 796//796
f 1147//1147 1149//1149 770//770
f 1145//1145 1147//1147 767//767
f 1144//1144 1145//1145 859//859
f 1141//1141 1144//1144 775//775
f 1139//1139 1141//1141 773//773
f 1138//1138 1139//1139 798//798
f 1136//1136 1138//1138 802//802
f 1134//1134 1136//1136 800//800
f 1131//1131 1134//1134 955//955
f 1130//1130 1131//1131 953//953
f 1127//1127 1130//1130 958//958
f 1125//1125 1127//1127 999//999
f 1123//1123 1125//1125 1032//1032
f 1122//1122 1123//1123 1059//1059
f 1119//1119 1122//1122 1074//1074
f 1117//1117 1119//1119 1075//1075
f 1116//1116 1117//1117 1061//1061
f 1113//1113 1116//1116 1043//1043
f 1112//1112 1113//1113 1065//1065
f 1110//1110 1112//1112 1063//1063
f 1108//1108 1110//1110 1078//1078
f 1105//1105 1108//1108 1047//1047
f 1104//1104 1105//1105 1067//1067
f 1101//1101 1104//1104 1079//1079
f 1100//1100 1101//1101 1091//1091
f 1215//1215 1218//1218 1159//1159
f 1218//1218 1220//1220 1162//1162
f 1220//1220 1222//1222 1164//1164
f 1222//1222 1224//1224 1165//1165
f 1224//1224 1226//1226 1167//1167
f 1226//1226 1228//1228 1170//1170
f 1228//1228 1229//1229 1172//1172
f 1229//1229 1231//1231 1174//1174
f 1231//1231 1233//1233 1175//1175
f 1233//1233 1236//1236 1177//1177
f 1236//1236 1238//1238 1179//1179
f 1238//1238 1240//1240 1182//1182
f 1240//1240 1242//1242 1183//1183
f 1242//1242 1243//1243 1185//1185
f 1243//1243 1246//1246 1187//1187
f 1246//1246 1248//1248 1189//1189
f 1248//1248 1249//1249 1192//1192
f 1249//1249 1251//1251 1193//1193
f 1251//1251 1254//1254 1195//1195
f 1254//1254 1256//1256 1198//1198
f 1256//1256 1258//1258 1200//1200
f 1258//1258 1260//1260 1202//1202
f 1260//1260 1262//1262 1204//1204
f 1262//1262 1264//1264 1205//1205
f 1264//1264 1266//1266 1208//1208
f 1266//1266 1267//1267 1210//1210
f 1267//1267 1270//1270 1211//1211
f 1270//1270 1271//1271 1214//1214
f 1271//1271 1273//1273 1099//1099
f 1273//1273 1275//1275 1102//1102
f 1275//1275 1277//1277 1103//1103
f 1277//1277 1279//1279 1106//1106
f 1279//1279 1282//1282 1107//1107
f 1282//1282 1284//1284 1109//1109
f 1284//1284 1286//1286 1111//1111
f 1286//1286 1287//1287 1114//1114
f 1287//1287 1289//1289 1115//1115
f 1289//1289 1291//1291 1118//1118
f 1291//1291 1294//1294 1120//1120
f 1294//1294 1296//1296 1121//1121
f 1296//1296 1298//1298 1124//1124
f 1298//1298 1300//1300 1126//1126
f 1300//1300 1302//1302 1128//1128
f 1302//1302 1303//1303 1129//1129
f 1303//1303 1306//1306 1132//1132
f 1306//1306 1308//1308 1133//1133
f 1308//1308 1310//1310 1135//1135
f 1310//1310 1311//1311 1137//1137
f 1311//1311 1314//1314 1140//1140
f 1314//1314 1316//1316 1142//1142
f 1316//1316 1317//1317 1143//1143
f 1317//1317 1319//1319 1146//1146
f 1319//1319 1322//1322 1148//1148
f 1322//1322 1324//1324 1150//1150
f 1324//1324 1326//1326 1152//1152
f 1326//1326 1328//1328 1153//1153
f 1328//1328 1330//1330 1156//1156
f 1330//1330 1215//1215 1158//1158
f 1158//1158 1156//1156 1330//1330
f 1156//1156 1153//1153 1328//1328
f 1153//1153 1152//1152 1326//1326
f 1152//1152 1150//1150 1324//1324
f 1150//1150 1148//1148 1322//1322
f 1148//1148 1146//1146 1319//1319
f 1146//1146 1143//1143 1317//1317
f 1143//1143 1142//1142 1316//1316
f 1142//1142 1140//1140 1314//1314
f 1140//1140 1137//1137 1311//1311
f 1137//1137 1135//1135 1310//1310
f 1135//1135 1133//1133 1308//1308
f 1133//1133 1132//1132 1306//1306
f 1132//1132 1129//1129 1303//1303
f 1129//1129 1128//1128 1302//1302
f 1128//1128 1126//1126 1300//1300
f 1126//1126 1124//1124 1298//1298
f 1124//1124 1121//1121 1296//1296
f 1121//1121 1120//1120 1294//1294
f 1120//1120 1118//1118 1291//1291
f 1118//1118 1115//1115 1289//1289
f 1115//1115 1114//1114 1287//1287
f 1114//1114 1111//1111 1286//1286
f 1111//1111 1109//1109 1284//1284
f 1109//1109 1107//1107 1282//1282
f 1107//1107 1106//1106 1279//1279
f 1106//1106 1103//1103 1277//1277
f 1103//1103 1102//1102 1275//1275
f 1102//1102 1099//1099 1273//1273
f 1099//1099 1214//1214 1271//1271
f 1214//1214 1211//1211 1270//1270
f 1211//1211 1210//1210 1267//1267
f 1210//1210 1208//1208 1266//1266
f 1208//1208 1205//1205 1264//1264
f 1205//1205 1204//1204 1262//1262
f 1204//1204 1202//1202 1260//1260
f 1202//1202 1200//1200 1258//1258
f 1200//1200 1198//1198 1256//1256
f 1198//1198 1195//1195 1254//1254
f 1195//1195 1193//1193 1251//1251
f 1193//1193 1192//1192 1249//1249
f 1192//1192 1189//1189 1248//1248
f 1189//1189 1187//1187 1246//1246
f 1187//1187 1185//1185 1243//1243
f 1185//1185 1183//1183 1242//1242
f 1183//1183 1182//1182 1240//1240
f 1182//1182 1179//1179 1238//1238
f 1179//1179 1177//1177 1236//1236
f 1177//1177 1175//1175 1233//1233
f 1175//1175 1174//1174 1231//1231
f 1174//1174 1172//1172 1229//1229
f 1172//1172 1170//1170 1228//1228
f 1170//1170 1167//1167 1226//1226
f 1167//1167 1165//1165 1224//1224
f 1165//1165 1164//1164 1222//1222
f 1164//1164 1162//1162 1220//1220
f 1162//1162 1159//1159 1218//1218
f 1159//1159 1158//1158 1215//1215
f 1098//1098 1088//1088 1332//1332
f 987//987 1098//1098 1334//1334
f 948//948 987//987 1335//1335
f 950//950 948//948 1338//1338
f 919//919 950//950 1340//1340
f 915//915 919//919 1341//1341
f 909//909 915//915 1343//1343
f 943//943 909//909 1345//1345
f 945//945 943//943 1347//1347
f 858//858 945//945 1349//1349
f 828//828 858//858 1352//1352
f 874//874 828//828 1354//1354
f 816//816 874//874 1356//1356
f 756//756 816//816 1357//1357
f 758//758 756//756 1359//1359
f 895//895 758//758 1361//1361
f 897//897 895//895 1364//1364
f 891//891 897//897 1365//1365
f 894//894 891//891 1367//1367
f 932//932 894//894 1369//1369
f 878//878 932//932 1372//1372
f 880//880 878//878 1373//1373
f 890//890 880//880 1375//1375
f 852//852 890//890 1377//1377
f 853//853 852//852 1380//1380
f 847//847 853//853 1381//1381
f 849//849 847//847 1383//1383
f 812//812 849//849 1385//1385
f 813//813 812//812 1387//1387
f 845//845 813//813 1389//1389
f 844//844 845//845 1391//1391
f 810//810 844//844 1394//1394
f 780//780 810//810 1396//1396
f 867//867 780//780 1397//1397
f 840//840 867//867 1400//1400
f 842//842 840//840 1402//1402
f 838//838 842//842 1404//1404
f 804//804 838//838 1406//1406
f 805//805 804//804 1408//1408
f 925//925 805//805 1410//1410
f 928//928 925//925 1412//1412
f 973//973 928//928 1413//1413
f 975//975 973//973 1416//1416
f 972//972 975//975 1418//1418
f 885//885 972//972 1420//1420
f 887//887 885//885 1421//1421
f 1034//1034 887//887 1423//1423
f 1002//1002 1034//1034 1426//1426
f 967//967 1002//1002 1427//1427
f 969//969 967//967 1430//1430
f 1072//1072 969//969 1431//1431
f 1084//1084 1072//1072 1433//1433
f 1052//1052 1084//1084 1435//1435
f 1053//1053 1052//1052 1438//1438
f 1082//1082 1053//1053 1440//1440
f 1094//1094 1082//1082 1442//1442
f 1095//1095 1094//1094 1443//1443
f 1088//1088 1095//1095 1446//1446
f 1446//1446 1332//1332 1088//1088
f 1443//1443 1446//1446 1095//1095
f 1442//1442 1443//1443 1094//1094
f 1440//1440 1442//1442 1082//1082
f 1438//1438 1440//1440 1053//1053
f 1435//1435 1438//1438 1052//1052
f 1433//1433 1435//1435 1084//1084
f 1431//1431 1433//1433 1072//1072
f 1430//1430 1431//1431 969//969
f 1427//1427 1430//1430 967//967
f 1426//1426 1427//1427 1002//1002
f 1423//1423 1426//1426 1034//1034
f 1421//1421 1423//1423 887//887
f 1420//1420 1421//1421 885//885
f 1418//1418 1420//1420 972//972
f 1416//1416 1418//1418 975//975
f 1413//1413 1416//1416 973//973
f 1412//1412 1413//1413 928//928
f 1410//1410 1412//1412 925//925
f 1408//1408 1410//1410 805//805
f 1406//1406 1408//1408 804//804
f 1404//1404 1406//1406 838//838
f 1402//1402 1404//1404 842//842
f 1400//1400 1402//1402 840//840
f 1397//1397 1400//1400 867//867
f 1396//1396 1397//1397 780//780
f 1394//1394 1396//1396 810//810
f 1391//1391 1394//1394 844//844
f 1389//1389 1391//1391 845//845
f 1387//1387 1389//1389 813//813
f 1385//1385 1387//1387 812//812
f 1383//1383 1385//1385 849//849
f 1381//1381 1383//1383 847//847
f 1380//1380 1381//1381 853//853
f 1377//1377 1380//1380 852//852
f 1375//1375 1377//1377 890//890
f 1373//1373 1375//1375 880//880
f 1372//1372 1373//1373 878//878
f 1369//1369 1372//1372 932//932
f 1367//1367 1369//1369 894//894
f 1365//1365 1367//1367 891//891
f 1364//1364 1365//1365 897//897
f 1361//1361 1364//1364 895//895
f 1359//1359 1361//1361 758//758
f 1357//1357 1359//1359 756//756
f 1356//1356 1357//1357 816//816
f 1354//1354 1356//1356 874//874
f 1352//1352 1354//1354 828//828
f 1349//1349 1352//1352 858//858
f 1347//1347 1349//1349 945//945
f 1345//1345 1347//1347 943//943
f 1343//1343 1345//1345 909//909
f 1341//1341 1343//1343 915//915
f 1340//1340 1341//1341 919//919
f 1338//1338 1340//1340 950//950
f 1335//1335 1338//1338 948//948
f 1334//1334 1335//1335 987//987
f 1332//1332 1334//1334 1098//1098
f 1447//1447 1449//1449 1392//1392
f 1449//1449 1451//1451 1393//1393
f 1451//1451 1454//1454 1395//1395
f 1454//1454 1456//1456 1398//1398
f 1456//1456 1457//1457 1399//1399
f 1457//1457 1459//1459 1401//1401
f 1459//1459 1462//1462 1403//1403
f 1462//1462 1464//1464 1405//1405
f 1464//1464 1466//1466 1407//1407
f 1466//1466 1468//1468 1409//1409
f 1468//1468 1470//1470 1411//1411
f 1470//1470 1472//1472 1414//1414
f 1472//1472 1473//1473 1415//1415
f 1473//1473 1476//1476 1417//1417
f 1476//1476 1478//1478 1419//1419
f 1478//1478 1479//1479 1422//1422
f 1479//1479 1482//1482 1424//1424
f 1482//1482 1484//1484 1425//1425
f 1484//1484 1485//1485 1428//1428
f 1485//1485 1488//1488 1429//1429
f 1488//1488 1490//1490 1432//1432
f 1490//1490 1492//1492 1434//1434
f 1492//1492 1493//1493 1436//1436
f 1493//1493 1495//1495 1437//1437
f 1495//1495 1497//1497 1439//1439
f 1497//1497 1499//1499 1441//1441
f 1499//1499 1501//1501 1444//1444
f 1501//1501 1504//1504 1445//1445
f 1504//1504 1506//1506 1331//1331
f 1506//1506 1507//1507 1333//1333
f 1507//1507 1509//1509 1336//1336
f 1509//1509 1511//1511 1337//1337
f 1511//1511 1514//1514 1339//1339
f 1514//1514 1516//1516 1342//1342
f 1516//1516 1518//1518 1344//1344
f 1518//1518 1519//1519 1346//1346
f 1519//1519 1521//1521 1348//1348
f 1521//1521 1524//1524 1350//1350
f 1524//1524 1526//1526 1351//1351
f 1526//1526 1527//1527 1353//1353
f 1527//1527 1530//1530 1355//1355
f 1530//1530 1531//1531 1358//1358
f 1531//1531 1533//1533 1360//1360
f 1533//1533 1536//1536 1362//1362
f 1536//1536 1538//1538 1363//1363
f 1538//1538 1540//1540 1366//1366
f 1540//1540 1542//1542 1368//1368
f 1542//1542 1543//1543 1370//1370
f 1543//1543 1546//1546 1371//1371
f 1546//1546 1548//1548 1374//1374
f 1548//1548 1549//1549 1376//1376
f 1549//1549 1552//1552 1378//1378
f 1552//1552 1553//1553 1379//1379
f 1553//1553 1556//1556 1382//1382
f 1556//1556 1557//1557 1384//1384
f 1557//1557 1559//1559 1386//1386
f 1559//1559 1561//1561 1388//1388
f 1561//1561 1447//1447 1390//1390
f 1390//1390 1388//1388 1561//1561
f 1388//1388 1386//1386 1559//1559
f 1386//1386 1384//1384 1557//1557
f 1384//1384 1382//1382 1556//1556
f 1382//1382 1379//1379 1553//1553
f 1379//1379 1378//1378 1552//1552
f 1378//1378 1376//1376 1549//1549
f 1376//1376 1374//1374 1548//1548
f 1374//1374 1371//1371 1546//1546
f 1371//1371 1370//1370 1543//1543
f 1370//1370 1368//1368 1542//1542
f 1368//1368 1366//1366 1540//1540
f 1366//1366 1363//1363 1538//1538
f 1363//1363 1362//1362 1536//1536
f 1362//1362 1360//1360 1533//1533
f 1360//1360 1358//1358 1531//1531
f 1358//1358 1355//1355 1530//1530
f 1355//1355 1353//1353 1527//1527
f 1353//1353 1351//1351 1526//1526
f 1351//1351 1350//1350 1524//1524
f 1350//1350 1348//1348 1521//1521
f 1348//1348 1346//1346 1519//1519
f 1346//1346 1344//1344 1518//1518
f 1344//1344 1342//1342 1516//1516
f 1342//1342 1339//1339 1514//1514
f 1339//1339 1337//1337 1511//1511
f 1337//1337 1336//1336 1509//1509
f 1336//1336 1333//1333 1507//1507
f 1333//1333 1331//1331 1506//1506
f 1331//1331 1445//1445 1504//1504
f 1445//1445 1444//1444 1501//1501
f 1444//1444 1441//1441 1499//1499
f 1441//1441 1439//1439 1497//1497
f 1439//1439 1437//1437 1495//1495
f 1437//1437 1436//1436 1493//1493
f 1436//1436 1434//1434 1492//1492
f 1434//1434 1432//1432 1490//1490
f 1432//1432 1429//1429 1488//1488
f 1429//1429 1428//1428 1485//1485
f 1428//1428 1425//1425 1484//1484
f 1425//1425 1424//1424 1482//1482
f 1424//1424 1422//1422 1479//1479
f 1422//1422 1419//1419 1478//1478
f 1419//1419 1417//1417 1476//1476
f 1417//1417 1415//1415 1473//1473
f 1415//1415 1414//1414 1472//1472
f 1414//1414 1411//1411 1470//1470
f 1411//1411 1409//1409 1468//1468
f 1409//1409 1407//1407 1466//1466
f 1407//1407 1405//1405 1464//1464
f 1405//1405 1403//1403 1462//1462
f 1403//1403 1401//1401 1459//1459
f 1401//1401 1399//1399 1457//1457
f 1399//1399 1398//1398 1456//1456
f 1398//1398 1395//1395 1454//1454
f 1395//1395 1393//1393 1451//1451
f 1393//1393 1392//1392 1449//1449
f 1392//1392 1390//1390 1447//1447
f 1245//1245 1244//1244 1535//1535
f 1244//1244 1537//1537 1535//1535
f 1239//1239 1547//1547 1545//1545
f 1564//1564 1252//1252 1522//1522
f 1532//1532 1252//1252 1250//1250
f 1539//1539 1244//1244 1241//1241
f 1244//1244 1539//1539 1537//1537
f 1545//1545 1544//1544 1239//1239
f 1252//1252 1523//1523 1522//1522
f 1252//1252 1528//1528 1525//1525
f 1250//1250 1534//1534 1532//1532
f 1535//1535 1534//1534 1245//1245
f 1544//1544 1541//1541 1239//1239
f 1525//1525 1523//1523 1252//1252
f 1532//1532 1529//1529 1252//1252
f 1541//1541 1539//1539 1239//1239
f 1534//1534 1250//1250 1247//1247
f 1239//1239 1551//1551 1550//1550
f 1261//1261 1566//1566 1567//1567
f 1570//1570 1297//1297 1295//1295
f 1570//1570 1572//1572 1304//1304
f 1529//1529 1528//1528 1252//1252
f 1247//1247 1245//1245 1534//1534
f 1239//1239 1554//1554 1551//1551
f 1239//1239 1558//1558 1555//1555
f 1575//1575 1562//1562 1560//1560
f 1567//1567 1263//1263 1261//1261
f 1263//1263 1567//1567 1577//1577
f 1268//1268 1577//1577 1579//1579
f 1579//1579 1581//1581 1274//1274
f 1583//1583 1295//1295 1293//1293
f 1570//1570 1299//1299 1297//1297
f 1572//1572 1305//1305 1304//1304
f 1313//1313 1312//1312 1585//1585
f 1588//1588 1508//1508 1505//1505
f 1241//1241 1239//1239 1539//1539
f 1555//1555 1554//1554 1239//1239
f 1560//1560 1239//1239 1575//1575
f 1257//1257 1590//1590 1566//1566
f 1577//1577 1265//1265 1263//1263
f 1579//1579 1269//1269 1268//1268
f 1274//1274 1272//1272 1579//1579
f 1581//1581 1278//1278 1276//1276
f 1295//1295 1583//1583 1570//1570
f 1304//1304 1301//1301 1570//1570
f 1591//1591 1315//1315 1313//1313
f 1596//1596 1598//1598 1491//1491
f 1598//1598 1498//1498 1496//1496
f 1598//1598 1600//1600 1500//1500
f 1600//1600 1505//1505 1503//1503
f 1588//1588 1510//1510 1508//1508
f 1575//1575 1221//1221 1219//1219
f 1575//1575 1227//1227 1225//1225
f 1575//1575 1232//1232 1230//1230
f 1512//1512 1510//1510 1588//1588
f 1564//1564 1520//1520 1517//1517
f 1550//1550 1547//1547 1239//1239
f 1575//1575 1448//1448 1562//1562
f 1252//1252 1602//1602 1604//1604
f 1255//1255 1606//1606 1607//1607
f 1257//1257 1607//1607 1590//1590
f 1268//1268 1265//1265 1577//1577
f 1276//1276 1274//1274 1581//1581
f 1301//1301 1299//1299 1570//1570
f 1309//1309 1307//1307 1572//1572
f 1585//1585 1591//1591 1313//1313
f 1591//1591 1323//1323 1321//1321
f 1591//1591 1329//1329 1327//1327
f 1575//1575 1453//1453 1452//1452
f 1575//1575 1458//1458 1455//1455
f 1469//1469 1609//1609 1611//1611
f 1491//1491 1489//1489 1596//1596
f 1496//1496 1494//1494 1598//1598
f 1600//1600 1502//1502 1500//1500
f 1505//1505 1600//1600 1588//1588
f 1591//1591 1575//1575 1217//1217
f 1575//1575 1223//1223 1221//1221
f 1230//1230 1227//1227 1575//1575
f 1575//1575 1235//1235 1234//1234
f 1564//1564 1513//1513 1512//1512
f 1517//1517 1515//1515 1564//1564
f 1575//1575 1239//1239 1237//1237
f 1560//1560 1558//1558 1239//1239
f 1252//1252 1564//1564 1602//1602
f 1253//1253 1604//1604 1606//1606
f 1566//1566 1259//1259 1257//1257
f 1272//1272 1269//1269 1579//1579
f 1613//1613 1281//1281 1280//1280
f 1613//1613 1285//1285 1283//1283
f 1583//1583 1290//1290 1288//1288
f 1572//1572 1307//1307 1305//1305
f 1312//1312 1309//1309 1585//1585
f 1591//1591 1325//1325 1323//1323
f 1591//1591 1216//1216 1329//1329
f 1455//1455 1453//1453 1575//1575
f 1575//1575 1463//1463 1461//1461
f 1465//1465 1575//1575 1609//1609
f 1611//1611 1471//1471 1469//1469
f 1615//1615 1596//1596 1483//1483
f 1494//1494 1491//1491 1598//1598
f 1503//1503 1502//1502 1600//1600
f 1219//1219 1217//1217 1575//1575
f 1234//1234 1232//1232 1575//1575
f 1515//1515 1513//1513 1564//1564
f 1522//1522 1520//1520 1564//1564
f 1606//1606 1255//1255 1253//1253
f 1261//1261 1259//1259 1566//1566
f 1280//1280 1581//1581 1613//1613
f 1613//1613 1288//1288 1285//1285
f 1583//1583 1292//1292 1290//1290
f 1572//1572 1585//1585 1309//1309
f 1591//1591 1320//1320 1318//1318
f 1327//1327 1325//1325 1591//1591
f 1452//1452 1450//1450 1575//1575
f 1461//1461 1460//1460 1575//1575
f 1609//1609 1467//1467 1465//1465
f 1611//1611 1474//1474 1471//1471
f 1615//1615 1477//1477 1475//1475
f 1483//1483 1481//1481 1615//1615
f 1596//1596 1487//1487 1486//1486
f 1500//1500 1498//1498 1598//1598
f 1225//1225 1223//1223 1575//1575
f 1237//1237 1235//1235 1575//1575
f 1607//1607 1257//1257 1255//1255
f 1283//1283 1281//1281 1613//1613
f 1293//1293 1292//1292 1583//1583
f 1321//1321 1320//1320 1591//1591
f 1460//1460 1458//1458 1575//1575
f 1469//1469 1467//1467 1609//1609
f 1475//1475 1611//1611 1615//1615
f 1481//1481 1480//1480 1615//1615
f 1489//1489 1487//1487 1596//1596
f 1588//1588 1564//1564 1512//1512
f 1280//1280 1278//1278 1581//1581
f 1318//1318 1315//1315 1591//1591
f 1465//1465 1463//1463 1575//1575
f 1480//1480 1477//1477 1615//1615
f 1217//1217 1216//1216 1591//1591
f 1288//1288 1613//1613 1583//1583
f 1475//1475 1474//1474 1611//1611
f 1604//1604 1253//1253 1252//1252
f 1486//1486 1483//1483 1596//1596
f 1450//1450 1448//1448 1575//1575
f 1618//1618 1619//1619 1623//1623
f 1623//1623 1768//1768 1618//1618
f 1768//1768 1625//1625 1627//1627
f 1627//1627 1769//1769 1768//1768
f 1769//1769 1629//1629 1630//1630
f 1630//1630 1770//1770 1769//1769
f 1770//1770 1632//1632 1635//1635
f 1635//1635 1771//1771 1770//1770
f 1771//1771 1636//1636 1639//1639
f 1639//1639 1772//1772 1771//1771
f 1772//1772 1641//1641 1643//1643
f 1643//1643 1773//1773 1772//1772
f 1773//1773 1645//1645 1646//1646
f 1646//1646 1774//1774 1773//1773
f 1774//1774 1649//1649 1651//1651
f 1651//1651 1775//1775 1774//1774
f 1775//1775 1653//1653 1654//1654
f 1654//1654 1776//1776 1775//1775
f 1776//1776 1657//1657 1658//1658
f 1658//1658 1777//1777 1776//1776
f 1777//1777 1661//1661 1663//1663
f 1663//1663 1778//1778 1777//1777
f 1778//1778 1664//1664 1666//1666
f 1779//1779 1666//1666 1669//1669
f 1780//1780 1781//1781 1670//1670
f 1781//1781 1669//1669 1670//1670
f 1782//1782 1780//1780 1673//1673
f 1780//1780 1675//1675 1673//1673
f 1783//1783 1782//1782 1677//1677
f 1782//1782 1678//1678 1677//1677
f 1784//1784 1783//1783 1681//1681
f 1783//1783 1682//1682 1681//1681
f 1785//1785 1784//1784 1685//1685
f 1784//1784 1687//1687 1685//1685
f 1786//1786 1785//1785 1689//1689
f 1785//1785 1691//1691 1689//1689
f 1787//1787 1786//1786 1693//1693
f 1786//1786 1695//1695 1693//1693
f 1788//1788 1787//1787 1696//1696
f 1787//1787 1698//1698 1696//1696
f 1789//1789 1788//1788 1700//1700
f 1788//1788 1703//1703 1700//1700
f 1790//1790 1789//1789 1704//1704
f 1789//1789 1707//1707 1704//1704
f 1709//1709 1790//1790 1711//1711
f 1790//1790 1712//1712 1711//1711
f 1714//1714 1618//1618 1768//1768
f 1791//1791 1768//1768 1769//1769
f 1792//1792 1769//1769 1770//1770
f 1793//1793 1770//1770 1771//1771
f 1794//1794 1771//1771 1772//1772
f 1795//1795 1772//1772 1773//1773
f 1796//1796 1773//1773 1774//1774
f 1797//1797 1774//1774 1775//1775
f 1798//1798 1775//1775 1776//1776
f 1799//1799 1776//1776 1777//1777
f 1800//1800 1777//1777 1778//1778
f 1801//1801 1778//1778 1779//1779
f 1802//1802 1779//1779 1781//1781
f 1803//1803 1781//1781 1780//1780
f 1804//1804 1780//1780 1782//1782
f 1805//1805 1782//1782 1783//1783
f 1806//1806 1783//1783 1784//1784
f 1807//1807 1784//1784 1785//1785
f 1808//1808 1785//1785 1786//1786
f 1809//1809 1786//1786 1787//1787
f 1810//1810 1787//1787 1788//1788
f 1811//1811 1788//1788 1789//1789
f 1812//1812 1789//1789 1790//1790
f 1813//1813 1790//1790 1709//1709
f 1716//1716 1714//1714 1791//1791
f 1814//1814 1791//1791 1792//1792
f 1815//1815 1792//1792 1793//1793
f 1816//1816 1793//1793 1794//1794
f 1817//1817 1794//1794 1795//1795
f 1818//1818 1795//1795 1796//1796
f 1819//1819 1796//1796 1797//1797
f 1820//1820 1797//1797 1798//1798
f 1821//1821 1798//1798 1799//1799
f 1822//1822 1799//1799 1800//1800
f 1823//1823 1800//1800 1801//1801
f 1824//1824 1801//1801 1802//1802
f 1825//1825 1802//1802 1803//1803
f 1826//1826 1803//1803 1804//1804
f 1827//1827 1804//1804 1805//1805
f 1828//1828 1805//1805 1806//1806
f 1829//1829 1806//1806 1807//1807
f 1830//1830 1807//1807 1808//1808
f 1831//1831 1808//1808 1809//1809
f 1832//1832 1809//1809 1810//1810
f 1833//1833 1810//1810 1811//1811
f 1834//1834 1811//1811 1812//1812
f 1835//1835 1812//1812 1813//1813
f 1836//1836 1813//1813 1718//1718
f 1720//1720 1716//1716 1814//1814
f 1837//1837 1814//1814 1815//1815
f 1838//1838 1815//1815 1816//1816
f 1839//1839 1816//1816 1817//1817
f 1840//1840 1817//1817 1818//1818
f 1841//1841 1818//1818 1819//1819
f 1842//1842 1819//1819 1820//1820
f 1843//1843 1820//1820 1821//1821
f 1844//1844 1821//1821 1822//1822
f 1845//1845 1822//1822 1823//1823
f 1846//1846 1823//1823 1824//1824
f 1847//1847 1824//1824 1825//1825
f 1848//1848 1825//1825 1826//1826
f 1849//1849 1826//1826 1827//1827
f 1850//1850 1827//1827 1828//1828
f 1851//1851 1828//1828 1829//1829
f 1852//1852 1829//1829 1830//1830
f 1853//1853 1830//1830 1831//1831
f 1854//1854 1831//1831 1832//1832
f 1855//1855 1832//1832 1833//1833
f 1856//1856 1833//1833 1834//1834
f 1857//1857 1834//1834 1835//1835
f 1858//1858 1835//1835 1836//1836
f 1859//1859 1836//1836 1722//1722
f 1725//1725 1720//1720 1837//1837
f 1860//1860 1837//1837 1838//1838
f 1861//1861 1838//1838 1839//1839
f 1862//1862 1839//1839 1840//1840
f 1863//1863 1840//1840 1841//1841
f 1864//1864 1841//1841 1842//1842
f 1865//1865 1842//1842 1843//1843
f 1866//1866 1843//1843 1844//1844
f 1867//1867 1844//1844 1845//1845
f 1868//1868 1845//1845 1846//1846
f 1869//1869 1846//1846 1847//1847
f 1870//1870 1847//1847 1848//1848
f 1871//1871 1848//1848 1849//1849
f 1872//1872 1849//1849 1850//1850
f 1873//1873 1850//1850 1851//1851
f 1874//1874 1851//1851 1852//1852
f 1875//1875 1852//1852 1853//1853
f 1876//1876 1853//1853 1854//1854
f 1877//1877 1854//1854 1855//1855
f 1878//1878 1855//1855 1856//1856
f 1879//1879 1856//1856 1857//1857
f 1880//1880 1857//1857 1858//1858
f 1881//1881 1858//1858 1859//1859
f 1882//1882 1859//1859 1727//1727
f 1729//1729 1725//1725 1860//1860
f 1883//1883 1860//1860 1861//1861
f 1884//1884 1861//1861 1862//1862
f 1885//1885 1862//1862 1863//1863
f 1886//1886 1863//1863 1864//1864
f 1887//1887 1864//1864 1865//1865
f 1888//1888 1865//1865 1866//1866
f 1889//1889 1866//1866 1867//1867
f 1890//1890 1867//1867 1868//1868
f 1891//1891 1868//1868 1869//1869
f 1892//1892 1869//1869 1870//1870
f 1893//1893 1870//1870 1871//1871
f 1894//1894 1871//1871 1872//1872
f 1895//1895 1872//1872 1873//1873
f 1896//1896 1873//1873 1874//1874
f 1897//1897 1874//1874 1875//1875
f 1898//1898 1875//1875 1876//1876
f 1899//1899 1876//1876 1877//1877
f 1900//1900 1877//1877 1878//1878
f 1901//1901 1878//1878 1879//1879
f 1902//1902 1879//1879 1880//1880
f 1903//1903 1880//1880 1881//1881
f 1904//1904 1881//1881 1882//1882
f 1905//1905 1882//1882 1731//1731
f 1732//1732 1729//1729 1883//1883
f 1906//1906 1883//1883 1884//1884
f 1907//1907 1884//1884 1885//1885
f 1908//1908 1885//1885 1886//1886
f 1909//1909 1886//1886 1887//1887
f 1910//1910 1887//1887 1888//1888
f 1911//1911 1888//1888 1889//1889
f 1912//1912 1889//1889 1890//1890
f 1913//1913 1890//1890 1891//1891
f 1914//1914 1891//1891 1892//1892
f 1915//1915 1892//1892 1893//1893
f 1916//1916 1893//1893 1894//1894
f 1917//1917 1894//1894 1895//1895
f 1918//1918 1895//1895 1896//1896
f 1919//1919 1896//1896 1897//1897
f 1920//1920 1897//1897 1898//1898
f 1921//1921 1898//1898 1899//1899
f 1922//1922 1899//1899 1900//1900
f 1923//1923 1900//1900 1901//1901
f 1924//1924 1901//1901 1902//1902
f 1925//1925 1902//1902 1903//1903
f 1926//1926 1903//1903 1904//1904
f 1927//1927 1904//1904 1905//1905
f 1928//1928 1905//1905 1735//1735
f 1737//1737 1732//1732 1906//1906
f 1929//1929 1906//1906 1907//1907
f 1930//1930 1907//1907 1908//1908
f 1931//1931 1908//1908 1909//1909
f 1932//1932 1909//1909 1910//1910
f 1933//1933 1910//1910 1911//1911
f 1934//1934 1911//1911 1912//1912
f 1935//1935 1912//1912 1913//1913
f 1936//1936 1913//1913 1914//1914
f 1937//1937 1914//1914 1915//1915
f 1938//1938 1915//1915 1916//1916
f 1939//1939 1916//1916 1917//1917
f 1940//1940 1917//1917 1918//1918
f 1941//1941 1918//1918 1919//1919
f 1942//1942 1919//1919 1920//1920
f 1943//1943 1920//1920 1921//1921
f 1944//1944 1921//1921 1922//1922
f 1945//1945 1922//1922 1923//1923
f 1946//1946 1923//1923 1924//1924
f 1947//1947 1924//1924 1925//1925
f 1948//1948 1925//1925 1926//1926
f 1949//1949 1926//1926 1927//1927
f 1950//1950 1927//1927 1928//1928
f 1951//1951 1928//1928 1739//1739
f 1741//1741 1737//1737 1929//1929
f 1952//1952 1929//1929 1930//1930
f 1953//1953 1930//1930 1931//1931
f 1954//1954 1931//1931 1932//1932
f 1955//1955 1932//1932 1933//1933
f 1956//1956 1933//1933 1934//1934
f 1957//1957 1934//1934 1935//1935
f 1958//1958 1935//1935 1936//1936
f 1959//1959 1936//1936 1937//1937
f 1960//1960 1937//1937 1938//1938
f 1961//1961 1938//1938 1939//1939
f 1962//1962 1939//1939 1940//1940
f 1963//1963 1940//1940 1941//1941
f 1964//1964 1941//1941 1942//1942
f 1965//1965 1942//1942 1943//1943
f 1966//1966 1943//1943 1944//1944
f 1967//1967 1944//1944 1945//1945
f 1968//1968 1945//1945 1946//1946
f 1969//1969 1946//1946 1947//1947
f 1970//1970 1947//1947 1948//1948
f 1971//1971 1948//1948 1949//1949
f 1972//1972 1949//1949 1950//1950
f 1973//1973 1950//1950 1951//1951
f 1974//1974 1951//1951 1742//1742
f 1744//1744 1741//1741 1952//1952
f 1975//1975 1952//1952 1953//1953
f 1976//1976 1953//1953 1954//1954
f 1977//1977 1954//1954 1955//1955
f 1978//1978 1955//1955 1956//1956
f 1979//1979 1956//1956 1957//1957
f 1980//1980 1957//1957 1958//1958
f 1981//1981 1958//1958 1959//1959
f 1982//1982 1959//1959 1960//1960
f 1983//1983 1960//1960 1961//1961
f 1984//1984 1961//1961 1962//1962
f 1985//1985 1962//1962 1963//1963
f 1986//1986 1963//1963 1964//1964
f 1987//1987 1964//1964 1965//1965
f 1988//1988 1965//1965 1966//1966
f 1989//1989 1966//1966 1967//1967
f 1990//1990 1967//1967 1968//1968
f 1991//1991 1968//1968 1969//1969
f 1992//1992 1969//1969 1970//1970
f 1993//1993 1970//1970 1971//1971
f 1994//1994 1971//1971 1972//1972
f 1995//1995 1972//1972 1973//1973
f 1996//1996 1973//1973 1974//1974
f 1997//1997 1974//1974 1747//1747
f 1749//1749 1744//1744 1975//1975
f 1998//1998 1975//1975 1976//1976
f 1999//1999 1976//1976 1977//1977
f 2000//2000 1977//1977 1978//1978
f 2001//2001 1978//1978 1979//1979
f 2002//2002 1979//1979 1980//1980
f 2003//2003 1980//1980 1981//1981
f 2004//2004 1981//1981 1982//1982
f 2005//2005 1982//1982 1983//1983
f 2006//2006 1983//1983 1984//1984
f 2007//2007 1984//1984 1985//1985
f 2008//2008 1985//1985 1986//1986
f 2009//2009 1986//1986 1987//1987
f 2010//2010 1987//1987 1988//1988
f 2011//2011 1988//1988 1989//1989
f 2012//2012 1989//1989 1990//1990
f 2013//2013 1990//1990 1991//1991
f 2014//2014 1991//1991 1992//1992
f 2015//2015 1992//1992 1993//1993
f 2016//2016 1993//1993 1994//1994
f 2017//2017 1994//1994 1995//1995
f 2018//2018 1995//1995 1996//1996
f 2019//2019 1996//1996 1997//1997
f 2020//2020 1997//1997 1751//1751
f 1753//1753 1749//1749 1998//1998
f 2021//2021 1998//1998 1999//1999
f 2022//2022 1999//1999 2000//2000
f 2023//2023 2000//2000 2001//2001
f 2024//2024 2001//2001 2002//2002
f 2025//2025 2002//2002 2003//2003
f 2026//2026 2003//2003 2004//2004
f 2027//2027 2004//2004 2005//2005
f 2028//2028 2005//2005 2006//2006
f 2029//2029 2006//2006 2007//2007
f 2030//2030 2007//2007 2008//2008
f 2031//2031 2008//2008 2009//2009
f 2032//2032 2009//2009 2010//2010
f 2033//2033 2010//2010 2011//2011
f 2034//2034 2011//2011 2012//2012
f 2035//2035 2012//2012 2013//2013
f 2036//2036 2013//2013 2014//2014
f 2037//2037 2014//2014 2015//2015
f 2038//2038 2015//2015 2016//2016
f 2039//2039 2016//2016 2017//2017
f 2040//2040 2017//2017 2018//2018
f 2041//2041 2018//2018 2019//2019
f 2042//2042 2019//2019 2020//2020
f 2043//2043 2020//2020 1754//1754
f 1757//1757 1753//1753 2021//2021
f 2044//2044 2021//2021 2022//2022
f 2045//2045 2022//2022 2023//2023
f 2046//2046 2023//2023 2024//2024
f 2047//2047 2024//2024 2025//2025
f 2048//2048 2025//2025 2026//2026
f 2049//2049 2026//2026 2027//2027
f 2050//2050 2027//2027 2028//2028
f 2051//2051 2028//2028 2029//2029
f 2052//2052 2029//2029 2030//2030
f 2053//2053 2030//2030 2031//2031
f 2054//2054 2031//2031 2032//2032
f 2055//2055 2032//2032 2033//2033
f 2056//2056 2033//2033 2034//2034
f 2057//2057 2034//2034 2035//2035
f 2058//2058 2035//2035 2036//2036
f 2059//2059 2036//2036 2037//2037
f 2060//2060 2037//2037 2038//2038
f 2061//2061 2038//2038 2039//2039
f 2062//2062 2039//2039 2040//2040
f 2063//2063 2040//2040 2041//2041
f 2064//2064 2041//2041 2042//2042
f 2065//2065 2042//2042 2043//2043
f 2066//2066 2043//2043 1759//1759
f 1761//1761 1757//1757 2044//2044
f 2067//2067 2044//2044 2045//2045
f 2068//2068 2045//2045 2046//2046
f 2069//2069 2046//2046 2047//2047
f 2070//2070 2047//2047 2048//2048
f 2071//2071 2048//2048 2049//2049
f 2072//2072 2049//2049 2050//2050
f 2073//2073 2050//2050 2051//2051
f 2074//2074 2051//2051 2052//2052
f 2075//2075 2052//2052 2053//2053
f 2076//2076 2053//2053 2054//2054
f 2077//2077 2054//2054 2055//2055
f 2078//2078 2055//2055 2056//2056
f 2079//2079 2056//2056 2057//2057
f 2080//2080 2057//2057 2058//2058
f 2081//2081 2058//2058 2059//2059
f 2082//2082 2059//2059 2060//2060
f 2083//2083 2060//2060 2061//2061
f 2084//2084 2061//2061 2062//2062
f 2085//2085 2062//2062 2063//2063
f 2086//2086 2063//2063 2064//2064
f 2087//2087 2064//2064 2065//2065
f 2088//2088 2065//2065 2066//2066
f 2089//2089 2066//2066 1763//1763
f 1574//1574 1761//1761 2067//2067
f 1610//1610 2067//2067 2068//2068
f 1612//1612 2068//2068 2069//2069
f 1616//1616 2069//2069 2070//2070
f 1595//1595 2070//2070 2071//2071
f 1597//1597 2071//2071 2072//2072
f 1599//1599 2072//2072 2073//2073
f 1587//1587 2073//2073 2074//2074
f 1563//1563 2074//2074 2075//2075
f 1601//1601 2075//2075 2076//2076
f 1603//1603 2076//2076 2077//2077
f 1605//1605 2077//2077 2078//2078
f 1608//1608 2078//2078 2079//2079
f 1589//1589 2079//2079 2080//2080
f 1565//1565 2080//2080 2081//2081
f 1568//1568 2081//2081 2082//2082
f 1578//1578 2082//2082 2083//2083
f 1580//1580 2083//2083 2084//2084
f 1582//1582 2084//2084 2085//2085
f 1614//1614 2085//2085 2086//2086
f 1584//1584 2086//2086 2087//2087
f 1569//1569 2087//2087 2088//2088
f 1571//1571 2088//2088 2089//2089
f 1586//1586 2089//2089 1765//1765
f 1765//1765 1593//1593 1586//1586
f 2089//2089 1586//1586 1571//1571
f 2088//2088 1571//1571 1569//1569
f 2087//2087 1569//1569 1584//1584
f 2086//2086 1584//1584 1614//1614
f 2085//2085 1614//1614 1582//1582
f 2084//2084 1582//1582 1580//1580
f 2083//2083 1580//1580 1578//1578
f 2082//2082 1578//1578 1568//1568
f 2081//2081 1568//1568 1565//1565
f 2080//2080 1565//1565 1589//1589
f 2079//2079 1589//1589 1608//1608
f 2078//2078 1608//1608 1605//1605
f 2077//2077 1605//1605 1603//1603
f 2076//2076 1603//1603 1601//1601
f 2075//2075 1601//1601 1563//1563
f 2074//2074 1563//1563 1587//1587
f 2073//2073 1587//1587 1599//1599
f 2072//2072 1599//1599 1597//1597
f 2071//2071 1597//1597 1595//1595
f 2070//2070 1595//1595 1616//1616
f 2069//2069 1616//1616 1612//1612
f 2068//2068 1612//1612 1610//1610
f 2067//2067 1610//1610 1574//1574
f 1763//1763 1765//1765 2089//2089
f 2066//2066 2089//2089 2088//2088
f 2065//2065 2088//2088 2087//2087
f 2064//2064 2087//2087 2086//2086
f 2063//2063 2086//2086 2085//2085
f 2062//2062 2085//2085 2084//2084
f 2061//2061 2084//2084 2083//2083
f 2060//2060 2083//2083 2082//2082
f 2059//2059 2082//2082 2081//2081
f 2058//2058 2081//2081 2080//2080
f 2057//2057 2080//2080 2079//2079
f 2056//2056 2079//2079 2078//2078
f 2055//2055 2078//2078 2077//2077
f 2054//2054 2077//2077 2076//2076
f 2053//2053 2076//2076 2075//2075
f 2052//2052 2075//2075 2074//2074
f 2051//2051 2074//2074 2073//2073
f 2050//2050 2073//2073 2072//2072
f 2049//2049 2072//2072 2071//2071
f 2048//2048 2071//2071 2070//2070
f 2047//2047 2070//2070 2069//2069
f 2046//2046 2069//2069 2068//2068
f 2045//2045 2068//2068 2067//2067
f 2044//2044 2067//2067 1761//1761
f 1759//1759 1763//1763 2066//2066
f 2043//2043 2066//2066 2065//2065
f 2042//2042 2065//2065 2064//2064
f 2041//2041 2064//2064 2063//2063
f 2040//2040 2063//2063 2062//2062
f 2039//2039 2062//2062 2061//2061
f 2038//2038 2061//2061 2060//2060
f 2037//2037 2060//2060 2059//2059
f 2036//2036 2059//2059 2058//2058
f 2035//2035 2058//2058 2057//2057
f 2034//2034 2057//2057 2056//2056
f 2033//2033 2056//2056 2055//2055
f 2032//2032 2055//2055 2054//2054
f 2031//2031 2054//2054 2053//2053
f 2030//2030 2053//2053 2052//2052
f 2029//2029 2052//2052 2051//2051
f 2028//2028 2051//2051 2050//2050
f 2027//2027 2050//2050 2049//2049
f 2026//2026 2049//2049 2048//2048
f 2025//2025 2048//2048 2047//2047
f 2024//2024 2047//2047 2046//2046
f 2023//2023 2046//2046 2045//2045
f 2022//2022 2045//2045 2044//2044
f 2021//2021 2044//2044 1757//1757
f 1754//1754 1759//1759 2043//2043
f 2020//2020 2043//2043 2042//2042
f 2019//2019 2042//2042 2041//2041
f 2018//2018 2041//2041 2040//2040
f 2017//2017 2040//2040 2039//2039
f 2016//2016 2039//2039 2038//2038
f 2015//2015 2038//2038 2037//2037
f 2014//2014 2037//2037 2036//2036
f 2013//2013 2036//2036 2035//2035
f 2012//2012 2035//2035 2034//2034
f 2011//2011 2034//2034 2033//2033
f 2010//2010 2033//2033 2032//2032
f 2009//2009 2032//2032 2031//2031
f 2008//2008 2031//2031 2030//2030
f 2007//2007 2030//2030 2029//2029
f 2006//2006 2029//2029 2028//2028
f 2005//2005 2028//2028 2027//2027
f 2004//2004 2027//2027 2026//2026
f 2003//2003 2026//2026 2025//2025
f 2002//2002 2025//2025 2024//2024
f 2001//2001 2024//2024 2023//2023
f 2000//2000 2023//2023 2022//2022
f 1999//1999 2022//2022 2021//2021
f 1998//1998 2021//2021 1753//1753
f 1751//1751 1754//1754 2020//2020
f 1997//1997 2020//2020 2019//2019
f 1996//1996 2019//2019 2018//2018
f 1995//1995 2018//2018 2017//2017
f 1994//1994 2017//2017 2016//2016
f 1993//1993 2016//2016 2015//2015
f 1992//1992 2015//2015 2014//2014
f 1991//1991 2014//2014 2013//2013
f 1990//1990 2013//2013 2012//2012
f 1989//1989 2012//2012 2011//2011
f 1988//1988 2011//2011 2010//2010
f 1987//1987 2010//2010 2009//2009
f 1986//1986 2009//2009 2008//2008
f 1985//1985 2008//2008 2007//2007
f 1984//1984 2007//2007 2006//2006
f 1983//1983 2006//2006 2005//2005
f 1982//1982 2005//2005 2004//2004
f 1981//1981 2004//2004 2003//2003
f 1980//1980 2003//2003 2002//2002
f 1979//1979 2002//2002 2001//2001
f 1978//1978 2001//2001 2000//2000
f 1977//1977 2000//2000 1999//1999
f 1976//1976 1999//1999 1998//1998
f 1975//1975 1998//1998 1749//1749
f 1747//1747 1751//1751 1997//1997
f 1974//1974 1997//1997 1996//1996
f 1973//1973 1996//1996 1995//1995
f 1972//1972 1995//1995 1994//1994
f 1971//1971 1994//1994 1993//1993
f 1970//1970 1993//1993 1992//1992
f 1969//1969 1992//1992 1991//1991
f 1968//1968 1991//1991 1990//1990
f 1967//1967 1990//1990 1989//1989
f 1966//1966 1989//1989 1988//1988
f 1965//1965 1988//1988 1987//1987
f 1964//1964 1987//1987 1986//1986
f 1963//1963 1986//1986 1985//1985
f 1962//1962 1985//1985 1984//1984
f 1961//1961 1984//1984 1983//1983
f 1960//1960 1983//1983 1982//1982
f 1959//1959 1982//1982 1981//1981
f 1958//1958 1981//1981 1980//1980
f 1957//1957 1980//1980 1979//1979
f 1956//1956 1979//1979 1978//1978
f 1955//1955 1978//1978 1977//1977
f 1954//1954 1977//1977 1976//1976
f 1953//1953 1976//1976 1975//1975
f 1952//1952 1975//1975 1744//1744
f 1742//1742 1747//1747 1974//1974
f 1951//1951 1974//1974 1973//1973
f 1950//1950 1973//1973 1972//1972
f 1949//1949 1972//1972 1971//1971
f 1948//1948 1971//1971 1970//1970
f 1947//1947 1970//1970 1969//1969
f 1946//1946 1969//1969 1968//1968
f 1945//1945 1968//1968 1967//1967
f 1944//1944 1967//1967 1966//1966
f 1943//1943 1966//1966 1965//1965
f 1942//1942 1965//1965 1964//1964
f 1941//1941 1964//1964 1963//1963
f 1940//1940 1963//1963 1962//1962
f 1939//1939 1962//1962 1961//1961
f 1938//1938 1961//1961 1960//1960
f 1937//1937 1960//1960 1959//1959
f 1936//1936 1959//1959 1958//1958
f 1935//1935 1958//1958 1957//1957
f 1934//1934 1957//1957 1956//1956
f 1933//1933 1956//1956 1955//1955
f 1932//1932 1955//1955 1954//1954
f 1931//1931 1954//1954 1953//1953
f 1930//1930 1953//1953 1952//1952
f 1929//1929 1952//1952 1741//1741
f 1739//1739 1742//1742 1951//1951
f 1928//1928 1951//1951 1950//1950
f 1927//1927 1950//1950 1949//1949
f 1926//1926 1949//1949 1948//1948
f 1925//1925 1948//1948 1947//1947
f 1924//1924 1947//1947 1946//1946
f 1923//1923 1946//1946 1945//1945
f 1922//1922 1945//1945 1944//1944
f 1921//1921 1944//1944 1943//1943
f 1920//1920 1943//1943 1942//1942
f 1919//1919 1942//1942 1941//1941
f 1918//1918 1941//1941 1940//1940
f 1917//1917 1940//1940 1939//1939
f 1916//1916 1939//1939 1938//1938
f 1915//1915 1938//1938 1937//1937
f 1914//1914 1937//1937 1936//1936
f 1913//1913 1936//1936 1935//1935
f 1912//1912 1935//1935 1934//1934
f 1911//1911 1934//1934 1933//1933
f 1910//1910 1933//1933 1932//1932
f 1909//1909 1932//1932 1931//1931
f 1908//1908 1931//1931 1930//1930
f 1907//1907 1930//1930 1929//1929
f 1906//1906 1929//1929 1737//1737
f 1735//1735 1739//1739 1928//1928
f 1905//1905 1928//1928 1927//1927
f 1904//1904 1927//1927 1926//1926
f 1903//1903 1926//1926 1925//1925
f 1902//1902 1925//1925 1924//1924
f 1901//1901 1924//1924 1923//1923
f 1900//1900 1923//1923 1922//1922
f 1899//1899 1922//1922 1921//1921
f 1898//1898 1921//1921 1920//1920
f 1897//1897 1920//1920 1919//1919
f 1896//1896 1919//1919 1918//1918
f 1895//1895 1918//1918 1917//1917
f 1894//1894 1917//1917 1916//1916
f 1893//1893 1916//1916 1915//1915
f 1892//1892 1915//1915 1914//1914
f 1891//1891 1914//1914 1913//1913
f 1890//1890 1913//1913 1912//1912
f 1889//1889 1912//1912 1911//1911
f 1888//1888 1911//1911 1910//1910
f 1887//1887 1910//1910 1909//1909
f 1886//1886 1909//1909 1908//1908
f 1885//1885 1908//1908 1907//1907
f 1884//1884 1907//1907 1906//1906
f 1883//1883 1906//1906 1732//1732
f 1731//1731 1735//1735 1905//1905
f 1882//1882 1905//1905 1904//1904
f 1881//1881 1904//1904 1903//1903
f 1880//1880 1903//1903 1902//1902
f 1879//1879 1902//1902 1901//1901
f 1878//1878 1901//1901 1900//1900
f 1877//1877 1900//1900 1899//1899
f 1876//1876 1899//1899 1898//1898
f 1875//1875 1898//1898 1897//1897
f 1874//1874 1897//1897 1896//1896
f 1873//1873 1896//1896 1895//1895
f 1872//1872 1895//1895 1894//1894
f 1871//1871 1894//1894 1893//1893
f 1870//1870 1893//1893 1892//1892
f 1869//1869 1892//1892 1891//1891
f 1868//1868 1891//1891 1890//1890
f 1867//1867 1890//1890 1889//1889
f 1866//1866 1889//1889 1888//1888
f 1865//1865 1888//1888 1887//1887
f 1864//1864 1887//1887 1886//1886
f 1863//1863 1886//1886 1885//1885
f 1862//1862 1885//1885 1884//1884
f 1861//1861 1884//1884 1883//1883
f 1860//1860 1883//1883 1729//1729
f 1727//1727 1731//1731 1882//1882
f 1859//1859 1882//1882 1881//1881
f 1858//1858 1881//1881 1880//1880
f 1857//1857 1880//1880 1879//1879
f 1856//1856 1879//1879 1878//1878
f 1855//1855 1878//1878 1877//1877
f 1854//1854 1877//1877 1876//1876
f 1853//1853 1876//1876 1875//1875
f 1852//1852 1875//1875 1874//1874
f 1851//1851 1874//1874 1873//1873
f 1850//1850 1873//1873 1872//1872
f 1849//1849 1872//1872 1871//1871
f 1848//1848 1871//1871 1870//1870
f 1847//1847 1870//1870 1869//1869
f 1846//1846 1869//1869 1868//1868
f 1845//1845 1868//1868 1867//1867
f 1844//1844 1867//1867 1866//1866
f 1843//1843 1866//1866 1865//1865
f 1842//1842 1865//1865 1864//1864
f 1841//1841 1864//1864 1863//1863
f 1840//1840 1863//1863 1862//1862
f 1839//1839 1862//1862 1861//1861
f 1838//1838 1861//1861 1860//1860
f 1837//1837 1860//1860 1725//1725
f 1722//1722 1727//1727 1859//1859
f 1836//1836 1859//1859 1858//1858
f 1835//1835 1858//1858 1857//1857
f 1834//1834 1857//1857 1856//1856
f 1833//1833 1856//1856 1855//1855
f 1832//1832 1855//1855 1854//1854
f 1831//1831 1854//1854 1853//1853
f 1830//1830 1853//1853 1852//1852
f 1829//1829 1852//1852 1851//1851
f 1828//1828 1851//1851 1850//1850
f 1827//1827 1850//1850 1849//1849
f 1826//1826 1849//1849 1848//1848
f 1825//1825 1848//1848 1847//1847
f 1824//1824 1847//1847 1846//1846
f 1823//1823 1846//1846 1845//1845
f 1822//1822 1845//1845 1844//1844
f 1821//1821 1844//1844 1843//1843
f 1820//1820 1843//1843 1842//1842
f 1819//1819 1842//1842 1841//1841
f 1818//1818 1841//1841 1840//1840
f 1817//1817 1840//1840 1839//1839
f 1816//1816 1839//1839 1838//1838
f 1815//1815 1838//1838 1837//1837
f 1814//1814 1837//1837 1720//1720
f 1718//1718 1722//1722 1836//1836
f 1813//1813 1836//1836 1835//1835
f 1812//1812 1835//1835 1834//1834
f 1811//1811 1834//1834 1833//1833
f 1810//1810 1833//1833 1832//1832
f 1809//1809 1832//1832 1831//1831
f 1808//1808 1831//1831 1830//1830
f 1807//1807 1830//1830 1829//1829
f 1806//1806 1829//1829 1828//1828
f 1805//1805 1828//1828 1827//1827
f 1804//1804 1827//1827 1826//1826
f 1803//1803 1826//1826 1825//1825
f 1802//1802 1825//1825 1824//1824
f 1801//1801 1824//1824 1823//1823
f 1800//1800 1823//1823 1822//1822
f 1799//1799 1822//1822 1821//1821
f 1798//1798 1821//1821 1820//1820
f 1797//1797 1820//1820 1819//1819
f 1796//1796 1819//1819 1818//1818
f 1795//1795 1818//1818 1817//1817
f 1794//1794 1817//1817 1816//1816
f 1793//1793 1816//1816 1815//1815
f 1792//1792 1815//1815 1814//1814
f 1791//1791 1814//1814 1716//1716
f 1709//1709 1718//1718 1813//1813
f 1790//1790 1813//1813 1812//1812
f 1789//1789 1812//1812 1811//1811
f 1788//1788 1811//1811 1810//1810
f 1787//1787 1810//1810 1809//1809
f 1786//1786 1809//1809 1808//1808
f 1785//1785 1808//1808 1807//1807
f 1784//1784 1807//1807 1806//1806
f 1783//1783 1806//1806 1805//1805
f 1782//1782 1805//1805 1804//1804
f 1780//1780 1804//1804 1803//1803
f 1781//1781 1803//1803 1802//1802
f 1779//1779 1802//1802 1801//1801
f 1778//1778 1801//1801 1800//1800
f 1777//1777 1800//1800 1799//1799
f 1776//1776 1799//1799 1798//1798
f 1775//1775 1798//1798 1797//1797
f 1774//1774 1797//1797 1796//1796
f 1773//1773 1796//1796 1795//1795
f 1772//1772 1795//1795 1794//1794
f 1771//1771 1794//1794 1793//1793
f 1770//1770 1793//1793 1792//1792
f 1769//1769 1792//1792 1791//1791
f 1768//1768 1791//1791 1714//1714
f 1711//1711 1767//1767 1709//1709
f 1704//1704 1712//1712 1790//1790
f 1700//1700 1707//1707 1789//1789
f 1696//1696 1703//1703 1788//1788
f 1693//1693 1698//1698 1787//1787
f 1689//1689 1695//1695 1786//1786
f 1685//1685 1691//1691 1785//1785
f 1681//1681 1687//1687 1784//1784
f 1677//1677 1682//1682 1783//1783
f 1673//1673 1678//1678 1782//1782
f 1670//1670 1675//1675 1780//1780
f 1669//1669 1781//1781 1779//1779
f 1666//1666 1779//1779 1778//1778
f 1663//1663 1664//1664 1778//1778
f 1658//1658 1661//1661 1777//1777
f 1654//1654 1657//1657 1776//1776
f 1651//1651 1653//1653 1775//1775
f 1646//1646 1649//1649 1774//1774
f 1643//1643 1645//1645 1773//1773
f 1639//1639 1641//1641 1772//1772
f 1635//1635 1636//1636 1771//1771
f 1630//1630 1632//1632 1770//1770
f 1627//1627 1629//1629 1769//1769
f 1623//1623 1625//1625 1768//1768
f 1767//1767 2090//2090 2238//2238
f 1708//1708 2238//2238 2239//2239
f 1719//1719 2239//2239 2240//2240
f 1723//1723 2240//2240 2241//2241
f 1726//1726 2241//2241 2242//2242
f 1730//1730 2242//2242 2243//2243
f 1734//1734 2243//2243 2244//2244
f 1738//1738 2244//2244 2245//2245
f 1743//1743 2245//2245 2246//2246
f 1746//1746 2246//2246 2247//2247
f 1750//1750 2247//2247 2248//2248
f 1755//1755 2248//2248 2249//2249
f 1758//1758 2249//2249 2250//2250
f 1762//1762 2250//2250 2251//2251
f 1764//1764 2251//2251 2093//2093
f 2090//2090 2095//2095 2252//2252
f 2239//2239 2238//2238 2252//2252
f 2240//2240 2239//2239 2253//2253
f 2241//2241 2240//2240 2254//2254
f 2242//2242 2241//2241 2255//2255
f 2243//2243 2242//2242 2256//2256
f 2244//2244 2243//2243 2257//2257
f 2245//2245 2244//2244 2258//2258
f 2246//2246 2245//2245 2259//2259
f 2247//2247 2246//2246 2260//2260
f 2248//2248 2247//2247 2261//2261
f 2249//2249 2248//2248 2262//2262
f 2250//2250 2249//2249 2263//2263
f 2251//2251 2250//2250 2264//2264
f 2251//2251 2265//2265 2096//2096
f 2096//2096 2098//2098 2251//2251
f 2095//2095 2100//2100 2266//2266
f 2253//2253 2252//2252 2266//2266
f 2254//2254 2253//2253 2267//2267
f 2255//2255 2254//2254 2268//2268
f 2256//2256 2255//2255 2269//2269
f 2257//2257 2256//2256 2270//2270
f 2258//2258 2257//2257 2271//2271
f 2259//2259 2258//2258 2272//2272
f 2260//2260 2259//2259 2273//2273
f 2261//2261 2260//2260 2274//2274
f 2262//2262 2261//2261 2275//2275
f 2263//2263 2262//2262 2276//2276
f 2264//2264 2263//2263 2277//2277
f 2265//2265 2264//2264 2278//2278
f 2279//2279 2102//2102 2105//2105
f 2105//2105 2265//2265 2279//2279
f 2100//2100 2106//2106 2280//2280
f 2267//2267 2266//2266 2280//2280
f 2268//2268 2267//2267 2281//2281
f 2269//2269 2268//2268 2282//2282
f 2270//2270 2269//2269 2283//2283
f 2271//2271 2270//2270 2284//2284
f 2272//2272 2271//2271 2285//2285
f 2273//2273 2272//2272 2286//2286
f 2274//2274 2273//2273 2287//2287
f 2275//2275 2274//2274 2288//2288
f 2276//2276 2275//2275 2289//2289
f 2277//2277 2276//2276 2290//2290
f 2278//2278 2277//2277 2291//2291
f 2279//2279 2278//2278 2292//2292
f 2293//2293 2109//2109 2111//2111
f 2111//2111 2279//2279 2293//2293
f 2106//2106 2113//2113 2294//2294
f 2281//2281 2280//2280 2294//2294
f 2282//2282 2281//2281 2295//2295
f 2283//2283 2282//2282 2296//2296
f 2284//2284 2283//2283 2297//2297
f 2285//2285 2284//2284 2298//2298
f 2286//2286 2285//2285 2299//2299
f 2287//2287 2286//2286 2300//2300
f 2288//2288 2287//2287 2301//2301
f 2289//2289 2288//2288 2302//2302
f 2290//2290 2289//2289 2303//2303
f 2291//2291 2290//2290 2304//2304
f 2292//2292 2291//2291 2305//2305
f 2293//2293 2292//2292 2306//2306
f 2293//2293 2307//2307 2114//2114
f 2307//2307 2116//2116 2114//2114
f 2294//2294 2113//2113 2118//2118
f 2118//2118 2308//2308 2294//2294
f 2295//2295 2294//2294 2308//2308
f 2296//2296 2295//2295 2309//2309
f 2297//2297 2296//2296 2310//2310
f 2298//2298 2297//2297 2311//2311
f 2299//2299 2298//2298 2312//2312
f 2300//2300 2299//2299 2313//2313
f 2301//2301 2300//2300 2314//2314
f 2302//2302 2301//2301 2315//2315
f 2303//2303 2302//2302 2316//2316
f 2304//2304 2303//2303 2317//2317
f 2305//2305 2304//2304 2318//2318
f 2306//2306 2305//2305 2319//2319
f 2307//2307 2306//2306 2320//2320
f 2307//2307 2321//2321 2121//2121
f 2321//2321 2122//2122 2121//2121
f 2125//2125 2126//2126 2322//2322
f 2309//2309 2308//2308 2322//2322
f 2310//2310 2309//2309 2323//2323
f 2311//2311 2310//2310 2324//2324
f 2312//2312 2311//2311 2325//2325
f 2313//2313 2312//2312 2326//2326
f 2314//2314 2313//2313 2327//2327
f 2315//2315 2314//2314 2328//2328
f 2316//2316 2315//2315 2329//2329
f 2317//2317 2316//2316 2330//2330
f 2318//2318 2317//2317 2331//2331
f 2319//2319 2318//2318 2332//2332
f 2320//2320 2319//2319 2333//2333
f 2321//2321 2320//2320 2334//2334
f 2321//2321 2335//2335 2128//2128
f 2335//2335 2130//2130 2128//2128
f 2126//2126 2132//2132 2336//2336
f 2323//2323 2322//2322 2336//2336
f 2324//2324 2323//2323 2337//2337
f 2325//2325 2324//2324 2338//2338
f 2326//2326 2325//2325 2339//2339
f 2327//2327 2326//2326 2340//2340
f 2328//2328 2327//2327 2341//2341
f 2329//2329 2328//2328 2342//2342
f 2330//2330 2329//2329 2343//2343
f 2331//2331 2330//2330 2344//2344
f 2332//2332 2331//2331 2345//2345
f 2333//2333 2332//2332 2346//2346
f 2334//2334 2333//2333 2347//2347
f 2335//2335 2334//2334 2348//2348
f 2335//2335 2349//2349 2135//2135
f 2132//2132 2137//2137 2350//2350
f 2337//2337 2336//2336 2350//2350
f 2338//2338 2337//2337 2351//2351
f 2339//2339 2338//2338 2352//2352
f 2340//2340 2339//2339 2353//2353
f 2341//2341 2340//2340 2354//2354
f 2342//2342 2341//2341 2355//2355
f 2343//2343 2342//2342 2356//2356
f 2344//2344 2343//2343 2357//2357
f 2345//2345 2344//2344 2358//2358
f 2346//2346 2345//2345 2359//2359
f 2347//2347 2346//2346 2360//2360
f 2348//2348 2347//2347 2361//2361
f 2349//2349 2348//2348 2362//2362
f 2363//2363 2139//2139 2141//2141
f 2141//2141 2349//2349 2363//2363
f 2137//2137 2143//2143 2364//2364
f 2351//2351 2350//2350 2364//2364
f 2352//2352 2351//2351 2365//2365
f 2353//2353 2352//2352 2366//2366
f 2354//2354 2353//2353 2367//2367
f 2355//2355 2354//2354 2368//2368
f 2356//2356 2355//2355 2369//2369
f 2357//2357 2356//2356 2370//2370
f 2358//2358 2357//2357 2371//2371
f 2359//2359 2358//2358 2372//2372
f 2360//2360 2359//2359 2373//2373
f 2361//2361 2360//2360 2374//2374
f 2362//2362 2361//2361 2375//2375
f 2363//2363 2362//2362 2376//2376
f 2377//2377 2144//2144 2147//2147
f 2147//2147 2363//2363 2377//2377
f 2373//2373 2372//2372 2378//2378
f 2374//2374 2373//2373 2379//2379
f 2375//2375 2374//2374 2380//2380
f 2376//2376 2375//2375 2381//2381
f 2377//2377 2376//2376 2382//2382
f 2383//2383 2149//2149 2150//2150
f 2150//2150 2377//2377 2383//2383
f 2382//2382 2381//2381 2384//2384
f 2383//2383 2382//2382 2385//2385
f 2383//2383 2386//2386 2152//2152
f 2143//2143 2154//2154 2156//2156
f 2143//2143 2158//2158 2154//2154
f 2364//2364 2161//2161 2163//2163
f 2364//2364 2156//2156 2161//2161
f 2365//2365 2165//2165 2167//2167
f 2365//2365 2163//2163 2165//2165
f 2167//2167 2366//2366 2365//2365
f 2367//2367 2366//2366 2169//2169
f 2366//2366 2171//2171 2169//2169
f 2368//2368 2174//2174 2176//2176
f 2367//2367 2177//2177 2174//2174
f 2174//2174 2368//2368 2367//2367
f 2369//2369 2180//2180 2182//2182
f 2368//2368 2184//2184 2180//2180
f 2180//2180 2369//2369 2368//2368
f 2370//2370 2369//2369 2186//2186
f 2186//2186 2187//2187 2370//2370
f 2371//2371 2190//2190 2192//2192
f 2371//2371 2370//2370 2193//2193
f 2193//2193 2190//2190 2371//2371
f 2372//2372 2371//2371 2196//2196
f 2196//2196 2197//2197 2372//2372
f 2378//2378 2199//2199 2201//2201
f 2378//2378 2197//2197 2199//2199
f 2379//2379 2378//2378 2204//2204
f 2204//2204 2206//2206 2379//2379
f 2380//2380 2379//2379 2207//2207
f 2207//2207 2210//2210 2380//2380
f 2381//2381 2380//2380 2212//2212
f 2212//2212 2384//2384 2381//2381
f 2384//2384 2214//2214 2216//2216
f 2385//2385 2384//2384 2217//2217
f 2217//2217 2220//2220 2385//2385
f 2386//2386 2385//2385 2222//2222
f 2224//2224 2226//2226 2228//2228
f 2228//2228 2386//2386 2224//2224
f 2224//2224 2229//2229 2226//2226
f 2229//2229 2232//2232 2233//2233
f 2233//2233 2226//2226 2229//2229
f 2232//2232 2235//2235 2233//2233
f 2228//2228 2152//2152 2386//2386
f 2222//2222 2224//2224 2386//2386
f 2220//2220 2222//2222 2385//2385
f 2216//2216 2217//2217 2384//2384
f 2212//2212 2214//2214 2384//2384
f 2210//2210 2212//2212 2380//2380
f 2206//2206 2207//2207 2379//2379
f 2201//2201 2204//2204 2378//2378
f 2197//2197 2378//2378 2372//2372
f 2192//2192 2196//2196 2371//2371
f 2187//2187 2193//2193 2370//2370
f 2182//2182 2186//2186 2369//2369
f 2176//2176 2184//2184 2368//2368
f 2169//2169 2177//2177 2367//2367
f 2167//2167 2171//2171 2366//2366
f 2163//2163 2365//2365 2364//2364
f 2156//2156 2364//2364 2143//2143
f 2152//2152 2149//2149 2383//2383
f 2385//2385 2386//2386 2383//2383
f 2384//2384 2385//2385 2382//2382
f 2150//2150 2144//2144 2377//2377
f 2382//2382 2383//2383 2377//2377
f 2381//2381 2382//2382 2376//2376
f 2380//2380 2381//2381 2375//2375
f 2379//2379 2380//2380 2374//2374
f 2378//2378 2379//2379 2373//2373
f 2147//2147 2139//2139 2363//2363
f 2376//2376 2377//2377 2363//2363
f 2375//2375 2376//2376 2362//2362
f 2374//2374 2375//2375 2361//2361
f 2373//2373 2374//2374 2360//2360
f 2372//2372 2373//2373 2359//2359
f 2371//2371 2372//2372 2358//2358
f 2370//2370 2371//2371 2357//2357
f 2369//2369 2370//2370 2356//2356
f 2368//2368 2369//2369 2355//2355
f 2367//2367 2368//2368 2354//2354
f 2366//2366 2367//2367 2353//2353
f 2365//2365 2366//2366 2352//2352
f 2364//2364 2365//2365 2351//2351
f 2364//2364 2350//2350 2137//2137
f 2141//2141 2135//2135 2349//2349
f 2362//2362 2363//2363 2349//2349
f 2361//2361 2362//2362 2348//2348
f 2360//2360 2361//2361 2347//2347
f 2359//2359 2360//2360 2346//2346
f 2358//2358 2359//2359 2345//2345
f 2357//2357 2358//2358 2344//2344
f 2356//2356 2357//2357 2343//2343
f 2355//2355 2356//2356 2342//2342
f 2354//2354 2355//2355 2341//2341
f 2353//2353 2354//2354 2340//2340
f 2352//2352 2353//2353 2339//2339
f 2351//2351 2352//2352 2338//2338
f 2350//2350 2351//2351 2337//2337
f 2350//2350 2336//2336 2132//2132
f 2135//2135 2130//2130 2335//2335
f 2348//2348 2349//2349 2335//2335
f 2347//2347 2348//2348 2334//2334
f 2346//2346 2347//2347 2333//2333
f 2345//2345 2346//2346 2332//2332
f 2344//2344 2345//2345 2331//2331
f 2343//2343 2344//2344 2330//2330
f 2342//2342 2343//2343 2329//2329
f 2341//2341 2342//2342 2328//2328
f 2340//2340 2341//2341 2327//2327
f 2339//2339 2340//2340 2326//2326
f 2338//2338 2339//2339 2325//2325
f 2337//2337 2338//2338 2324//2324
f 2336//2336 2337//2337 2323//2323
f 2336//2336 2322//2322 2126//2126
f 2128//2128 2122//2122 2321//2321
f 2334//2334 2335//2335 2321//2321
f 2333//2333 2334//2334 2320//2320
f 2332//2332 2333//2333 2319//2319
f 2331//2331 2332//2332 2318//2318
f 2330//2330 2331//2331 2317//2317
f 2329//2329 2330//2330 2316//2316
f 2328//2328 2329//2329 2315//2315
f 2327//2327 2328//2328 2314//2314
f 2326//2326 2327//2327 2313//2313
f 2325//2325 2326//2326 2312//2312
f 2324//2324 2325//2325 2311//2311
f 2323//2323 2324//2324 2310//2310
f 2322//2322 2323//2323 2309//2309
f 2322//2322 2308//2308 2125//2125
f 2121//2121 2116//2116 2307//2307
f 2320//2320 2321//2321 2307//2307
f 2319//2319 2320//2320 2306//2306
f 2318//2318 2319//2319 2305//2305
f 2317//2317 2318//2318 2304//2304
f 2316//2316 2317//2317 2303//2303
f 2315//2315 2316//2316 2302//2302
f 2314//2314 2315//2315 2301//2301
f 2313//2313 2314//2314 2300//2300
f 2312//2312 2313//2313 2299//2299
f 2311//2311 2312//2312 2298//2298
f 2310//2310 2311//2311 2297//2297
f 2309//2309 2310//2310 2296//2296
f 2308//2308 2309//2309 2295//2295
f 2118//2118 2125//2125 2308//2308
f 2114//2114 2109//2109 2293//2293
f 2306//2306 2307//2307 2293//2293
f 2305//2305 2306//2306 2292//2292
f 2304//2304 2305//2305 2291//2291
f 2303//2303 2304//2304 2290//2290
f 2302//2302 2303//2303 2289//2289
f 2301//2301 2302//2302 2288//2288
f 2300//2300 2301//2301 2287//2287
f 2299//2299 2300//2300 2286//2286
f 2298//2298 2299//2299 2285//2285
f 2297//2297 2298//2298 2284//2284
f 2296//2296 2297//2297 2283//2283
f 2295//2295 2296//2296 2282//2282
f 2294//2294 2295//2295 2281//2281
f 2294//2294 2280//2280 2106//2106
f 2111//2111 2102//2102 2279//2279
f 2292//2292 2293//2293 2279//2279
f 2291//2291 2292//2292 2278//2278
f 2290//2290 2291//2291 2277//2277
f 2289//2289 2290//2290 2276//2276
f 2288//2288 2289//2289 2275//2275
f 2287//2287 2288//2288 2274//2274
f 2286//2286 2287//2287 2273//2273
f 2285//2285 2286//2286 2272//2272
f 2284//2284 2285//2285 2271//2271
f 2283//2283 2284//2284 2270//2270
f 2282//2282 2283//2283 2269//2269
f 2281//2281 2282//2282 2268//2268
f 2280//2280 2281//2281 2267//2267
f 2280//2280 2266//2266 2100//2100
f 2105//2105 2096//2096 2265//2265
f 2278//2278 2279//2279 2265//2265
f 2277//2277 2278//2278 2264//2264
f 2276//2276 2277//2277 2263//2263
f 2275//2275 2276//2276 2262//2262
f 2274//2274 2275//2275 2261//2261
f 2273//2273 2274//2274 2260//2260
f 2272//2272 2273//2273 2259//2259
f 2271//2271 2272//2272 2258//2258
f 2270//2270 2271//2271 2257//2257
f 2269//2269 2270//2270 2256//2256
f 2268//2268 2269//2269 2255//2255
f 2267//2267 2268//2268 2254//2254
f 2266//2266 2267//2267 2253//2253
f 2266//2266 2252//2252 2095//2095
f 2098//2098 2093//2093 2251//2251
f 2264//2264 2265//2265 2251//2251
f 2263//2263 2264//2264 2250//2250
f 2262//2262 2263//2263 2249//2249
f 2261//2261 2262//2262 2248//2248
f 2260//2260 2261//2261 2247//2247
f 2259//2259 2260//2260 2246//2246
f 2258//2258 2259//2259 2245//2245
f 2257//2257 2258//2258 2244//2244
f 2256//2256 2257//2257 2243//2243
f 2255//2255 2256//2256 2242//2242
f 2254//2254 2255//2255 2241//2241
f 2253//2253 2254//2254 2240//2240
f 2252//2252 2253//2253 2239//2239
f 2252//2252 2238//2238 2090//2090
f 2093//2093 1594//1594 1764//1764
f 2251//2251 1764//1764 1762//1762
f 2250//2250 1762//1762 1758//1758
f 2249//2249 1758//1758 1755//1755
f 2248//2248 1755//1755 1750//1750
f 2247//2247 1750//1750 1746//1746
f 2246//2246 1746//1746 1743//1743
f 2245//2245 1743//1743 1738//1738
f 2244//2244 1738//1738 1734//1734
f 2243//2243 1734//1734 1730//1730
f 2242//2242 1730//1730 1726//1726
f 2241//2241 1726//1726 1723//1723
f 2240//2240 1723//1723 1719//1719
f 2239//2239 1719//1719 1708//1708
f 2238//2238 1708//1708 1767//1767
f 1760//1760 1576//1576 2387//2387
f 1756//1756 1760//1760 2537//2537
f 1752//1752 1756//1756 2538//2538
f 1748//1748 1752//1752 2539//2539
f 1745//1745 1748//1748 2540//2540
f 1740//1740 1745//1745 2541//2541
f 1736//1736 1740//1740 2542//2542
f 1733//1733 1736//1736 2543//2543
f 1728//1728 1733//1733 2544//2544
f 1724//1724 1728//1728 2545//2545
f 1721//1721 1724//1724 2546//2546
f 1717//1717 1721//1721 2547//2547
f 1715//1715 1717//1717 2548//2548
f 1617//1617 1715//1715 2549//2549
f 1621//1621 1617//1617 2550//2550
f 2537//2537 2389//2389 2391//2391
f 2537//2537 2387//2387 2389//2389
f 2538//2538 2537//2537 2551//2551
f 2539//2539 2538//2538 2552//2552
f 2540//2540 2539//2539 2553//2553
f 2541//2541 2540//2540 2554//2554
f 2542//2542 2541//2541 2555//2555
f 2543//2543 2542//2542 2556//2556
f 2544//2544 2543//2543 2557//2557
f 2545//2545 2544//2544 2558//2558
f 2546//2546 2545//2545 2559//2559
f 2547//2547 2546//2546 2560//2560
f 2548//2548 2547//2547 2561//2561
f 2549//2549 2548//2548 2562//2562
f 2550//2550 2549//2549 2563//2563
f 2394//2394 2550//2550 2564//2564
f 2565//2565 2551//2551 2395//2395
f 2551//2551 2391//2391 2395//2395
f 2552//2552 2551//2551 2565//2565
f 2553//2553 2552//2552 2566//2566
f 2554//2554 2553//2553 2567//2567
f 2555//2555 2554//2554 2568//2568
f 2556//2556 2555//2555 2569//2569
f 2557//2557 2556//2556 2570//2570
f 2558//2558 2557//2557 2571//2571
f 2559//2559 2558//2558 2572//2572
f 2560//2560 2559//2559 2573//2573
f 2561//2561 2560//2560 2574//2574
f 2562//2562 2561//2561 2575//2575
f 2563//2563 2562//2562 2576//2576
f 2564//2564 2563//2563 2577//2577
f 2398//2398 2564//2564 2578//2578
f 2579//2579 2565//2565 2399//2399
f 2565//2565 2401//2401 2399//2399
f 2566//2566 2565//2565 2579//2579
f 2567//2567 2566//2566 2580//2580
f 2568//2568 2567//2567 2581//2581
f 2569//2569 2568//2568 2582//2582
f 2570//2570 2569//2569 2583//2583
f 2571//2571 2570//2570 2584//2584
f 2572//2572 2571//2571 2585//2585
f 2573//2573 2572//2572 2586//2586
f 2574//2574 2573//2573 2587//2587
f 2575//2575 2574//2574 2588//2588
f 2576//2576 2575//2575 2589//2589
f 2577//2577 2576//2576 2590//2590
f 2578//2578 2577//2577 2591//2591
f 2404//2404 2578//2578 2592//2592
f 2579//2579 2405//2405 2407//2407
f 2407//2407 2593//2593 2579//2579
f 2580//2580 2579//2579 2593//2593
f 2581//2581 2580//2580 2594//2594
f 2582//2582 2581//2581 2595//2595
f 2583//2583 2582//2582 2596//2596
f 2584//2584 2583//2583 2597//2597
f 2585//2585 2584//2584 2598//2598
f 2586//2586 2585//2585 2599//2599
f 2587//2587 2586//2586 2600//2600
f 2588//2588 2587//2587 2601//2601
f 2589//2589 2588//2588 2602//2602
f 2590//2590 2589//2589 2603//2603
f 2591//2591 2590//2590 2604//2604
f 2592//2592 2591//2591 2605//2605
f 2409//2409 2592//2592 2606//2606
f 2593//2593 2411//2411 2414//2414
f 2414//2414 2607//2607 2593//2593
f 2594//2594 2593//2593 2607//2607
f 2595//2595 2594//2594 2608//2608
f 2596//2596 2595//2595 2609//2609
f 2597//2597 2596//2596 2610//2610
f 2598//2598 2597//2597 2611//2611
f 2599//2599 2598//2598 2612//2612
f 2600//2600 2599//2599 2613//2613
f 2601//2601 2600//2600 2614//2614
f 2602//2602 2601//2601 2615//2615
f 2603//2603 2602//2602 2616//2616
f 2604//2604 2603//2603 2617//2617
f 2605//2605 2604//2604 2618//2618
f 2606//2606 2605//2605 2619//2619
f 2606//2606 2620//2620 2416//2416
f 2620//2620 2418//2418 2416//2416
f 2607//2607 2419//2419 2422//2422
f 2422//2422 2621//2621 2607//2607
f 2608//2608 2607//2607 2621//2621
f 2609//2609 2608//2608 2622//2622
f 2610//2610 2609//2609 2623//2623
f 2611//2611 2610//2610 2624//2624
f 2612//2612 2611//2611 2625//2625
f 2613//2613 2612//2612 2626//2626
f 2614//2614 2613//2613 2627//2627
f 2615//2615 2614//2614 2628//2628
f 2616//2616 2615//2615 2629//2629
f 2617//2617 2616//2616 2630//2630
f 2618//2618 2617//2617 2631//2631
f 2619//2619 2618//2618 2632//2632
f 2620//2620 2619//2619 2633//2633
f 2418//2418 2620//2620 2634//2634
f 2621//2621 2423//2423 2426//2426
f 2622//2622 2621//2621 2635//2635
f 2623//2623 2622//2622 2636//2636
f 2624//2624 2623//2623 2637//2637
f 2625//2625 2624//2624 2638//2638
f 2626//2626 2625//2625 2639//2639
f 2627//2627 2626//2626 2640//2640
f 2628//2628 2627//2627 2641//2641
f 2629//2629 2628//2628 2642//2642
f 2630//2630 2629//2629 2643//2643
f 2631//2631 2630//2630 2644//2644
f 2632//2632 2631//2631 2645//2645
f 2633//2633 2632//2632 2646//2646
f 2634//2634 2633//2633 2647//2647
f 2427//2427 2634//2634 2648//2648
f 2649//2649 2635//2635 2429//2429
f 2635//2635 2426//2426 2429//2429
f 2636//2636 2635//2635 2649//2649
f 2637//2637 2636//2636 2650//2650
f 2638//2638 2637//2637 2651//2651
f 2639//2639 2638//2638 2652//2652
f 2640//2640 2639//2639 2653//2653
f 2641//2641 2640//2640 2654//2654
f 2642//2642 2641//2641 2655//2655
f 2643//2643 2642//2642 2656//2656
f 2644//2644 2643//2643 2657//2657
f 2645//2645 2644//2644 2658//2658
f 2646//2646 2645//2645 2659//2659
f 2647//2647 2646//2646 2660//2660
f 2648//2648 2647//2647 2661//2661
f 2432//2432 2648//2648 2662//2662
f 2663//2663 2649//2649 2434//2434
f 2649//2649 2435//2435 2434//2434
f 2650//2650 2649//2649 2663//2663
f 2651//2651 2650//2650 2664//2664
f 2652//2652 2651//2651 2665//2665
f 2653//2653 2652//2652 2666//2666
f 2654//2654 2653//2653 2667//2667
f 2655//2655 2654//2654 2668//2668
f 2656//2656 2655//2655 2669//2669
f 2657//2657 2656//2656 2670//2670
f 2658//2658 2657//2657 2671//2671
f 2659//2659 2658//2658 2672//2672
f 2660//2660 2659//2659 2673//2673
f 2661//2661 2660//2660 2674//2674
f 2662//2662 2661//2661 2675//2675
f 2438//2438 2662//2662 2676//2676
f 2677//2677 2663//2663 2439//2439
f 2663//2663 2442//2442 2439//2439
f 2664//2664 2663//2663 2677//2677
f 2665//2665 2664//2664 2678//2678
f 2666//2666 2665//2665 2679//2679
f 2667//2667 2666//2666 2680//2680
f 2668//2668 2667//2667 2681//2681
f 2677//2677 2444//2444 2445//2445
f 2678//2678 2677//2677 2682//2682
f 2679//2679 2678//2678 2683//2683
f 2447//2447 2449//2449 2452//2452
f 2452//2452 2455//2455 2457//2457
f 2458//2458 2682//2682 2460//2460
f 2449//2449 2447//2447 2458//2458
f 2682//2682 2445//2445 2460//2460
f 2682//2682 2458//2458 2462//2462
f 2683//2683 2465//2465 2467//2467
f 2683//2683 2469//2469 2465//2465
f 2683//2683 2462//2462 2469//2469
f 2684//2684 2467//2467 2471//2471
f 2679//2679 2684//2684 2473//2473
f 2684//2684 2475//2475 2473//2473
f 2680//2680 2476//2476 2478//2478
f 2680//2680 2473//2473 2476//2476
f 2681//2681 2480//2480 2482//2482
f 2681//2681 2484//2484 2480//2480
f 2681//2681 2478//2478 2484//2484
f 2685//2685 2482//2482 2487//2487
f 2668//2668 2489//2489 2490//2490
f 2668//2668 2685//2685 2492//2492
f 2492//2492 2489//2489 2668//2668
f 2669//2669 2494//2494 2496//2496
f 2669//2669 2490//2490 2494//2494
f 2670//2670 2499//2499 2501//2501
f 2670//2670 2502//2502 2499//2499
f 2670//2670 2496//2496 2502//2502
f 2671//2671 2505//2505 2506//2506
f 2671//2671 2501//2501 2505//2505
f 2672//2672 2509//2509 2511//2511
f 2672//2672 2506//2506 2513//2513
f 2513//2513 2509//2509 2672//2672
f 2673//2673 2511//2511 2515//2515
f 2515//2515 2674//2674 2673//2673
f 2675//2675 2517//2517 2518//2518
f 2674//2674 2520//2520 2517//2517
f 2517//2517 2675//2675 2674//2674
f 2676//2676 2675//2675 2523//2523
f 2523//2523 2525//2525 2676//2676
f 2527//2527 2676//2676 2529//2529
f 2529//2529 2530//2530 2527//2527
f 2530//2530 2533//2533 2527//2527
f 2525//2525 2529//2529 2676//2676
f 2518//2518 2523//2523 2675//2675
f 2515//2515 2520//2520 2674//2674
f 2511//2511 2673//2673 2672//2672
f 2506//2506 2672//2672 2671//2671
f 2501//2501 2671//2671 2670//2670
f 2496//2496 2670//2670 2669//2669
f 2490//2490 2669//2669 2668//2668
f 2487//2487 2492//2492 2685//2685
f 2482//2482 2685//2685 2681//2681
f 2478//2478 2681//2681 2680//2680
f 2473//2473 2680//2680 2679//2679
f 2471//2471 2475//2475 2684//2684
f 2467//2467 2684//2684 2683//2683
f 2462//2462 2683//2683 2682//2682
f 2460//2460 2449//2449 2458//2458
f 2452//2452 2457//2457 2447//2447
f 2683//2683 2684//2684 2679//2679
f 2682//2682 2683//2683 2678//2678
f 2445//2445 2682//2682 2677//2677
f 2681//2681 2685//2685 2668//2668
f 2680//2680 2681//2681 2667//2667
f 2679//2679 2680//2680 2666//2666
f 2678//2678 2679//2679 2665//2665
f 2677//2677 2678//2678 2664//2664
f 2439//2439 2444//2444 2677//2677
f 2676//2676 2527//2527 2438//2438
f 2675//2675 2676//2676 2662//2662
f 2674//2674 2675//2675 2661//2661
f 2673//2673 2674//2674 2660//2660
f 2672//2672 2673//2673 2659//2659
f 2671//2671 2672//2672 2658//2658
f 2670//2670 2671//2671 2657//2657
f 2669//2669 2670//2670 2656//2656
f 2668//2668 2669//2669 2655//2655
f 2667//2667 2668//2668 2654//2654
f 2666//2666 2667//2667 2653//2653
f 2665//2665 2666//2666 2652//2652
f 2664//2664 2665//2665 2651//2651
f 2663//2663 2664//2664 2650//2650
f 2434//2434 2442//2442 2663//2663
f 2662//2662 2438//2438 2432//2432
f 2661//2661 2662//2662 2648//2648
f 2660//2660 2661//2661 2647//2647
f 2659//2659 2660//2660 2646//2646
f 2658//2658 2659//2659 2645//2645
f 2657//2657 2658//2658 2644//2644
f 2656//2656 2657//2657 2643//2643
f 2655//2655 2656//2656 2642//2642
f 2654//2654 2655//2655 2641//2641
f 2653//2653 2654//2654 2640//2640
f 2652//2652 2653//2653 2639//2639
f 2651//2651 2652//2652 2638//2638
f 2650//2650 2651//2651 2637//2637
f 2649//2649 2650//2650 2636//2636
f 2429//2429 2435//2435 2649//2649
f 2648//2648 2432//2432 2427//2427
f 2647//2647 2648//2648 2634//2634
f 2646//2646 2647//2647 2633//2633
f 2645//2645 2646//2646 2632//2632
f 2644//2644 2645//2645 2631//2631
f 2643//2643 2644//2644 2630//2630
f 2642//2642 2643//2643 2629//2629
f 2641//2641 2642//2642 2628//2628
f 2640//2640 2641//2641 2627//2627
f 2639//2639 2640//2640 2626//2626
f 2638//2638 2639//2639 2625//2625
f 2637//2637 2638//2638 2624//2624
f 2636//2636 2637//2637 2623//2623
f 2635//2635 2636//2636 2622//2622
f 2426//2426 2635//2635 2621//2621
f 2634//2634 2427//2427 2418//2418
f 2633//2633 2634//2634 2620//2620
f 2632//2632 2633//2633 2619//2619
f 2631//2631 2632//2632 2618//2618
f 2630//2630 2631//2631 2617//2617
f 2629//2629 2630//2630 2616//2616
f 2628//2628 2629//2629 2615//2615
f 2627//2627 2628//2628 2614//2614
f 2626//2626 2627//2627 2613//2613
f 2625//2625 2626//2626 2612//2612
f 2624//2624 2625//2625 2611//2611
f 2623//2623 2624//2624 2610//2610
f 2622//2622 2623//2623 2609//2609
f 2621//2621 2622//2622 2608//2608
f 2422//2422 2423//2423 2621//2621
f 2416//2416 2535//2535 2606//2606
f 2619//2619 2620//2620 2606//2606
f 2618//2618 2619//2619 2605//2605
f 2617//2617 2618//2618 2604//2604
f 2616//2616 2617//2617 2603//2603
f 2615//2615 2616//2616 2602//2602
f 2614//2614 2615//2615 2601//2601
f 2613//2613 2614//2614 2600//2600
f 2612//2612 2613//2613 2599//2599
f 2611//2611 2612//2612 2598//2598
f 2610//2610 2611//2611 2597//2597
f 2609//2609 2610//2610 2596//2596
f 2608//2608 2609//2609 2595//2595
f 2607//2607 2608//2608 2594//2594
f 2414//2414 2419//2419 2607//2607
f 2606//2606 2535//2535 2409//2409
f 2605//2605 2606//2606 2592//2592
f 2604//2604 2605//2605 2591//2591
f 2603//2603 2604//2604 2590//2590
f 2602//2602 2603//2603 2589//2589
f 2601//2601 2602//2602 2588//2588
f 2600//2600 2601//2601 2587//2587
f 2599//2599 2600//2600 2586//2586
f 2598//2598 2599//2599 2585//2585
f 2597//2597 2598//2598 2584//2584
f 2596//2596 2597//2597 2583//2583
f 2595//2595 2596//2596 2582//2582
f 2594//2594 2595//2595 2581//2581
f 2593//2593 2594//2594 2580//2580
f 2407//2407 2411//2411 2593//2593
f 2592//2592 2409//2409 2404//2404
f 2591//2591 2592//2592 2578//2578
f 2590//2590 2591//2591 2577//2577
f 2589//2589 2590//2590 2576//2576
f 2588//2588 2589//2589 2575//2575
f 2587//2587 2588//2588 2574//2574
f 2586//2586 2587//2587 2573//2573
f 2585//2585 2586//2586 2572//2572
f 2584//2584 2585//2585 2571//2571
f 2583//2583 2584//2584 2570//2570
f 2582//2582 2583//2583 2569//2569
f 2581//2581 2582//2582 2568//2568
f 2580//2580 2581//2581 2567//2567
f 2579//2579 2580//2580 2566//2566
f 2399//2399 2405//2405 2579//2579
f 2578//2578 2404//2404 2398//2398
f 2577//2577 2578//2578 2564//2564
f 2576//2576 2577//2577 2563//2563
f 2575//2575 2576//2576 2562//2562
f 2574//2574 2575//2575 2561//2561
f 2573//2573 2574//2574 2560//2560
f 2572//2572 2573//2573 2559//2559
f 2571//2571 2572//2572 2558//2558
f 2570//2570 2571//2571 2557//2557
f 2569//2569 2570//2570 2556//2556
f 2568//2568 2569//2569 2555//2555
f 2567//2567 2568//2568 2554//2554
f 2566//2566 2567//2567 2553//2553
f 2565//2565 2566//2566 2552//2552
f 2395//2395 2401//2401 2565//2565
f 2564//2564 2398//2398 2394//2394
f 2563//2563 2564//2564 2550//2550
f 2562//2562 2563//2563 2549//2549
f 2561//2561 2562//2562 2548//2548
f 2560//2560 2561//2561 2547//2547
f 2559//2559 2560//2560 2546//2546
f 2558//2558 2559//2559 2545//2545
f 2557//2557 2558//2558 2544//2544
f 2556//2556 2557//2557 2543//2543
f 2555//2555 2556//2556 2542//2542
f 2554//2554 2555//2555 2541//2541
f 2553//2553 2554//2554 2540//2540
f 2552//2552 2553//2553 2539//2539
f 2551//2551 2552//2552 2538//2538
f 2391//2391 2551//2551 2537//2537
f 2550//2550 2394//2394 1621//1621
f 2549//2549 2550//2550 1617//1617
f 2548//2548 2549//2549 1715//1715
f 2547//2547 2548//2548 1717//1717
f 2546//2546 2547//2547 1721//1721
f 2545//2545 2546//2546 1724//1724
f 2544//2544 2545//2545 1728//1728
f 2543//2543 2544//2544 1733//1733
f 2542//2542 2543//2543 1736//1736
f 2541//2541 2542//2542 1740//1740
f 2540//2540 2541//2541 1745//1745
f 2539//2539 2540//2540 1748//1748
f 2538//2538 2539//2539 1752//1752
f 2537//2537 2538//2538 1756//1756
f 2387//2387 2537//2537 1760//1760
f 2092//2092 2388//2388 1573//1573
f 1573//1573 1592//1592 2092//2092
f 2099//2099 2390//2390 2388//2388
f 2097//2097 2392//2392 2390//2390
f 2097//2097 2396//2396 2392//2392
f 2390//2390 2099//2099 2097//2097
f 2402//2402 2396//2396 2104//2104
f 2103//2103 2400//2400 2402//2402
f 2104//2104 2103//2103 2402//2402
f 2406//2406 2400//2400 2110//2110
f 2110//2110 2108//2108 2406//2406
f 2115//2115 2408//2408 2406//2406
f 2117//2117 2412//2412 2408//2408
f 2117//2117 2413//2413 2412//2412
f 2408//2408 2115//2115 2117//2117
f 2123//2123 2420//2420 2413//2413
f 2123//2123 2421//2421 2420//2420
f 2413//2413 2120//2120 2123//2123
f 2131//2131 2424//2424 2421//2421
f 2131//2131 2425//2425 2424//2424
f 2421//2421 2129//2129 2131//2131
f 2131//2131 2134//2134 2425//2425
f 2140//2140 2430//2430 2425//2425
f 2138//2138 2436//2436 2430//2430
f 2138//2138 2433//2433 2436//2436
f 2430//2430 2140//2140 2138//2138
f 2145//2145 2441//2441 2433//2433
f 2145//2145 2440//2440 2441//2441
f 2433//2433 2146//2146 2145//2145
f 2443//2443 2440//2440 2151//2151
f 2148//2148 2446//2446 2443//2443
f 2151//2151 2148//2148 2443//2443
f 2148//2148 2153//2153 2446//2446
f 2227//2227 2461//2461 2446//2446
f 2225//2225 2450//2450 2461//2461
f 2225//2225 2451//2451 2450//2450
f 2461//2461 2227//2227 2225//2225
f 2453//2453 2236//2236 2687//2687
f 2453//2453 2234//2234 2236//2236
f 2687//2687 2689//2689 2453//2453
f 2687//2687 2690//2690 2692//2692
f 2690//2690 2687//2687 2694//2694
f 2694//2694 2697//2697 2690//2690
f 2694//2694 2698//2698 2697//2697
f 2698//2698 2700//2700 2697//2697
f 2700//2700 2703//2703 2704//2704
f 2703//2703 2700//2700 2707//2707
f 2707//2707 2709//2709 2703//2703
f 2707//2707 2711//2711 2709//2709
f 2711//2711 2713//2713 2709//2709
f 2713//2713 2714//2714 2716//2716
f 2721//2721 2723//2723 2725//2725
f 2714//2714 2713//2713 2723//2723
f 2723//2723 2721//2721 2714//2714
f 2725//2725 2727//2727 2721//2721
f 2716//2716 2709//2709 2713//2713
f 2704//2704 2697//2697 2700//2700
f 2692//2692 2689//2689 2687//2687
f 2453//2453 2451//2451 2234//2234
f 2225//2225 2234//2234 2451//2451
f 2153//2153 2227//2227 2446//2446
f 2145//2145 2151//2151 2440//2440
f 2138//2138 2146//2146 2433//2433
f 2134//2134 2140//2140 2425//2425
f 2123//2123 2129//2129 2421//2421
f 2117//2117 2120//2120 2413//2413
f 2108//2108 2115//2115 2406//2406
f 2103//2103 2110//2110 2400//2400
f 2097//2097 2104//2104 2396//2396
f 2092//2092 2099//2099 2388//2388
f 982//982 980//980 2731//2731
f 980//980 2732//2732 2731//2731
f 1003//1003 982//982 2734//2734
f 982//982 2737//2737 2734//2734
f 1006//1006 1003//1003 2738//2738
f 1003//1003 2740//2740 2738//2738
f 1056//1056 1006//1006 2742//2742
f 1006//1006 2744//2744 2742//2742
f 1057//1057 1056//1056 2746//2746
f 1056//1056 2748//2748 2746//2746
f 861//861 1057//1057 2751//2751
f 1057//1057 2753//2753 2751//2751
f 864//864 861//861 2754//2754
f 861//861 2757//2757 2754//2754
f 866//866 864//864 2759//2759
f 864//864 2761//2761 2759//2759
f 875//875 866//866 2763//2763
f 866//866 2765//2765 2763//2763
f 882//882 875//875 2767//2767
f 875//875 2769//2769 2767//2767
f 882//882 2770//2770 2772//2772
f 2772//2772 771//771 882//882
f 771//771 2774//2774 2776//2776
f 2776//2776 959//959 771//771
f 959//959 2778//2778 2780//2780
f 2780//2780 961//961 959//959
f 961//961 2782//2782 2784//2784
f 2784//2784 989//989 961//961
f 989//989 2787//2787 2789//2789
f 2789//2789 991//991 989//989
f 991//991 2791//2791 2793//2793
f 2793//2793 1013//1013 991//991
f 1013//1013 2795//2795 2797//2797
f 2797//2797 1016//1016 1013//1013
f 1016//1016 2798//2798 2801//2801
f 2801//2801 1018//1018 1016//1016
f 1018//1018 2802//2802 2804//2804
f 2804//2804 1019//1019 1018//1018
f 1019//1019 2806//2806 2808//2808
f 2808//2808 993//993 1019//1019
f 993//993 2810//2810 2812//2812
f 2812//2812 1036//1036 993//993
f 1036//1036 2814//2814 2817//2817
f 2817//2817 1021//1021 1036//1036
f 1024//1024 2819//2819 2821//2821
f 2821//2821 2823//2823 1024//1024
f 1024//1024 2825//2825 2819//2819
f 1021//1021 2827//2827 2829//2829
f 2829//2829 1024//1024 1021//1021
f 2829//2829 2825//2825 1024//1024
f 2823//2823 2831//2831 1024//1024
f 1025//1025 2833//2833 2835//2835
f 2838//2838 1025//1025 2839//2839
f 2839//2839 2842//2842 2838//2838
f 2838//2838 2833//2833 1025//1025
f 1025//1025 2845//2845 2839//2839
f 1025//1025 2846//2846 2848//2848
f 2848//2848 2851//2851 1025//1025
f 1025//1025 1024//1024 2853//2853
f 2853//2853 2846//2846 1025//1025
f 2851//2851 2845//2845 1025//1025
f 1028//1028 1025//1025 2854//2854
f 1025//1025 2857//2857 2854//2854
f 1025//1025 2858//2858 2857//2857
f 1037//1037 1028//1028 2860//2860
f 1028//1028 2863//2863 2860//2860
f 995//995 2864//2864 2867//2867
f 1037//1037 2869//2869 2864//2864
f 2864//2864 995//995 1037//1037
f 995//995 2124//2124 2119//2119
f 995//995 2133//2133 2127//2127
f 995//995 2136//2136 2133//2133
f 2127//2127 2124//2124 995//995
f 2871//2871 2142//2142 2136//2136
f 2142//2142 2872//2872 2874//2874
f 2142//2142 2871//2871 2876//2876
f 2876//2876 2872//2872 2142//2142
f 2874//2874 2159//2159 2142//2142
f 2136//2136 995//995 2871//2871
f 998//998 964//964 1766//1766
f 964//964 2091//2091 1766//1766
f 964//964 2107//2107 2101//2101
f 964//964 2112//2112 2107//2107
f 2101//2101 2094//2094 964//964
f 2094//2094 2091//2091 964//964
f 964//964 2119//2119 2112//2112
f 1029//1029 998//998 1713//1713
f 998//998 1710//1710 1713//1713
f 966//966 1029//1029 1706//1706
f 1029//1029 1705//1705 1706//1706
f 1039//1039 966//966 1702//1702
f 966//966 1701//1701 1702//1702
f 1041//1041 1039//1039 1699//1699
f 1039//1039 1697//1697 1699//1699
f 1045//1045 1041//1041 1694//1694
f 1041//1041 1692//1692 1694//1694
f 1011//1011 1045//1045 1690//1690
f 1045//1045 1688//1688 1690//1690
f 986//986 1011//1011 1686//1686
f 1011//1011 1684//1684 1686//1686
f 942//942 986//986 1683//1683
f 986//986 1680//1680 1683//1683
f 904//904 942//942 1679//1679
f 942//942 1676//1676 1679//1679
f 907//907 904//904 1674//1674
f 904//904 1672//1672 1674//1674
f 907//907 1671//1671 1668//1668
f 1668//1668 826//826 907//907
f 826//826 1667//1667 1665//1665
f 1665//1665 912//912 826//826
f 912//912 1662//1662 1660//1660
f 1660//1660 914//914 912//912
f 914//914 1659//1659 1656//1656
f 1656//1656 917//917 914//914
f 917//917 1655//1655 1652//1652
f 1652//1652 921//921 917//917
f 921//921 1650//1650 1648//1648
f 1648//1648 951//951 921//921
f 951//951 1647//1647 1644//1644
f 1644//1644 1069//1069 951//951
f 1069//1069 1642//1642 1640//1640
f 1640//1640 1050//1050 1069//1069
f 1050//1050 1638//1638 1637//1637
f 1637//1637 923//923 1050//1050
f 923//923 1634//1634 1633//1633
f 1633//1633 883//883 923//923
f 883//883 1631//1631 1628//1628
f 1628//1628 929//929 883//883
f 929//929 1626//1626 1624//1624
f 1624//1624 807//807 929//929
f 835//835 2397//2397 2403//2403
f 2403//2403 2410//2410 835//835
f 835//835 2393//2393 2397//2397
f 807//807 1622//1622 1620//1620
f 1620//1620 835//835 807//807
f 1620//1620 2393//2393 835//835
f 2410//2410 2536//2536 835//835
f 777//777 2878//2878 2880//2880
f 2882//2882 777//777 2526//2526
f 2526//2526 2532//2532 2882//2882
f 2882//2882 2878//2878 777//777
f 777//777 2437//2437 2526//2526
f 777//777 2417//2417 2428//2428
f 2428//2428 2431//2431 777//777
f 777//777 835//835 2415//2415
f 2415//2415 2417//2417 777//777
f 2431//2431 2437//2437 777//777
f 934//934 777//777 2885//2885
f 777//777 2886//2886 2885//2885
f 777//777 2889//2889 2886//2886
f 936//936 934//934 2891//2891
f 934//934 2893//2893 2891//2891
f 938//938 2895//2895 2896//2896
f 936//936 2898//2898 2895//2895
f 2895//2895 938//938 936//936
f 938//938 2901//2901 2902//2902
f 938//938 2904//2904 2907//2907
f 938//938 2908//2908 2904//2904
f 2907//2907 2901//2901 938//938
f 2910//2910 2912//2912 2908//2908
f 2912//2912 2914//2914 2916//2916
f 2912//2912 2910//2910 2918//2918
f 2918//2918 2914//2914 2912//2912
f 2916//2916 2920//2920 2912//2912
f 2908//2908 938//938 2910//2910
f 980//980 977//977 2924//2924
f 977//977 2927//2927 2924//2924
f 977//977 2929//2929 2931//2931
f 977//977 2933//2933 2929//2929
f 2931//2931 2934//2934 977//977
f 2934//2934 2927//2927 977//977
f 977//977 2902//2902 2933//2933
f 2924//2924 2732//2732 980//980
f 2902//2902 977//977 938//938
f 2896//2896 2910//2910 938//938
f 2891//2891 2898//2898 936//936
f 2885//2885 2893//2893 934//934
f 2880//2880 2889//2889 777//777
f 2536//2536 2415//2415 835//835
f 1624//1624 1622//1622 807//807
f 1628//1628 1626//1626 929//929
f 1633//1633 1631//1631 883//883
f 1637//1637 1634//1634 923//923
f 1640//1640 1638//1638 1050//1050
f 1644//1644 1642//1642 1069//1069
f 1648//1648 1647//1647 951//951
f 1652//1652 1650//1650 921//921
f 1656//1656 1655//1655 917//917
f 1660//1660 1659//1659 914//914
f 1665//1665 1662//1662 912//912
f 1668//1668 1667//1667 826//826
f 1674//1674 1671//1671 907//907
f 1679//1679 1672//1672 904//904
f 1683//1683 1676//1676 942//942
f 1686//1686 1680//1680 986//986
f 1690//1690 1684//1684 1011//1011
f 1694//1694 1688//1688 1045//1045
f 1699//1699 1692//1692 1041//1041
f 1702//1702 1697//1697 1039//1039
f 1706//1706 1701//1701 966//966
f 1713//1713 1705//1705 1029//1029
f 1766//1766 1710//1710 998//998
f 2119//2119 964//964 995//995
f 2867//2867 2871//2871 995//995
f 2860//2860 2869//2869 1037//1037
f 2854//2854 2863//2863 1028//1028
f 2835//2835 2858//2858 1025//1025
f 2831//2831 2853//2853 1024//1024
f 2817//2817 2827//2827 1021//1021
f 2812//2812 2814//2814 1036//1036
f 2808//2808 2810//2810 993//993
f 2804//2804 2806//2806 1019//1019
f 2801//2801 2802//2802 1018//1018
f 2797//2797 2798//2798 1016//1016
f 2793//2793 2795//2795 1013//1013
f 2789//2789 2791//2791 991//991
f 2784//2784 2787//2787 989//989
f 2780//2780 2782//2782 961//961
f 2776//2776 2778//2778 959//959
f 2772//2772 2774//2774 771//771
f 2767//2767 2770//2770 882//882
f 2763//2763 2769//2769 875//875
f 2759//2759 2765//2765 866//866
f 2754//2754 2761//2761 864//864
f 2751//2751 2757//2757 861//861
f 2746//2746 2753//2753 1057//1057
f 2742//2742 2748//2748 1056//1056
f 2738//2738 2744//2744 1006//1006
f 2734//2734 2740//2740 1003//1003
f 2731//2731 2737//2737 982//982
f 2925//2925 2926//2926 3087//3087
f 2936//2936 3087//3087 3088//3088
f 2938//2938 3088//3088 3089//3089
f 2941//2941 3089//3089 3090//3090
f 2942//2942 3090//3090 3091//3091
f 2944//2944 3091//3091 3092//3092
f 2946//2946 3092//3092 3093//3093
f 2948//2948 3093//3093 3094//3094
f 2951//2951 3094//3094 3095//3095
f 2952//2952 3095//3095 3096//3096
f 2954//2954 3096//3096 3097//3097
f 2957//2957 3097//3097 3098//3098
f 2958//2958 3098//3098 3099//3099
f 2960//2960 3099//3099 3100//3100
f 2963//2963 3100//3100 2964//2964
f 2926//2926 2935//2935 3101//3101
f 3088//3088 3087//3087 3101//3101
f 3089//3089 3088//3088 3102//3102
f 3090//3090 3089//3089 3103//3103
f 3091//3091 3090//3090 3104//3104
f 3092//3092 3091//3091 3105//3105
f 3093//3093 3092//3092 3106//3106
f 3094//3094 3093//3093 3107//3107
f 3095//3095 3094//3094 3108//3108
f 3096//3096 3095//3095 3109//3109
f 3097//3097 3096//3096 3110//3110
f 3098//3098 3097//3097 3111//3111
f 3099//3099 3098//3098 3112//3112
f 3100//3100 3099//3099 3113//3113
f 3100//3100 3114//3114 2966//2966
f 2966//2966 2969//2969 3100//3100
f 2935//2935 2930//2930 3115//3115
f 3102//3102 3101//3101 3115//3115
f 3103//3103 3102//3102 3116//3116
f 3104//3104 3103//3103 3117//3117
f 3105//3105 3104//3104 3118//3118
f 3106//3106 3105//3105 3119//3119
f 3107//3107 3106//3106 3120//3120
f 3108//3108 3107//3107 3121//3121
f 3109//3109 3108//3108 3122//3122
f 3110//3110 3109//3109 3123//3123
f 3111//3111 3110//3110 3124//3124
f 3112//3112 3111//3111 3125//3125
f 3113//3113 3112//3112 3126//3126
f 3114//3114 3113//3113 3127//3127
f 3128//3128 2971//2971 2972//2972
f 2972//2972 3114//3114 3128//3128
f 2930//2930 2928//2928 3129//3129
f 3116//3116 3115//3115 3129//3129
f 3117//3117 3116//3116 3130//3130
f 3118//3118 3117//3117 3131//3131
f 3119//3119 3118//3118 3132//3132
f 3120//3120 3119//3119 3133//3133
f 3121//3121 3120//3120 3134//3134
f 3122//3122 3121//3121 3135//3135
f 3123//3123 3122//3122 3136//3136
f 3124//3124 3123//3123 3137//3137
f 3125//3125 3124//3124 3138//3138
f 3126//3126 3125//3125 3139//3139
f 3127//3127 3126//3126 3140//3140
f 3128//3128 3127//3127 3141//3141
f 3142//3142 2974//2974 2976//2976
f 2976//2976 3128//3128 3142//3142
f 2928//2928 2932//2932 3143//3143
f 3130//3130 3129//3129 3143//3143
f 3131//3131 3130//3130 3144//3144
f 3132//3132 3131//3131 3145//3145
f 3133//3133 3132//3132 3146//3146
f 3134//3134 3133//3133 3147//3147
f 3135//3135 3134//3134 3148//3148
f 3136//3136 3135//3135 3149//3149
f 3137//3137 3136//3136 3150//3150
f 3138//3138 3137//3137 3151//3151
f 3139//3139 3138//3138 3152//3152
f 3140//3140 3139//3139 3153//3153
f 3141//3141 3140//3140 3154//3154
f 3142//3142 3141//3141 3155//3155
f 3142//3142 3156//3156 2979//2979
f 3156//3156 2981//2981 2979//2979
f 3143//3143 2932//2932 2903//2903
f 2903//2903 3157//3157 3143//3143
f 3144//3144 3143//3143 3157//3157
f 3145//3145 3144//3144 3158//3158
f 3146//3146 3145//3145 3159//3159
f 3147//3147 3146//3146 3160//3160
f 3148//3148 3147//3147 3161//3161
f 3149//3149 3148//3148 3162//3162
f 3150//3150 3149//3149 3163//3163
f 3151//3151 3150//3150 3164//3164
f 3152//3152 3151//3151 3165//3165
f 3153//3153 3152//3152 3166//3166
f 3154//3154 3153//3153 3167//3167
f 3155//3155 3154//3154 3168//3168
f 3156//3156 3155//3155 3169//3169
f 3156//3156 3170//3170 2983//2983
f 3170//3170 2985//2985 2983//2983
f 2900//2900 2906//2906 3171//3171
f 3158//3158 3157//3157 3171//3171
f 3159//3159 3158//3158 3172//3172
f 3160//3160 3159//3159 3173//3173
f 3161//3161 3160//3160 3174//3174
f 3162//3162 3161//3161 3175//3175
f 3163//3163 3162//3162 3176//3176
f 3164//3164 3163//3163 3177//3177
f 3165//3165 3164//3164 3178//3178
f 3166//3166 3165//3165 3179//3179
f 3167//3167 3166//3166 3180//3180
f 3168//3168 3167//3167 3181//3181
f 3169//3169 3168//3168 3182//3182
f 3170//3170 3169//3169 3183//3183
f 3170//3170 3184//3184 2987//2987
f 3184//3184 2989//2989 2987//2987
f 2906//2906 2905//2905 3185//3185
f 3172//3172 3171//3171 3185//3185
f 3173//3173 3172//3172 3186//3186
f 3174//3174 3173//3173 3187//3187
f 3175//3175 3174//3174 3188//3188
f 3176//3176 3175//3175 3189//3189
f 3177//3177 3176//3176 3190//3190
f 3178//3178 3177//3177 3191//3191
f 3179//3179 3178//3178 3192//3192
f 3180//3180 3179//3179 3193//3193
f 3181//3181 3180//3180 3194//3194
f 3182//3182 3181//3181 3195//3195
f 3183//3183 3182//3182 3196//3196
f 3184//3184 3183//3183 3197//3197
f 3184//3184 3198//3198 2991//2991
f 2905//2905 2909//2909 3199//3199
f 3186//3186 3185//3185 3199//3199
f 3187//3187 3186//3186 3200//3200
f 3188//3188 3187//3187 3201//3201
f 3189//3189 3188//3188 3202//3202
f 3190//3190 3189//3189 3203//3203
f 3191//3191 3190//3190 3204//3204
f 3192//3192 3191//3191 3205//3205
f 3193//3193 3192//3192 3206//3206
f 3194//3194 3193//3193 3207//3207
f 3195//3195 3194//3194 3208//3208
f 3196//3196 3195//3195 3209//3209
f 3197//3197 3196//3196 3210//3210
f 3198//3198 3197//3197 3211//3211
f 3212//3212 2993//2993 2994//2994
f 2994//2994 3198//3198 3212//3212
f 2909//2909 2913//2913 3213//3213
f 3200//3200 3199//3199 3213//3213
f 3201//3201 3200//3200 3214//3214
f 3202//3202 3201//3201 3215//3215
f 3203//3203 3202//3202 3216//3216
f 3204//3204 3203//3203 3217//3217
f 3205//3205 3204//3204 3218//3218
f 3206//3206 3205//3205 3219//3219
f 3207//3207 3206//3206 3220//3220
f 3208//3208 3207//3207 3221//3221
f 3209//3209 3208//3208 3222//3222
f 3210//3210 3209//3209 3223//3223
f 3211//3211 3210//3210 3224//3224
f 3212//3212 3211//3211 3225//3225
f 3226//3226 2997//2997 2999//2999
f 2999//2999 3212//3212 3226//3226
f 3222//3222 3221//3221 3227//3227
f 3223//3223 3222//3222 3228//3228
f 3224//3224 3223//3223 3229//3229
f 3225//3225 3224//3224 3230//3230
f 3226//3226 3225//3225 3231//3231
f 3232//3232 3001//3001 3003//3003
f 3003//3003 3226//3226 3232//3232
f 3231//3231 3230//3230 3233//3233
f 3232//3232 3231//3231 3234//3234
f 3232//3232 3235//3235 3005//3005
f 2913//2913 3006//3006 3008//3008
f 2913//2913 2921//2921 3006//3006
f 3213//3213 3010//3010 3012//3012
f 3213//3213 3008//3008 3010//3010
f 3214//3214 3014//3014 3016//3016
f 3214//3214 3012//3012 3014//3014
f 3016//3016 3215//3215 3214//3214
f 3216//3216 3215//3215 3018//3018
f 3215//3215 3020//3020 3018//3018
f 3217//3217 3022//3022 3024//3024
f 3216//3216 3027//3027 3022//3022
f 3022//3022 3217//3217 3216//3216
f 3218//3218 3029//3029 3031//3031
f 3217//3217 3032//3032 3029//3029
f 3029//3029 3218//3218 3217//3217
f 3219//3219 3218//3218 3035//3035
f 3035//3035 3037//3037 3219//3219
f 3220//3220 3039//3039 3041//3041
f 3220//3220 3219//3219 3042//3042
f 3042//3042 3039//3039 3220//3220
f 3221//3221 3220//3220 3044//3044
f 3044//3044 3046//3046 3221//3221
f 3227//3227 3049//3049 3051//3051
f 3227//3227 3046//3046 3049//3049
f 3228//3228 3227//3227 3053//3053
f 3053//3053 3054//3054 3228//3228
f 3229//3229 3228//3228 3057//3057
f 3057//3057 3059//3059 3229//3229
f 3230//3230 3229//3229 3060//3060
f 3060//3060 3233//3233 3230//3230
f 3233//3233 3063//3063 3064//3064
f 3234//3234 3233//3233 3066//3066
f 3066//3066 3069//3069 3234//3234
f 3235//3235 3234//3234 3071//3071
f 3073//3073 3074//3074 3077//3077
f 3077//3077 3235//3235 3073//3073
f 3073//3073 3078//3078 3074//3074
f 3078//3078 3081//3081 3083//3083
f 3083//3083 3074//3074 3078//3078
f 3081//3081 3084//3084 3083//3083
f 3077//3077 3005//3005 3235//3235
f 3071//3071 3073//3073 3235//3235
f 3069//3069 3071//3071 3234//3234
f 3064//3064 3066//3066 3233//3233
f 3060//3060 3063//3063 3233//3233
f 3059//3059 3060//3060 3229//3229
f 3054//3054 3057//3057 3228//3228
f 3051//3051 3053//3053 3227//3227
f 3046//3046 3227//3227 3221//3221
f 3041//3041 3044//3044 3220//3220
f 3037//3037 3042//3042 3219//3219
f 3031//3031 3035//3035 3218//3218
f 3024//3024 3032//3032 3217//3217
f 3018//3018 3027//3027 3216//3216
f 3016//3016 3020//3020 3215//3215
f 3012//3012 3214//3214 3213//3213
f 3008//3008 3213//3213 2913//2913
f 3005//3005 3001//3001 3232//3232
f 3234//3234 3235//3235 3232//3232
f 3233//3233 3234//3234 3231//3231
f 3003//3003 2997//2997 3226//3226
f 3231//3231 3232//3232 3226//3226
f 3230//3230 3231//3231 3225//3225
f 3229//3229 3230//3230 3224//3224
f 3228//3228 3229//3229 3223//3223
f 3227//3227 3228//3228 3222//3222
f 2999//2999 2993//2993 3212//3212
f 3225//3225 3226//3226 3212//3212
f 3224//3224 3225//3225 3211//3211
f 3223//3223 3224//3224 3210//3210
f 3222//3222 3223//3223 3209//3209
f 3221//3221 3222//3222 3208//3208
f 3220//3220 3221//3221 3207//3207
f 3219//3219 3220//3220 3206//3206
f 3218//3218 3219//3219 3205//3205
f 3217//3217 3218//3218 3204//3204
f 3216//3216 3217//3217 3203//3203
f 3215//3215 3216//3216 3202//3202
f 3214//3214 3215//3215 3201//3201
f 3213//3213 3214//3214 3200//3200
f 3213//3213 3199//3199 2909//2909
f 2994//2994 2991//2991 3198//3198
f 3211//3211 3212//3212 3198//3198
f 3210//3210 3211//3211 3197//3197
f 3209//3209 3210//3210 3196//3196
f 3208//3208 3209//3209 3195//3195
f 3207//3207 3208//3208 3194//3194
f 3206//3206 3207//3207 3193//3193
f 3205//3205 3206//3206 3192//3192
f 3204//3204 3205//3205 3191//3191
f 3203//3203 3204//3204 3190//3190
f 3202//3202 3203//3203 3189//3189
f 3201//3201 3202//3202 3188//3188
f 3200//3200 3201//3201 3187//3187
f 3199//3199 3200//3200 3186//3186
f 3199//3199 3185//3185 2905//2905
f 2991//2991 2989//2989 3184//3184
f 3197//3197 3198//3198 3184//3184
f 3196//3196 3197//3197 3183//3183
f 3195//3195 3196//3196 3182//3182
f 3194//3194 3195//3195 3181//3181
f 3193//3193 3194//3194 3180//3180
f 3192//3192 3193//3193 3179//3179
f 3191//3191 3192//3192 3178//3178
f 3190//3190 3191//3191 3177//3177
f 3189//3189 3190//3190 3176//3176
f 3188//3188 3189//3189 3175//3175
f 3187//3187 3188//3188 3174//3174
f 3186//3186 3187//3187 3173//3173
f 3185//3185 3186//3186 3172//3172
f 3185//3185 3171//3171 2906//2906
f 2987//2987 2985//2985 3170//3170
f 3183//3183 3184//3184 3170//3170
f 3182//3182 3183//3183 3169//3169
f 3181//3181 3182//3182 3168//3168
f 3180//3180 3181//3181 3167//3167
f 3179//3179 3180//3180 3166//3166
f 3178//3178 3179//3179 3165//3165
f 3177//3177 3178//3178 3164//3164
f 3176//3176 3177//3177 3163//3163
f 3175//3175 3176//3176 3162//3162
f 3174//3174 3175//3175 3161//3161
f 3173//3173 3174//3174 3160//3160
f 3172//3172 3173//3173 3159//3159
f 3171//3171 3172//3172 3158//3158
f 3171//3171 3157//3157 2900//2900
f 2983//2983 2981//2981 3156//3156
f 3169//3169 3170//3170 3156//3156
f 3168//3168 3169//3169 3155//3155
f 3167//3167 3168//3168 3154//3154
f 3166//3166 3167//3167 3153//3153
f 3165//3165 3166//3166 3152//3152
f 3164//3164 3165//3165 3151//3151
f 3163//3163 3164//3164 3150//3150
f 3162//3162 3163//3163 3149//3149
f 3161//3161 3162//3162 3148//3148
f 3160//3160 3161//3161 3147//3147
f 3159//3159 3160//3160 3146//3146
f 3158//3158 3159//3159 3145//3145
f 3157//3157 3158//3158 3144//3144
f 2903//2903 2900//2900 3157//3157
f 2979//2979 2974//2974 3142//3142
f 3155//3155 3156//3156 3142//3142
f 3154//3154 3155//3155 3141//3141
f 3153//3153 3154//3154 3140//3140
f 3152//3152 3153//3153 3139//3139
f 3151//3151 3152//3152 3138//3138
f 3150//3150 3151//3151 3137//3137
f 3149//3149 3150//3150 3136//3136
f 3148//3148 3149//3149 3135//3135
f 3147//3147 3148//3148 3134//3134
f 3146//3146 3147//3147 3133//3133
f 3145//3145 3146//3146 3132//3132
f 3144//3144 3145//3145 3131//3131
f 3143//3143 3144//3144 3130//3130
f 3143//3143 3129//3129 2928//2928
f 2976//2976 2971//2971 3128//3128
f 3141//3141 3142//3142 3128//3128
f 3140//3140 3141//3141 3127//3127
f 3139//3139 3140//3140 3126//3126
f 3138//3138 3139//3139 3125//3125
f 3137//3137 3138//3138 3124//3124
f 3136//3136 3137//3137 3123//3123
f 3135//3135 3136//3136 3122//3122
f 3134//3134 3135//3135 3121//3121
f 3133//3133 3134//3134 3120//3120
f 3132//3132 3133//3133 3119//3119
f 3131//3131 3132//3132 3118//3118
f 3130//3130 3131//3131 3117//3117
f 3129//3129 3130//3130 3116//3116
f 3129//3129 3115//3115 2930//2930
f 2972//2972 2966//2966 3114//3114
f 3127//3127 3128//3128 3114//3114
f 3126//3126 3127//3127 3113//3113
f 3125//3125 3126//3126 3112//3112
f 3124//3124 3125//3125 3111//3111
f 3123//3123 3124//3124 3110//3110
f 3122//3122 3123//3123 3109//3109
f 3121//3121 3122//3122 3108//3108
f 3120//3120 3121//3121 3107//3107
f 3119//3119 3120//3120 3106//3106
f 3118//3118 3119//3119 3105//3105
f 3117//3117 3118//3118 3104//3104
f 3116//3116 3117//3117 3103//3103
f 3115//3115 3116//3116 3102//3102
f 3115//3115 3101//3101 2935//2935
f 2969//2969 2964//2964 3100//3100
f 3113//3113 3114//3114 3100//3100
f 3112//3112 3113//3113 3099//3099
f 3111//3111 3112//3112 3098//3098
f 3110//3110 3111//3111 3097//3097
f 3109//3109 3110//3110 3096//3096
f 3108//3108 3109//3109 3095//3095
f 3107//3107 3108//3108 3094//3094
f 3106//3106 3107//3107 3093//3093
f 3105//3105 3106//3106 3092//3092
f 3104//3104 3105//3105 3091//3091
f 3103//3103 3104//3104 3090//3090
f 3102//3102 3103//3103 3089//3089
f 3101//3101 3102//3102 3088//3088
f 3101//3101 3087//3087 2926//2926
f 2964//2964 407//407 2963//2963
f 3100//3100 2963//2963 2960//2960
f 3099//3099 2960//2960 2958//2958
f 3098//3098 2958//2958 2957//2957
f 3097//3097 2957//2957 2954//2954
f 3096//3096 2954//2954 2952//2952
f 3095//3095 2952//2952 2951//2951
f 3094//3094 2951//2951 2948//2948
f 3093//3093 2948//2948 2946//2946
f 3092//3092 2946//2946 2944//2944
f 3091//3091 2944//2944 2942//2942
f 3090//3090 2942//2942 2941//2941
f 3089//3089 2941//2941 2938//2938
f 3088//3088 2938//2938 2936//2936
f 3087//3087 2936//2936 2925//2925
f 3237//3237 2830//2830 2826//2826
f 2826//2826 3264//3264 3237//3237
f 3264//3264 2816//2816 2815//2815
f 2815//2815 3265//3265 3264//3264
f 3265//3265 2813//2813 2811//2811
f 2811//2811 3266//3266 3265//3265
f 3266//3266 2809//2809 2807//2807
f 2807//2807 3267//3267 3266//3266
f 3267//3267 2805//2805 2803//2803
f 2803//2803 3268//3268 3267//3267
f 3268//3268 2800//2800 2799//2799
f 2799//2799 3269//3269 3268//3268
f 3269//3269 2796//2796 2794//2794
f 2794//2794 3270//3270 3269//3269
f 3270//3270 2792//2792 2790//2790
f 2790//2790 3271//3271 3270//3270
f 3271//3271 2788//2788 2786//2786
f 2786//2786 3272//3272 3271//3271
f 3272//3272 2785//2785 2783//2783
f 2783//2783 3273//3273 3272//3272
f 3273//3273 2781//2781 2779//2779
f 2779//2779 3274//3274 3273//3273
f 3274//3274 2777//2777 2775//2775
f 3275//3275 2775//2775 2773//2773
f 3276//3276 3277//3277 2771//2771
f 3277//3277 2773//2773 2771//2771
f 3278//3278 3276//3276 2768//2768
f 3276//3276 2766//2766 2768//2768
f 3279//3279 3278//3278 2764//2764
f 3278//3278 2762//2762 2764//2764
f 3280//3280 3279//3279 2760//2760
f 3279//3279 2758//2758 2760//2760
f 3281//3281 3280//3280 2756//2756
f 3280//3280 2755//2755 2756//2756
f 3282//3282 3281//3281 2752//2752
f 3281//3281 2750//2750 2752//2752
f 3283//3283 3282//3282 2749//2749
f 3282//3282 2747//2747 2749//2749
f 3284//3284 3283//3283 2745//2745
f 3283//3283 2743//2743 2745//2745
f 3285//3285 3284//3284 2741//2741
f 3284//3284 2739//2739 2741//2741
f 3286//3286 3285//3285 2736//2736
f 3285//3285 2735//2735 2736//2736
f 2937//2937 3286//3286 2733//2733
f 3286//3286 2730//2730 2733//2733
f 3239//3239 3237//3237 3264//3264
f 3287//3287 3264//3264 3265//3265
f 3288//3288 3265//3265 3266//3266
f 3289//3289 3266//3266 3267//3267
f 3290//3290 3267//3267 3268//3268
f 3291//3291 3268//3268 3269//3269
f 3292//3292 3269//3269 3270//3270
f 3293//3293 3270//3270 3271//3271
f 3294//3294 3271//3271 3272//3272
f 3295//3295 3272//3272 3273//3273
f 3296//3296 3273//3273 3274//3274
f 3297//3297 3274//3274 3275//3275
f 3298//3298 3275//3275 3277//3277
f 3299//3299 3277//3277 3276//3276
f 3300//3300 3276//3276 3278//3278
f 3301//3301 3278//3278 3279//3279
f 3302//3302 3279//3279 3280//3280
f 3303//3303 3280//3280 3281//3281
f 3304//3304 3281//3281 3282//3282
f 3305//3305 3282//3282 3283//3283
f 3306//3306 3283//3283 3284//3284
f 3307//3307 3284//3284 3285//3285
f 3308//3308 3285//3285 3286//3286
f 3309//3309 3286//3286 2937//2937
f 3241//3241 3239//3239 3287//3287
f 3310//3310 3287//3287 3288//3288
f 3311//3311 3288//3288 3289//3289
f 3312//3312 3289//3289 3290//3290
f 3313//3313 3290//3290 3291//3291
f 3314//3314 3291//3291 3292//3292
f 3315//3315 3292//3292 3293//3293
f 3316//3316 3293//3293 3294//3294
f 3317//3317 3294//3294 3295//3295
f 3318//3318 3295//3295 3296//3296
f 3319//3319 3296//3296 3297//3297
f 3320//3320 3297//3297 3298//3298
f 3321//3321 3298//3298 3299//3299
f 3322//3322 3299//3299 3300//3300
f 3323//3323 3300//3300 3301//3301
f 3324//3324 3301//3301 3302//3302
f 3325//3325 3302//3302 3303//3303
f 3326//3326 3303//3303 3304//3304
f 3327//3327 3304//3304 3305//3305
f 3328//3328 3305//3305 3306//3306
f 3329//3329 3306//3306 3307//3307
f 3330//3330 3307//3307 3308//3308
f 3331//3331 3308//3308 3309//3309
f 3332//3332 3309//3309 2939//2939
f 3243//3243 3241//3241 3310//3310
f 3333//3333 3310//3310 3311//3311
f 3334//3334 3311//3311 3312//3312
f 3335//3335 3312//3312 3313//3313
f 3336//3336 3313//3313 3314//3314
f 3337//3337 3314//3314 3315//3315
f 3338//3338 3315//3315 3316//3316
f 3339//3339 3316//3316 3317//3317
f 3340//3340 3317//3317 3318//3318
f 3341//3341 3318//3318 3319//3319
f 3342//3342 3319//3319 3320//3320
f 3343//3343 3320//3320 3321//3321
f 3344//3344 3321//3321 3322//3322
f 3345//3345 3322//3322 3323//3323
f 3346//3346 3323//3323 3324//3324
f 3347//3347 3324//3324 3325//3325
f 3348//3348 3325//3325 3326//3326
f 3349//3349 3326//3326 3327//3327
f 3350//3350 3327//3327 3328//3328
f 3351//3351 3328//3328 3329//3329
f 3352//3352 3329//3329 3330//3330
f 3353//3353 3330//3330 3331//3331
f 3354//3354 3331//3331 3332//3332
f 3355//3355 3332//3332 2940//2940
f 3245//3245 3243//3243 3333//3333
f 3356//3356 3333//3333 3334//3334
f 3357//3357 3334//3334 3335//3335
f 3358//3358 3335//3335 3336//3336
f 3359//3359 3336//3336 3337//3337
f 3360//3360 3337//3337 3338//3338
f 3361//3361 3338//3338 3339//3339
f 3362//3362 3339//3339 3340//3340
f 3363//3363 3340//3340 3341//3341
f 3364//3364 3341//3341 3342//3342
f 3365//3365 3342//3342 3343//3343
f 3366//3366 3343//3343 3344//3344
f 3367//3367 3344//3344 3345//3345
f 3368//3368 3345//3345 3346//3346
f 3369//3369 3346//3346 3347//3347
f 3370//3370 3347//3347 3348//3348
f 3371//3371 3348//3348 3349//3349
f 3372//3372 3349//3349 3350//3350
f 3373//3373 3350//3350 3351//3351
f 3374//3374 3351//3351 3352//3352
f 3375//3375 3352//3352 3353//3353
f 3376//3376 3353//3353 3354//3354
f 3377//3377 3354//3354 3355//3355
f 3378//3378 3355//3355 2943//2943
f 3246//3246 3245//3245 3356//3356
f 3379//3379 3356//3356 3357//3357
f 3380//3380 3357//3357 3358//3358
f 3381//3381 3358//3358 3359//3359
f 3382//3382 3359//3359 3360//3360
f 3383//3383 3360//3360 3361//3361
f 3384//3384 3361//3361 3362//3362
f 3385//3385 3362//3362 3363//3363
f 3386//3386 3363//3363 3364//3364
f 3387//3387 3364//3364 3365//3365
f 3388//3388 3365//3365 3366//3366
f 3389//3389 3366//3366 3367//3367
f 3390//3390 3367//3367 3368//3368
f 3391//3391 3368//3368 3369//3369
f 3392//3392 3369//3369 3370//3370
f 3393//3393 3370//3370 3371//3371
f 3394//3394 3371//3371 3372//3372
f 3395//3395 3372//3372 3373//3373
f 3396//3396 3373//3373 3374//3374
f 3397//3397 3374//3374 3375//3375
f 3398//3398 3375//3375 3376//3376
f 3399//3399 3376//3376 3377//3377
f 3400//3400 3377//3377 3378//3378
f 3401//3401 3378//3378 2945//2945
f 3249//3249 3246//3246 3379//3379
f 3402//3402 3379//3379 3380//3380
f 3403//3403 3380//3380 3381//3381
f 3404//3404 3381//3381 3382//3382
f 3405//3405 3382//3382 3383//3383
f 3406//3406 3383//3383 3384//3384
f 3407//3407 3384//3384 3385//3385
f 3408//3408 3385//3385 3386//3386
f 3409//3409 3386//3386 3387//3387
f 3410//3410 3387//3387 3388//3388
f 3411//3411 3388//3388 3389//3389
f 3412//3412 3389//3389 3390//3390
f 3413//3413 3390//3390 3391//3391
f 3414//3414 3391//3391 3392//3392
f 3415//3415 3392//3392 3393//3393
f 3416//3416 3393//3393 3394//3394
f 3417//3417 3394//3394 3395//3395
f 3418//3418 3395//3395 3396//3396
f 3419//3419 3396//3396 3397//3397
f 3420//3420 3397//3397 3398//3398
f 3421//3421 3398//3398 3399//3399
f 3422//3422 3399//3399 3400//3400
f 3423//3423 3400//3400 3401//3401
f 3424//3424 3401//3401 2947//2947
f 3251//3251 3249//3249 3402//3402
f 3425//3425 3402//3402 3403//3403
f 3426//3426 3403//3403 3404//3404
f 3427//3427 3404//3404 3405//3405
f 3428//3428 3405//3405 3406//3406
f 3429//3429 3406//3406 3407//3407
f 3430//3430 3407//3407 3408//3408
f 3431//3431 3408//3408 3409//3409
f 3432//3432 3409//3409 3410//3410
f 3433//3433 3410//3410 3411//3411
f 3434//3434 3411//3411 3412//3412
f 3435//3435 3412//3412 3413//3413
f 3436//3436 3413//3413 3414//3414
f 3437//3437 3414//3414 3415//3415
f 3438//3438 3415//3415 3416//3416
f 3439//3439 3416//3416 3417//3417
f 3440//3440 3417//3417 3418//3418
f 3441//3441 3418//3418 3419//3419
f 3442//3442 3419//3419 3420//3420
f 3443//3443 3420//3420 3421//3421
f 3444//3444 3421//3421 3422//3422
f 3445//3445 3422//3422 3423//3423
f 3446//3446 3423//3423 3424//3424
f 3447//3447 3424//3424 2949//2949
f 3253//3253 3251//3251 3425//3425
f 3448//3448 3425//3425 3426//3426
f 3449//3449 3426//3426 3427//3427
f 3450//3450 3427//3427 3428//3428
f 3451//3451 3428//3428 3429//3429
f 3452//3452 3429//3429 3430//3430
f 3453//3453 3430//3430 3431//3431
f 3454//3454 3431//3431 3432//3432
f 3455//3455 3432//3432 3433//3433
f 3456//3456 3433//3433 3434//3434
f 3457//3457 3434//3434 3435//3435
f 3458//3458 3435//3435 3436//3436
f 3459//3459 3436//3436 3437//3437
f 3460//3460 3437//3437 3438//3438
f 3461//3461 3438//3438 3439//3439
f 3462//3462 3439//3439 3440//3440
f 3463//3463 3440//3440 3441//3441
f 3464//3464 3441//3441 3442//3442
f 3465//3465 3442//3442 3443//3443
f 3466//3466 3443//3443 3444//3444
f 3467//3467 3444//3444 3445//3445
f 3468//3468 3445//3445 3446//3446
f 3469//3469 3446//3446 3447//3447
f 3470//3470 3447//3447 2950//2950
f 3254//3254 3253//3253 3448//3448
f 3471//3471 3448//3448 3449//3449
f 3472//3472 3449//3449 3450//3450
f 3473//3473 3450//3450 3451//3451
f 3474//3474 3451//3451 3452//3452
f 3475//3475 3452//3452 3453//3453
f 3476//3476 3453//3453 3454//3454
f 3477//3477 3454//3454 3455//3455
f 3478//3478 3455//3455 3456//3456
f 3479//3479 3456//3456 3457//3457
f 3480//3480 3457//3457 3458//3458
f 3481//3481 3458//3458 3459//3459
f 3482//3482 3459//3459 3460//3460
f 3483//3483 3460//3460 3461//3461
f 3484//3484 3461//3461 3462//3462
f 3485//3485 3462//3462 3463//3463
f 3486//3486 3463//3463 3464//3464
f 3487//3487 3464//3464 3465//3465
f 3488//3488 3465//3465 3466//3466
f 3489//3489 3466//3466 3467//3467
f 3490//3490 3467//3467 3468//3468
f 3491//3491 3468//3468 3469//3469
f 3492//3492 3469//3469 3470//3470
f 3493//3493 3470//3470 2953//2953
f 3256//3256 3254//3254 3471//3471
f 3494//3494 3471//3471 3472//3472
f 3495//3495 3472//3472 3473//3473
f 3496//3496 3473//3473 3474//3474
f 3497//3497 3474//3474 3475//3475
f 3498//3498 3475//3475 3476//3476
f 3499//3499 3476//3476 3477//3477
f 3500//3500 3477//3477 3478//3478
f 3501//3501 3478//3478 3479//3479
f 3502//3502 3479//3479 3480//3480
f 3503//3503 3480//3480 3481//3481
f 3504//3504 3481//3481 3482//3482
f 3505//3505 3482//3482 3483//3483
f 3506//3506 3483//3483 3484//3484
f 3507//3507 3484//3484 3485//3485
f 3508//3508 3485//3485 3486//3486
f 3509//3509 3486//3486 3487//3487
f 3510//3510 3487//3487 3488//3488
f 3511//3511 3488//3488 3489//3489
f 3512//3512 3489//3489 3490//3490
f 3513//3513 3490//3490 3491//3491
f 3514//3514 3491//3491 3492//3492
f 3515//3515 3492//3492 3493//3493
f 3516//3516 3493//3493 2955//2955
f 3258//3258 3256//3256 3494//3494
f 3517//3517 3494//3494 3495//3495
f 3518//3518 3495//3495 3496//3496
f 3519//3519 3496//3496 3497//3497
f 3520//3520 3497//3497 3498//3498
f 3521//3521 3498//3498 3499//3499
f 3522//3522 3499//3499 3500//3500
f 3523//3523 3500//3500 3501//3501
f 3524//3524 3501//3501 3502//3502
f 3525//3525 3502//3502 3503//3503
f 3526//3526 3503//3503 3504//3504
f 3527//3527 3504//3504 3505//3505
f 3528//3528 3505//3505 3506//3506
f 3529//3529 3506//3506 3507//3507
f 3530//3530 3507//3507 3508//3508
f 3531//3531 3508//3508 3509//3509
f 3532//3532 3509//3509 3510//3510
f 3533//3533 3510//3510 3511//3511
f 3534//3534 3511//3511 3512//3512
f 3535//3535 3512//3512 3513//3513
f 3536//3536 3513//3513 3514//3514
f 3537//3537 3514//3514 3515//3515
f 3538//3538 3515//3515 3516//3516
f 3539//3539 3516//3516 2956//2956
f 3260//3260 3258//3258 3517//3517
f 3540//3540 3517//3517 3518//3518
f 3541//3541 3518//3518 3519//3519
f 3542//3542 3519//3519 3520//3520
f 3543//3543 3520//3520 3521//3521
f 3544//3544 3521//3521 3522//3522
f 3545//3545 3522//3522 3523//3523
f 3546//3546 3523//3523 3524//3524
f 3547//3547 3524//3524 3525//3525
f 3548//3548 3525//3525 3526//3526
f 3549//3549 3526//3526 3527//3527
f 3550//3550 3527//3527 3528//3528
f 3551//3551 3528//3528 3529//3529
f 3552//3552 3529//3529 3530//3530
f 3553//3553 3530//3530 3531//3531
f 3554//3554 3531//3531 3532//3532
f 3555//3555 3532//3532 3533//3533
f 3556//3556 3533//3533 3534//3534
f 3557//3557 3534//3534 3535//3535
f 3558//3558 3535//3535 3536//3536
f 3559//3559 3536//3536 3537//3537
f 3560//3560 3537//3537 3538//3538
f 3561//3561 3538//3538 3539//3539
f 3562//3562 3539//3539 2959//2959
f 3262//3262 3260//3260 3540//3540
f 3563//3563 3540//3540 3541//3541
f 3564//3564 3541//3541 3542//3542
f 3565//3565 3542//3542 3543//3543
f 3566//3566 3543//3543 3544//3544
f 3567//3567 3544//3544 3545//3545
f 3568//3568 3545//3545 3546//3546
f 3569//3569 3546//3546 3547//3547
f 3570//3570 3547//3547 3548//3548
f 3571//3571 3548//3548 3549//3549
f 3572//3572 3549//3549 3550//3550
f 3573//3573 3550//3550 3551//3551
f 3574//3574 3551//3551 3552//3552
f 3575//3575 3552//3552 3553//3553
f 3576//3576 3553//3553 3554//3554
f 3577//3577 3554//3554 3555//3555
f 3578//3578 3555//3555 3556//3556
f 3579//3579 3556//3556 3557//3557
f 3580//3580 3557//3557 3558//3558
f 3581//3581 3558//3558 3559//3559
f 3582//3582 3559//3559 3560//3560
f 3583//3583 3560//3560 3561//3561
f 3584//3584 3561//3561 3562//3562
f 3585//3585 3562//3562 2961//2961
f 416//416 3262//3262 3563//3563
f 418//418 3563//3563 3564//3564
f 421//421 3564//3564 3565//3565
f 423//423 3565//3565 3566//3566
f 399//399 3566//3566 3567//3567
f 402//402 3567//3567 3568//3568
f 479//479 3568//3568 3569//3569
f 361//361 3569//3569 3570//3570
f 377//377 3570//3570 3571//3571
f 386//386 3571//3571 3572//3572
f 375//375 3572//3572 3573//3573
f 387//387 3573//3573 3574//3574
f 392//392 3574//3574 3575//3575
f 396//396 3575//3575 3576//3576
f 409//409 3576//3576 3577//3577
f 452//452 3577//3577 3578//3578
f 469//469 3578//3578 3579//3579
f 472//472 3579//3579 3580//3580
f 483//483 3580//3580 3581//3581
f 446//446 3581//3581 3582//3582
f 432//432 3582//3582 3583//3583
f 448//448 3583//3583 3584//3584
f 450//450 3584//3584 3585//3585
f 467//467 3585//3585 2962//2962
f 2962//2962 406//406 467//467
f 3585//3585 467//467 450//450
f 3584//3584 450//450 448//448
f 3583//3583 448//448 432//432
f 3582//3582 432//432 446//446
f 3581//3581 446//446 483//483
f 3580//3580 483//483 472//472
f 3579//3579 472//472 469//469
f 3578//3578 469//469 452//452
f 3577//3577 452//452 409//409
f 3576//3576 409//409 396//396
f 3575//3575 396//396 392//392
f 3574//3574 392//392 387//387
f 3573//3573 387//387 375//375
f 3572//3572 375//375 386//386
f 3571//3571 386//386 377//377
f 3570//3570 377//377 361//361
f 3569//3569 361//361 479//479
f 3568//3568 479//479 402//402
f 3567//3567 402//402 399//399
f 3566//3566 399//399 423//423
f 3565//3565 423//423 421//421
f 3564//3564 421//421 418//418
f 3563//3563 418//418 416//416
f 2961//2961 2962//2962 3585//3585
f 3562//3562 3585//3585 3584//3584
f 3561//3561 3584//3584 3583//3583
f 3560//3560 3583//3583 3582//3582
f 3559//3559 3582//3582 3581//3581
f 3558//3558 3581//3581 3580//3580
f 3557//3557 3580//3580 3579//3579
f 3556//3556 3579//3579 3578//3578
f 3555//3555 3578//3578 3577//3577
f 3554//3554 3577//3577 3576//3576
f 3553//3553 3576//3576 3575//3575
f 3552//3552 3575//3575 3574//3574
f 3551//3551 3574//3574 3573//3573
f 3550//3550 3573//3573 3572//3572
f 3549//3549 3572//3572 3571//3571
f 3548//3548 3571//3571 3570//3570
f 3547//3547 3570//3570 3569//3569
f 3546//3546 3569//3569 3568//3568
f 3545//3545 3568//3568 3567//3567
f 3544//3544 3567//3567 3566//3566
f 3543//3543 3566//3566 3565//3565
f 3542//3542 3565//3565 3564//3564
f 3541//3541 3564//3564 3563//3563
f 3540//3540 3563//3563 3262//3262
f 2959//2959 2961//2961 3562//3562
f 3539//3539 3562//3562 3561//3561
f 3538//3538 3561//3561 3560//3560
f 3537//3537 3560//3560 3559//3559
f 3536//3536 3559//3559 3558//3558
f 3535//3535 3558//3558 3557//3557
f 3534//3534 3557//3557 3556//3556
f 3533//3533 3556//3556 3555//3555
f 3532//3532 3555//3555 3554//3554
f 3531//3531 3554//3554 3553//3553
f 3530//3530 3553//3553 3552//3552
f 3529//3529 3552//3552 3551//3551
f 3528//3528 3551//3551 3550//3550
f 3527//3527 3550//3550 3549//3549
f 3526//3526 3549//3549 3548//3548
f 3525//3525 3548//3548 3547//3547
f 3524//3524 3547//3547 3546//3546
f 3523//3523 3546//3546 3545//3545
f 3522//3522 3545//3545 3544//3544
f 3521//3521 3544//3544 3543//3543
f 3520//3520 3543//3543 3542//3542
f 3519//3519 3542//3542 3541//3541
f 3518//3518 3541//3541 3540//3540
f 3517//3517 3540//3540 3260//3260
f 2956//2956 2959//2959 3539//3539
f 3516//3516 3539//3539 3538//3538
f 3515//3515 3538//3538 3537//3537
f 3514//3514 3537//3537 3536//3536
f 3513//3513 3536//3536 3535//3535
f 3512//3512 3535//3535 3534//3534
f 3511//3511 3534//3534 3533//3533
f 3510//3510 3533//3533 3532//3532
f 3509//3509 3532//3532 3531//3531
f 3508//3508 3531//3531 3530//3530
f 3507//3507 3530//3530 3529//3529
f 3506//3506 3529//3529 3528//3528
f 3505//3505 3528//3528 3527//3527
f 3504//3504 3527//3527 3526//3526
f 3503//3503 3526//3526 3525//3525
f 3502//3502 3525//3525 3524//3524
f 3501//3501 3524//3524 3523//3523
f 3500//3500 3523//3523 3522//3522
f 3499//3499 3522//3522 3521//3521
f 3498//3498 3521//3521 3520//3520
f 3497//3497 3520//3520 3519//3519
f 3496//3496 3519//3519 3518//3518
f 3495//3495 3518//3518 3517//3517
f 3494//3494 3517//3517 3258//3258
f 2955//2955 2956//2956 3516//3516
f 3493//3493 3516//3516 3515//3515
f 3492//3492 3515//3515 3514//3514
f 3491//3491 3514//3514 3513//3513
f 3490//3490 3513//3513 3512//3512
f 3489//3489 3512//3512 3511//3511
f 3488//3488 3511//3511 3510//3510
f 3487//3487 3510//3510 3509//3509
f 3486//3486 3509//3509 3508//3508
f 3485//3485 3508//3508 3507//3507
f 3484//3484 3507//3507 3506//3506
f 3483//3483 3506//3506 3505//3505
f 3482//3482 3505//3505 3504//3504
f 3481//3481 3504//3504 3503//3503
f 3480//3480 3503//3503 3502//3502
f 3479//3479 3502//3502 3501//3501
f 3478//3478 3501//3501 3500//3500
f 3477//3477 3500//3500 3499//3499
f 3476//3476 3499//3499 3498//3498
f 3475//3475 3498//3498 3497//3497
f 3474//3474 3497//3497 3496//3496
f 3473//3473 3496//3496 3495//3495
f 3472//3472 3495//3495 3494//3494
f 3471//3471 3494//3494 3256//3256
f 2953//2953 2955//2955 3493//3493
f 3470//3470 3493//3493 3492//3492
f 3469//3469 3492//3492 3491//3491
f 3468//3468 3491//3491 3490//3490
f 3467//3467 3490//3490 3489//3489
f 3466//3466 3489//3489 3488//3488
f 3465//3465 3488//3488 3487//3487
f 3464//3464 3487//3487 3486//3486
f 3463//3463 3486//3486 3485//3485
f 3462//3462 3485//3485 3484//3484
f 3461//3461 3484//3484 3483//3483
f 3460//3460 3483//3483 3482//3482
f 3459//3459 3482//3482 3481//3481
f 3458//3458 3481//3481 3480//3480
f 3457//3457 3480//3480 3479//3479
f 3456//3456 3479//3479 3478//3478
f 3455//3455 3478//3478 3477//3477
f 3454//3454 3477//3477 3476//3476
f 3453//3453 3476//3476 3475//3475
f 3452//3452 3475//3475 3474//3474
f 3451//3451 3474//3474 3473//3473
f 3450//3450 3473//3473 3472//3472
f 3449//3449 3472//3472 3471//3471
f 3448//3448 3471//3471 3254//3254
f 2950//2950 2953//2953 3470//3470
f 3447//3447 3470//3470 3469//3469
f 3446//3446 3469//3469 3468//3468
f 3445//3445 3468//3468 3467//3467
f 3444//3444 3467//3467 3466//3466
f 3443//3443 3466//3466 3465//3465
f 3442//3442 3465//3465 3464//3464
f 3441//3441 3464//3464 3463//3463
f 3440//3440 3463//3463 3462//3462
f 3439//3439 3462//3462 3461//3461
f 3438//3438 3461//3461 3460//3460
f 3437//3437 3460//3460 3459//3459
f 3436//3436 3459//3459 3458//3458
f 3435//3435 3458//3458 3457//3457
f 3434//3434 3457//3457 3456//3456
f 3433//3433 3456//3456 3455//3455
f 3432//3432 3455//3455 3454//3454
f 3431//3431 3454//3454 3453//3453
f 3430//3430 3453//3453 3452//3452
f 3429//3429 3452//3452 3451//3451
f 3428//3428 3451//3451 3450//3450
f 3427//3427 3450//3450 3449//3449
f 3426//3426 3449//3449 3448//3448
f 3425//3425 3448//3448 3253//3253
f 2949//2949 2950//2950 3447//3447
f 3424//3424 3447//3447 3446//3446
f 3423//3423 3446//3446 3445//3445
f 3422//3422 3445//3445 3444//3444
f 3421//3421 3444//3444 3443//3443
f 3420//3420 3443//3443 3442//3442
f 3419//3419 3442//3442 3441//3441
f 3418//3418 3441//3441 3440//3440
f 3417//3417 3440//3440 3439//3439
f 3416//3416 3439//3439 3438//3438
f 3415//3415 3438//3438 3437//3437
f 3414//3414 3437//3437 3436//3436
f 3413//3413 3436//3436 3435//3435
f 3412//3412 3435//3435 3434//3434
f 3411//3411 3434//3434 3433//3433
f 3410//3410 3433//3433 3432//3432
f 3409//3409 3432//3432 3431//3431
f 3408//3408 3431//3431 3430//3430
f 3407//3407 3430//3430 3429//3429
f 3406//3406 3429//3429 3428//3428
f 3405//3405 3428//3428 3427//3427
f 3404//3404 3427//3427 3426//3426
f 3403//3403 3426//3426 3425//3425
f 3402//3402 3425//3425 3251//3251
f 2947//2947 2949//2949 3424//3424
f 3401//3401 3424//3424 3423//3423
f 3400//3400 3423//3423 3422//3422
f 3399//3399 3422//3422 3421//3421
f 3398//3398 3421//3421 3420//3420
f 3397//3397 3420//3420 3419//3419
f 3396//3396 3419//3419 3418//3418
f 3395//3395 3418//3418 3417//3417
f 3394//3394 3417//3417 3416//3416
f 3393//3393 3416//3416 3415//3415
f 3392//3392 3415//3415 3414//3414
f 3391//3391 3414//3414 3413//3413
f 3390//3390 3413//3413 3412//3412
f 3389//3389 3412//3412 3411//3411
f 3388//3388 3411//3411 3410//3410
f 3387//3387 3410//3410 3409//3409
f 3386//3386 3409//3409 3408//3408
f 3385//3385 3408//3408 3407//3407
f 3384//3384 3407//3407 3406//3406
f 3383//3383 3406//3406 3405//3405
f 3382//3382 3405//3405 3404//3404
f 3381//3381 3404//3404 3403//3403
f 3380//3380 3403//3403 3402//3402
f 3379//3379 3402//3402 3249//3249
f 2945//2945 2947//2947 3401//3401
f 3378//3378 3401//3401 3400//3400
f 3377//3377 3400//3400 3399//3399
f 3376//3376 3399//3399 3398//3398
f 3375//3375 3398//3398 3397//3397
f 3374//3374 3397//3397 3396//3396
f 3373//3373 3396//3396 3395//3395
f 3372//3372 3395//3395 3394//3394
f 3371//3371 3394//3394 3393//3393
f 3370//3370 3393//3393 3392//3392
f 3369//3369 3392//3392 3391//3391
f 3368//3368 3391//3391 3390//3390
f 3367//3367 3390//3390 3389//3389
f 3366//3366 3389//3389 3388//3388
f 3365//3365 3388//3388 3387//3387
f 3364//3364 3387//3387 3386//3386
f 3363//3363 3386//3386 3385//3385
f 3362//3362 3385//3385 3384//3384
f 3361//3361 3384//3384 3383//3383
f 3360//3360 3383//3383 3382//3382
f 3359//3359 3382//3382 3381//3381
f 3358//3358 3381//3381 3380//3380
f 3357//3357 3380//3380 3379//3379
f 3356//3356 3379//3379 3246//3246
f 2943//2943 2945//2945 3378//3378
f 3355//3355 3378//3378 3377//3377
f 3354//3354 3377//3377 3376//3376
f 3353//3353 3376//3376 3375//3375
f 3352//3352 3375//3375 3374//3374
f 3351//3351 3374//3374 3373//3373
f 3350//3350 3373//3373 3372//3372
f 3349//3349 3372//3372 3371//3371
f 3348//3348 3371//3371 3370//3370
f 3347//3347 3370//3370 3369//3369
f 3346//3346 3369//3369 3368//3368
f 3345//3345 3368//3368 3367//3367
f 3344//3344 3367//3367 3366//3366
f 3343//3343 3366//3366 3365//3365
f 3342//3342 3365//3365 3364//3364
f 3341//3341 3364//3364 3363//3363
f 3340//3340 3363//3363 3362//3362
f 3339//3339 3362//3362 3361//3361
f 3338//3338 3361//3361 3360//3360
f 3337//3337 3360//3360 3359//3359
f 3336//3336 3359//3359 3358//3358
f 3335//3335 3358//3358 3357//3357
f 3334//3334 3357//3357 3356//3356
f 3333//3333 3356//3356 3245//3245
f 2940//2940 2943//2943 3355//3355
f 3332//3332 3355//3355 3354//3354
f 3331//3331 3354//3354 3353//3353
f 3330//3330 3353//3353 3352//3352
f 3329//3329 3352//3352 3351//3351
f 3328//3328 3351//3351 3350//3350
f 3327//3327 3350//3350 3349//3349
f 3326//3326 3349//3349 3348//3348
f 3325//3325 3348//3348 3347//3347
f 3324//3324 3347//3347 3346//3346
f 3323//3323 3346//3346 3345//3345
f 3322//3322 3345//3345 3344//3344
f 3321//3321 3344//3344 3343//3343
f 3320//3320 3343//3343 3342//3342
f 3319//3319 3342//3342 3341//3341
f 3318//3318 3341//3341 3340//3340
f 3317//3317 3340//3340 3339//3339
f 3316//3316 3339//3339 3338//3338
f 3315//3315 3338//3338 3337//3337
f 3314//3314 3337//3337 3336//3336
f 3313//3313 3336//3336 3335//3335
f 3312//3312 3335//3335 3334//3334
f 3311//3311 3334//3334 3333//3333
f 3310//3310 3333//3333 3243//3243
f 2939//2939 2940//2940 3332//3332
f 3309//3309 3332//3332 3331//3331
f 3308//3308 3331//3331 3330//3330
f 3307//3307 3330//3330 3329//3329
f 3306//3306 3329//3329 3328//3328
f 3305//3305 3328//3328 3327//3327
f 3304//3304 3327//3327 3326//3326
f 3303//3303 3326//3326 3325//3325
f 3302//3302 3325//3325 3324//3324
f 3301//3301 3324//3324 3323//3323
f 3300//3300 3323//3323 3322//3322
f 3299//3299 3322//3322 3321//3321
f 3298//3298 3321//3321 3320//3320
f 3297//3297 3320//3320 3319//3319
f 3296//3296 3319//3319 3318//3318
f 3295//3295 3318//3318 3317//3317
f 3294//3294 3317//3317 3316//3316
f 3293//3293 3316//3316 3315//3315
f 3292//3292 3315//3315 3314//3314
f 3291//3291 3314//3314 3313//3313
f 3290//3290 3313//3313 3312//3312
f 3289//3289 3312//3312 3311//3311
f 3288//3288 3311//3311 3310//3310
f 3287//3287 3310//3310 3241//3241
f 2937//2937 2939//2939 3309//3309
f 3286//3286 3309//3309 3308//3308
f 3285//3285 3308//3308 3307//3307
f 3284//3284 3307//3307 3306//3306
f 3283//3283 3306//3306 3305//3305
f 3282//3282 3305//3305 3304//3304
f 3281//3281 3304//3304 3303//3303
f 3280//3280 3303//3303 3302//3302
f 3279//3279 3302//3302 3301//3301
f 3278//3278 3301//3301 3300//3300
f 3276//3276 3300//3300 3299//3299
f 3277//3277 3299//3299 3298//3298
f 3275//3275 3298//3298 3297//3297
f 3274//3274 3297//3297 3296//3296
f 3273//3273 3296//3296 3295//3295
f 3272//3272 3295//3295 3294//3294
f 3271//3271 3294//3294 3293//3293
f 3270//3270 3293//3293 3292//3292
f 3269//3269 3292//3292 3291//3291
f 3268//3268 3291//3291 3290//3290
f 3267//3267 3290//3290 3289//3289
f 3266//3266 3289//3289 3288//3288
f 3265//3265 3288//3288 3287//3287
f 3264//3264 3287//3287 3239//3239
f 2733//2733 2923//2923 2937//2937
f 2736//2736 2730//2730 3286//3286
f 2741//2741 2735//2735 3285//3285
f 2745//2745 2739//2739 3284//3284
f 2749//2749 2743//2743 3283//3283
f 2752//2752 2747//2747 3282//3282
f 2756//2756 2750//2750 3281//3281
f 2760//2760 2755//2755 3280//3280
f 2764//2764 2758//2758 3279//3279
f 2768//2768 2762//2762 3278//3278
f 2771//2771 2766//2766 3276//3276
f 2773//2773 3277//3277 3275//3275
f 2775//2775 3275//3275 3274//3274
f 2779//2779 2777//2777 3274//3274
f 2783//2783 2781//2781 3273//3273
f 2786//2786 2785//2785 3272//3272
f 2790//2790 2788//2788 3271//3271
f 2794//2794 2792//2792 3270//3270
f 2799//2799 2796//2796 3269//3269
f 2803//2803 2800//2800 3268//3268
f 2807//2807 2805//2805 3267//3267
f 2811//2811 2809//2809 3266//3266
f 2815//2815 2813//2813 3265//3265
f 2826//2826 2816//2816 3264//3264
f 3263//3263 414//414 3586//3586
f 3261//3261 3263//3263 3711//3711
f 3259//3259 3261//3261 3712//3712
f 3257//3257 3259//3259 3713//3713
f 3255//3255 3257//3257 3714//3714
f 3252//3252 3255//3255 3715//3715
f 3250//3250 3252//3252 3716//3716
f 3248//3248 3250//3250 3717//3717
f 3247//3247 3248//3248 3718//3718
f 3244//3244 3247//3247 3719//3719
f 3242//3242 3244//3244 3720//3720
f 3240//3240 3242//3242 3721//3721
f 3238//3238 3240//3240 3722//3722
f 3236//3236 3238//3238 3723//3723
f 2828//2828 3236//3236 3724//3724
f 3711//3711 3589//3589 3591//3591
f 3711//3711 3586//3586 3589//3589
f 3712//3712 3711//3711 3725//3725
f 3713//3713 3712//3712 3726//3726
f 3714//3714 3713//3713 3727//3727
f 3715//3715 3714//3714 3728//3728
f 3716//3716 3715//3715 3729//3729
f 3717//3717 3716//3716 3730//3730
f 3718//3718 3717//3717 3731//3731
f 3719//3719 3718//3718 3732//3732
f 3720//3720 3719//3719 3733//3733
f 3721//3721 3720//3720 3734//3734
f 3722//3722 3721//3721 3735//3735
f 3723//3723 3722//3722 3736//3736
f 3724//3724 3723//3723 3737//3737
f 2824//2824 3724//3724 3738//3738
f 3739//3739 3725//3725 3592//3592
f 3725//3725 3591//3591 3592//3592
f 3726//3726 3725//3725 3739//3739
f 3727//3727 3726//3726 3740//3740
f 3728//3728 3727//3727 3741//3741
f 3729//3729 3728//3728 3742//3742
f 3730//3730 3729//3729 3743//3743
f 3731//3731 3730//3730 3744//3744
f 3732//3732 3731//3731 3745//3745
f 3733//3733 3732//3732 3746//3746
f 3734//3734 3733//3733 3747//3747
f 3735//3735 3734//3734 3748//3748
f 3736//3736 3735//3735 3749//3749
f 3737//3737 3736//3736 3750//3750
f 3738//3738 3737//3737 3751//3751
f 2818//2818 3738//3738 3752//3752
f 3753//3753 3739//3739 3595//3595
f 3739//3739 3596//3596 3595//3595
f 3740//3740 3739//3739 3753//3753
f 3741//3741 3740//3740 3754//3754
f 3742//3742 3741//3741 3755//3755
f 3743//3743 3742//3742 3756//3756
f 3744//3744 3743//3743 3757//3757
f 3745//3745 3744//3744 3758//3758
f 3746//3746 3745//3745 3759//3759
f 3747//3747 3746//3746 3760//3760
f 3748//3748 3747//3747 3761//3761
f 3749//3749 3748//3748 3762//3762
f 3750//3750 3749//3749 3763//3763
f 3751//3751 3750//3750 3764//3764
f 3752//3752 3751//3751 3765//3765
f 2820//2820 3752//3752 3766//3766
f 3753//3753 3599//3599 3601//3601
f 3601//3601 3767//3767 3753//3753
f 3754//3754 3753//3753 3767//3767
f 3755//3755 3754//3754 3768//3768
f 3756//3756 3755//3755 3769//3769
f 3757//3757 3756//3756 3770//3770
f 3758//3758 3757//3757 3771//3771
f 3759//3759 3758//3758 3772//3772
f 3760//3760 3759//3759 3773//3773
f 3761//3761 3760//3760 3774//3774
f 3762//3762 3761//3761 3775//3775
f 3763//3763 3762//3762 3776//3776
f 3764//3764 3763//3763 3777//3777
f 3765//3765 3764//3764 3778//3778
f 3766//3766 3765//3765 3779//3779
f 2822//2822 3766//3766 3780//3780
f 3767//3767 3603//3603 3605//3605
f 3605//3605 3781//3781 3767//3767
f 3768//3768 3767//3767 3781//3781
f 3769//3769 3768//3768 3782//3782
f 3770//3770 3769//3769 3783//3783
f 3771//3771 3770//3770 3784//3784
f 3772//3772 3771//3771 3785//3785
f 3773//3773 3772//3772 3786//3786
f 3774//3774 3773//3773 3787//3787
f 3775//3775 3774//3774 3788//3788
f 3776//3776 3775//3775 3789//3789
f 3777//3777 3776//3776 3790//3790
f 3778//3778 3777//3777 3791//3791
f 3779//3779 3778//3778 3792//3792
f 3780//3780 3779//3779 3793//3793
f 3780//3780 3794//3794 2852//2852
f 3794//3794 2847//2847 2852//2852
f 3781//3781 3606//3606 3609//3609
f 3609//3609 3795//3795 3781//3781
f 3782//3782 3781//3781 3795//3795
f 3783//3783 3782//3782 3796//3796
f 3784//3784 3783//3783 3797//3797
f 3785//3785 3784//3784 3798//3798
f 3786//3786 3785//3785 3799//3799
f 3787//3787 3786//3786 3800//3800
f 3788//3788 3787//3787 3801//3801
f 3789//3789 3788//3788 3802//3802
f 3790//3790 3789//3789 3803//3803
f 3791//3791 3790//3790 3804//3804
f 3792//3792 3791//3791 3805//3805
f 3793//3793 3792//3792 3806//3806
f 3794//3794 3793//3793 3807//3807
f 2847//2847 3794//3794 3808//3808
f 3795//3795 3611//3611 3612//3612
f 3796//3796 3795//3795 3809//3809
f 3797//3797 3796//3796 3810//3810
f 3798//3798 3797//3797 3811//3811
f 3799//3799 3798//3798 3812//3812
f 3800//3800 3799//3799 3813//3813
f 3801//3801 3800//3800 3814//3814
f 3802//3802 3801//3801 3815//3815
f 3803//3803 3802//3802 3816//3816
f 3804//3804 3803//3803 3817//3817
f 3805//3805 3804//3804 3818//3818
f 3806//3806 3805//3805 3819//3819
f 3807//3807 3806//3806 3820//3820
f 3808//3808 3807//3807 3821//3821
f 2849//2849 3808//3808 3822//3822
f 3823//3823 3809//3809 3615//3615
f 3809//3809 3612//3612 3615//3615
f 3810//3810 3809//3809 3823//3823
f 3811//3811 3810//3810 3824//3824
f 3812//3812 3811//3811 3825//3825
f 3813//3813 3812//3812 3826//3826
f 3814//3814 3813//3813 3827//3827
f 3815//3815 3814//3814 3828//3828
f 3816//3816 3815//3815 3829//3829
f 3817//3817 3816//3816 3830//3830
f 3818//3818 3817//3817 3831//3831
f 3819//3819 3818//3818 3832//3832
f 3820//3820 3819//3819 3833//3833
f 3821//3821 3820//3820 3834//3834
f 3822//3822 3821//3821 3835//3835
f 2850//2850 3822//3822 3836//3836
f 3837//3837 3823//3823 3616//3616
f 3823//3823 3618//3618 3616//3616
f 3824//3824 3823//3823 3837//3837
f 3825//3825 3824//3824 3838//3838
f 3826//3826 3825//3825 3839//3839
f 3827//3827 3826//3826 3840//3840
f 3828//3828 3827//3827 3841//3841
f 3829//3829 3828//3828 3842//3842
f 3830//3830 3829//3829 3843//3843
f 3831//3831 3830//3830 3844//3844
f 3832//3832 3831//3831 3845//3845
f 3833//3833 3832//3832 3846//3846
f 3834//3834 3833//3833 3847//3847
f 3835//3835 3834//3834 3848//3848
f 3836//3836 3835//3835 3849//3849
f 2844//2844 3836//3836 3850//3850
f 3851//3851 3837//3837 3621//3621
f 3837//3837 3623//3623 3621//3621
f 3838//3838 3837//3837 3851//3851
f 3839//3839 3838//3838 3852//3852
f 3840//3840 3839//3839 3853//3853
f 3841//3841 3840//3840 3854//3854
f 3842//3842 3841//3841 3855//3855
f 3851//3851 3625//3625 3627//3627
f 3852//3852 3851//3851 3856//3856
f 3853//3853 3852//3852 3857//3857
f 3629//3629 3630//3630 3633//3633
f 3635//3635 3637//3637 3629//3629
f 3639//3639 3856//3856 3641//3641
f 3637//3637 3635//3635 3639//3639
f 3856//3856 3627//3627 3641//3641
f 3856//3856 3639//3639 3643//3643
f 3857//3857 3646//3646 3647//3647
f 3857//3857 3650//3650 3646//3646
f 3857//3857 3643//3643 3650//3650
f 3858//3858 3647//3647 3651//3651
f 3853//3853 3858//3858 3653//3653
f 3858//3858 3655//3655 3653//3653
f 3854//3854 3657//3657 3659//3659
f 3854//3854 3653//3653 3657//3657
f 3855//3855 3662//3662 3664//3664
f 3855//3855 3665//3665 3662//3662
f 3855//3855 3659//3659 3665//3665
f 3859//3859 3664//3664 3668//3668
f 3842//3842 3670//3670 3671//3671
f 3842//3842 3859//3859 3674//3674
f 3674//3674 3670//3670 3842//3842
f 3843//3843 3675//3675 3678//3678
f 3843//3843 3671//3671 3675//3675
f 3844//3844 3680//3680 3681//3681
f 3844//3844 3684//3684 3680//3680
f 3844//3844 3678//3678 3684//3684
f 3845//3845 3685//3685 3687//3687
f 3845//3845 3681//3681 3685//3685
f 3846//3846 3689//3689 3691//3691
f 3846//3846 3687//3687 3694//3694
f 3694//3694 3689//3689 3846//3846
f 3847//3847 3691//3691 3696//3696
f 3696//3696 3848//3848 3847//3847
f 3849//3849 3697//3697 3699//3699
f 3848//3848 3702//3702 3697//3697
f 3697//3697 3849//3849 3848//3848
f 3850//3850 3849//3849 3703//3703
f 3703//3703 3705//3705 3850//3850
f 2840//2840 3850//3850 3708//3708
f 3708//3708 3709//3709 2840//2840
f 3709//3709 2843//2843 2840//2840
f 3705//3705 3708//3708 3850//3850
f 3699//3699 3703//3703 3849//3849
f 3696//3696 3702//3702 3848//3848
f 3691//3691 3847//3847 3846//3846
f 3687//3687 3846//3846 3845//3845
f 3681//3681 3845//3845 3844//3844
f 3678//3678 3844//3844 3843//3843
f 3671//3671 3843//3843 3842//3842
f 3668//3668 3674//3674 3859//3859
f 3664//3664 3859//3859 3855//3855
f 3659//3659 3855//3855 3854//3854
f 3653//3653 3854//3854 3853//3853
f 3651//3651 3655//3655 3858//3858
f 3647//3647 3858//3858 3857//3857
f 3643//3643 3857//3857 3856//3856
f 3641//3641 3637//3637 3639//3639
f 3633//3633 3635//3635 3629//3629
f 3857//3857 3858//3858 3853//3853
f 3856//3856 3857//3857 3852//3852
f 3627//3627 3856//3856 3851//3851
f 3855//3855 3859//3859 3842//3842
f 3854//3854 3855//3855 3841//3841
f 3853//3853 3854//3854 3840//3840
f 3852//3852 3853//3853 3839//3839
f 3851//3851 3852//3852 3838//3838
f 3621//3621 3625//3625 3851//3851
f 3850//3850 2840//2840 2844//2844
f 3849//3849 3850//3850 3836//3836
f 3848//3848 3849//3849 3835//3835
f 3847//3847 3848//3848 3834//3834
f 3846//3846 3847//3847 3833//3833
f 3845//3845 3846//3846 3832//3832
f 3844//3844 3845//3845 3831//3831
f 3843//3843 3844//3844 3830//3830
f 3842//3842 3843//3843 3829//3829
f 3841//3841 3842//3842 3828//3828
f 3840//3840 3841//3841 3827//3827
f 3839//3839 3840//3840 3826//3826
f 3838//3838 3839//3839 3825//3825
f 3837//3837 3838//3838 3824//3824
f 3616//3616 3623//3623 3837//3837
f 3836//3836 2844//2844 2850//2850
f 3835//3835 3836//3836 3822//3822
f 3834//3834 3835//3835 3821//3821
f 3833//3833 3834//3834 3820//3820
f 3832//3832 3833//3833 3819//3819
f 3831//3831 3832//3832 3818//3818
f 3830//3830 3831//3831 3817//3817
f 3829//3829 3830//3830 3816//3816
f 3828//3828 3829//3829 3815//3815
f 3827//3827 3828//3828 3814//3814
f 3826//3826 3827//3827 3813//3813
f 3825//3825 3826//3826 3812//3812
f 3824//3824 3825//3825 3811//3811
f 3823//3823 3824//3824 3810//3810
f 3615//3615 3618//3618 3823//3823
f 3822//3822 2850//2850 2849//2849
f 3821//3821 3822//3822 3808//3808
f 3820//3820 3821//3821 3807//3807
f 3819//3819 3820//3820 3806//3806
f 3818//3818 3819//3819 3805//3805
f 3817//3817 3818//3818 3804//3804
f 3816//3816 3817//3817 3803//3803
f 3815//3815 3816//3816 3802//3802
f 3814//3814 3815//3815 3801//3801
f 3813//3813 3814//3814 3800//3800
f 3812//3812 3813//3813 3799//3799
f 3811//3811 3812//3812 3798//3798
f 3810//3810 3811//3811 3797//3797
f 3809//3809 3810//3810 3796//3796
f 3612//3612 3809//3809 3795//3795
f 3808//3808 2849//2849 2847//2847
f 3807//3807 3808//3808 3794//3794
f 3806//3806 3807//3807 3793//3793
f 3805//3805 3806//3806 3792//3792
f 3804//3804 3805//3805 3791//3791
f 3803//3803 3804//3804 3790//3790
f 3802//3802 3803//3803 3789//3789
f 3801//3801 3802//3802 3788//3788
f 3800//3800 3801//3801 3787//3787
f 3799//3799 3800//3800 3786//3786
f 3798//3798 3799//3799 3785//3785
f 3797//3797 3798//3798 3784//3784
f 3796//3796 3797//3797 3783//3783
f 3795//3795 3796//3796 3782//3782
f 3609//3609 3611//3611 3795//3795
f 2852//2852 2832//2832 3780//3780
f 3793//3793 3794//3794 3780//3780
f 3792//3792 3793//3793 3779//3779
f 3791//3791 3792//3792 3778//3778
f 3790//3790 3791//3791 3777//3777
f 3789//3789 3790//3790 3776//3776
f 3788//3788 3789//3789 3775//3775
f 3787//3787 3788//3788 3774//3774
f 3786//3786 3787//3787 3773//3773
f 3785//3785 3786//3786 3772//3772
f 3784//3784 3785//3785 3771//3771
f 3783//3783 3784//3784 3770//3770
f 3782//3782 3783//3783 3769//3769
f 3781//3781 3782//3782 3768//3768
f 3605//3605 3606//3606 3781//3781
f 3780//3780 2832//2832 2822//2822
f 3779//3779 3780//3780 3766//3766
f 3778//3778 3779//3779 3765//3765
f 3777//3777 3778//3778 3764//3764
f 3776//3776 3777//3777 3763//3763
f 3775//3775 3776//3776 3762//3762
f 3774//3774 3775//3775 3761//3761
f 3773//3773 3774//3774 3760//3760
f 3772//3772 3773//3773 3759//3759
f 3771//3771 3772//3772 3758//3758
f 3770//3770 3771//3771 3757//3757
f 3769//3769 3770//3770 3756//3756
f 3768//3768 3769//3769 3755//3755
f 3767//3767 3768//3768 3754//3754
f 3601//3601 3603//3603 3767//3767
f 3766//3766 2822//2822 2820//2820
f 3765//3765 3766//3766 3752//3752
f 3764//3764 3765//3765 3751//3751
f 3763//3763 3764//3764 3750//3750
f 3762//3762 3763//3763 3749//3749
f 3761//3761 3762//3762 3748//3748
f 3760//3760 3761//3761 3747//3747
f 3759//3759 3760//3760 3746//3746
f 3758//3758 3759//3759 3745//3745
f 3757//3757 3758//3758 3744//3744
f 3756//3756 3757//3757 3743//3743
f 3755//3755 3756//3756 3742//3742
f 3754//3754 3755//3755 3741//3741
f 3753//3753 3754//3754 3740//3740
f 3595//3595 3599//3599 3753//3753
f 3752//3752 2820//2820 2818//2818
f 3751//3751 3752//3752 3738//3738
f 3750//3750 3751//3751 3737//3737
f 3749//3749 3750//3750 3736//3736
f 3748//3748 3749//3749 3735//3735
f 3747//3747 3748//3748 3734//3734
f 3746//3746 3747//3747 3733//3733
f 3745//3745 3746//3746 3732//3732
f 3744//3744 3745//3745 3731//3731
f 3743//3743 3744//3744 3730//3730
f 3742//3742 3743//3743 3729//3729
f 3741//3741 3742//3742 3728//3728
f 3740//3740 3741//3741 3727//3727
f 3739//3739 3740//3740 3726//3726
f 3592//3592 3596//3596 3739//3739
f 3738//3738 2818//2818 2824//2824
f 3737//3737 3738//3738 3724//3724
f 3736//3736 3737//3737 3723//3723
f 3735//3735 3736//3736 3722//3722
f 3734//3734 3735//3735 3721//3721
f 3733//3733 3734//3734 3720//3720
f 3732//3732 3733//3733 3719//3719
f 3731//3731 3732//3732 3718//3718
f 3730//3730 3731//3731 3717//3717
f 3729//3729 3730//3730 3716//3716
f 3728//3728 3729//3729 3715//3715
f 3727//3727 3728//3728 3714//3714
f 3726//3726 3727//3727 3713//3713
f 3725//3725 3726//3726 3712//3712
f 3591//3591 3725//3725 3711//3711
f 3724//3724 2824//2824 2828//2828
f 3723//3723 3724//3724 3236//3236
f 3722//3722 3723//3723 3238//3238
f 3721//3721 3722//3722 3240//3240
f 3720//3720 3721//3721 3242//3242
f 3719//3719 3720//3720 3244//3244
f 3718//3718 3719//3719 3247//3247
f 3717//3717 3718//3718 3248//3248
f 3716//3716 3717//3717 3250//3250
f 3715//3715 3716//3716 3252//3252
f 3714//3714 3715//3715 3255//3255
f 3713//3713 3714//3714 3257//3257
f 3712//3712 3713//3713 3259//3259
f 3711//3711 3712//3712 3261//3261
f 3586//3586 3711//3711 3263//3263
f 3587//3587 413//413 405//405
f 405//405 2965//2965 3587//3587
f 2968//2968 3588//3588 3587//3587
f 2967//2967 3590//3590 3588//3588
f 3588//3588 2968//2968 2967//2967
f 2973//2973 3593//3593 3590//3590
f 2970//2970 3597//3597 3593//3593
f 2970//2970 3594//3594 3597//3597
f 3593//3593 2973//2973 2970//2970
f 2975//2975 3598//3598 3594//3594
f 2975//2975 3600//3600 3598//3598
f 3594//3594 2977//2977 2975//2975
f 3602//3602 3600//3600 2978//2978
f 2978//2978 2980//2980 3602//3602
f 2982//2982 3604//3604 3602//3602
f 2984//2984 3607//3607 3604//3604
f 2984//2984 3608//3608 3607//3607
f 3604//3604 2982//2982 2984//2984
f 2988//2988 3610//3610 3608//3608
f 3608//3608 2986//2986 2988//2988
f 2990//2990 3613//3613 3610//3610
f 2990//2990 3614//3614 3613//3613
f 2988//2988 2990//2990 3610//3610
f 3619//3619 3614//3614 2995//2995
f 2995//2995 2992//2992 3619//3619
f 2998//2998 3617//3617 3619//3619
f 2996//2996 3622//3622 3617//3617
f 2996//2996 3620//3620 3622//3622
f 3617//3617 2998//2998 2996//2996
f 3624//3624 3620//3620 3002//3002
f 3002//3002 3000//3000 3624//3624
f 3004//3004 3626//3626 3624//3624
f 3004//3004 3642//3642 3626//3626
f 3000//3000 3004//3004 3624//3624
f 3638//3638 3642//3642 3076//3076
f 3076//3076 3075//3075 3638//3638
f 3082//3082 3628//3628 3638//3638
f 3086//3086 3861//3861 3862//3862
f 3862//3862 3632//3632 3086//3086
f 3628//3628 3082//3082 3086//3086
f 3861//3861 3864//3864 3866//3866
f 3864//3864 3861//3861 3869//3869
f 3869//3869 3870//3870 3864//3864
f 3869//3869 3873//3873 3870//3870
f 3873//3873 3875//3875 3870//3870
f 3875//3875 3877//3877 3878//3878
f 3877//3877 3875//3875 3880//3880
f 3880//3880 3882//3882 3877//3877
f 3880//3880 3884//3884 3882//3882
f 3884//3884 3887//3887 3882//3882
f 3887//3887 3888//3888 3891//3891
f 3895//3895 3897//3897 3899//3899
f 3888//3888 3887//3887 3897//3897
f 3897//3897 3895//3895 3888//3888
f 3899//3899 3900//3900 3895//3895
f 3891//3891 3882//3882 3887//3887
f 3878//3878 3870//3870 3875//3875
f 3866//3866 3862//3862 3861//3861
f 3632//3632 3628//3628 3086//3086
f 3075//3075 3082//3082 3638//3638
f 3004//3004 3076//3076 3642//3642
f 2996//2996 3002//3002 3620//3620
f 2992//2992 2998//2998 3619//3619
f 2990//2990 2995//2995 3614//3614
f 2984//2984 2986//2986 3608//3608
f 2980//2980 2982//2982 3602//3602
f 2975//2975 2978//2978 3600//3600
f 2970//2970 2977//2977 3594//3594
f 2967//2967 2973//2973 3590//3590
f 2965//2965 2968//2968 3587//3587
f 2884//2884 2894//2894 2899//2899
f 2899//2899 2890//2890 2884//2884
f 2897//2897 2894//2894 2884//2884
f 2881//2881 2919//2919 3904//3904
f 3904//3904 2919//2919 2911//2911
f 2887//2887 2888//2888 3904//3904
f 3904//3904 2897//2897 2887//2887
f 2911//2911 2897//2897 3904//3904
f 2915//2915 2919//2919 2881//2881
f 2917//2917 2915//2915 2879//2879
f 3025//3025 2510//2510 2508//2508
f 3025//3025 3905//3905 2521//2521
f 2521//2521 2514//2514 3025//3025
f 2514//2514 2510//2510 3025//3025
f 3025//3025 2528//2528 3905//3905
f 3905//3905 2528//2528 2524//2524
f 3905//3905 2519//2519 2516//2516
f 3905//3905 2522//2522 2519//2519
f 2516//2516 2521//2521 3905//3905
f 2524//2524 2522//2522 3905//3905
f 3906//3906 2534//2534 2531//2531
f 2922//2922 2917//2917 2883//2883
f 2534//2534 3906//3906 3007//3007
f 3007//3007 2922//2922 2534//2534
f 2883//2883 2534//2534 2922//2922
f 2528//2528 3013//3013 3906//3906
f 2531//2531 2528//2528 3906//3906
f 3011//3011 3009//3009 3906//3906
f 3906//3906 3013//3013 3011//3011
f 2528//2528 3017//3017 3015//3015
f 2528//2528 3021//3021 3017//3017
f 2528//2528 3026//3026 3019//3019
f 2528//2528 3025//3025 3023//3023
f 3023//3023 3026//3026 2528//2528
f 3019//3019 3021//3021 2528//2528
f 3015//3015 3013//3013 2528//2528
f 3906//3906 3009//3009 3007//3007
f 3050//3050 2491//2491 2488//2488
f 3050//3050 2497//2497 2495//2495
f 3050//3050 2498//2498 2503//2503
f 3050//3050 2507//2507 2504//2504
f 2504//2504 2500//2500 3050//3050
f 2500//2500 2498//2498 3050//3050
f 2503//2503 2497//2497 3050//3050
f 2495//2495 2491//2491 3050//3050
f 2488//2488 2493//2493 3050//3050
f 3040//3040 3038//3038 3907//3907
f 2507//2507 3033//3033 3025//3025
f 2507//2507 3030//3030 3028//3028
f 2507//2507 3043//3043 3036//3036
f 3036//3036 3034//3034 2507//2507
f 3034//3034 3030//3030 2507//2507
f 2507//2507 3907//3907 3038//3038
f 2507//2507 3050//3050 3907//3907
f 3038//3038 3043//3043 2507//2507
f 3028//3028 3033//3033 2507//2507
f 3907//3907 3050//3050 3047//3047
f 3050//3050 3048//3048 3047//3047
f 3047//3047 3045//3045 3907//3907
f 3025//3025 2512//2512 2507//2507
f 3907//3907 3045//3045 3040//3040
f 3068//3068 2470//2470 2466//2466
f 3068//3068 2472//2472 2474//2474
f 3068//3068 2477//2477 2472//2472
f 2474//2474 2470//2470 3068//3068
f 2481//2481 2485//2485 3908//3908
f 3068//3068 2483//2483 3908//3908
f 3908//3908 2479//2479 3068//3068
f 2479//2479 2477//2477 3068//3068
f 3908//3908 2485//2485 2479//2479
f 3908//3908 2483//2483 2481//2481
f 2486//2486 3058//3058 3056//3056
f 3056//3056 3055//3055 2486//2486
f 2486//2486 3061//3061 3058//3058
f 3055//3055 3052//3052 2486//2486
f 2486//2486 3067//3067 3065//3065
f 2486//2486 2483//2483 3068//3068
f 3068//3068 3067//3067 2486//2486
f 3065//3065 3062//3062 2486//2486
f 3062//3062 3061//3061 2486//2486
f 3052//3052 3050//3050 2486//2486
f 2459//2459 3072//3072 3070//3070
f 2459//2459 3079//3079 3072//3072
f 3079//3079 2459//2459 2448//2448
f 2448//2448 3080//3080 3079//3079
f 3070//3070 3068//3068 2459//2459
f 3068//3068 2464//2464 2463//2463
f 2464//2464 2468//2468 2463//2463
f 2463//2463 2459//2459 3068//3068
f 2688//2688 3860//3860 3085//3085
f 2688//2688 2693//2693 3868//3868
f 3868//3868 3860//3860 2688//2688
f 3080//3080 2456//2456 2454//2454
f 2454//2454 2688//2688 3080//3080
f 2696//2696 2705//2705 3881//3881
f 3881//3881 3874//3874 2696//2696
f 3874//3874 3872//3872 2696//2696
f 3868//3868 2693//2693 2691//2691
f 2691//2691 2696//2696 3868//3868
f 2708//2708 2717//2717 3896//3896
f 3896//3896 3886//3886 2708//2708
f 3886//3886 3885//3885 2708//2708
f 3881//3881 2705//2705 2702//2702
f 2702//2702 2708//2708 3881//3881
f 3898//3898 2715//2715 2719//2719
f 2719//2719 3901//3901 3898//3898
f 3896//3896 2717//2717 2715//2715
f 3898//3898 3896//3896 2715//2715
f 3885//3885 3881//3881 2708//2708
f 3872//3872 3868//3868 2696//2696
f 3085//3085 3080//3080 2688//2688
f 2448//2448 2456//2456 3080//3080
f 2466//2466 2464//2464 3068//3068
f 2493//2493 2486//2486 3050//3050
f 2508//2508 2512//2512 3025//3025
f 2879//2879 2883//2883 2917//2917
f 2881//2881 2879//2879 2915//2915
f 3904//3904 2888//2888 2881//2881
f 2884//2884 2887//2887 2897//2897
f 2890//2890 2892//2892 2884//2884
f 2855//2855 2865//2865 2868//2868
f 2868//2868 2861//2861 2855//2855
f 2866//2866 2865//2865 2855//2855
f 2836//2836 2877//2877 3909//3909
f 3909//3909 2877//2877 2870//2870
f 2856//2856 2859//2859 3909//3909
f 3909//3909 2866//2866 2856//2856
f 2870//2870 2866//2866 3909//3909
f 2873//2873 2877//2877 2836//2836
f 2875//2875 2873//2873 2834//2834
f 2724//2724 3889//3889 3892//3892
f 3892//3892 2728//2728 2724//2724
f 2722//2722 3890//3890 3889//3889
f 3883//3883 3890//3890 2722//2722
f 2722//2722 2712//2712 3883//3883
f 2712//2712 2710//2710 3883//3883
f 2706//2706 3879//3879 3876//3876
f 3876//3876 3883//3883 2706//2706
f 3871//3871 3879//3879 2706//2706
f 2706//2706 2701//2701 3871//3871
f 2701//2701 2699//2699 3871//3871
f 2695//2695 3867//3867 3865//3865
f 3865//3865 3871//3871 2695//2695
f 3863//3863 2686//2686 2237//2237
f 3863//3863 3867//3867 2695//2695
f 2695//2695 2686//2686 3863//3863
f 2231//2231 3634//3634 3631//3631
f 3631//3631 3863//3863 2231//2231
f 3640//3640 2223//2223 2221//2221
f 3640//3640 2230//2230 2223//2223
f 2230//2230 3640//3640 3636//3636
f 3636//3636 2231//2231 2230//2230
f 2221//2221 2219//2219 3640//3640
f 2219//2219 3645//3645 3644//3644
f 3645//3645 3649//3649 3644//3644
f 3644//3644 3640//3640 2219//2219
f 2219//2219 3652//3652 3648//3648
f 2219//2219 3654//3654 3656//3656
f 2219//2219 3658//3658 3654//3654
f 3656//3656 3652//3652 2219//2219
f 3661//3661 3666//3666 3910//3910
f 2219//2219 3663//3663 3910//3910
f 3910//3910 3660//3660 2219//2219
f 3660//3660 3658//3658 2219//2219
f 3910//3910 3666//3666 3660//3660
f 3910//3910 3663//3663 3661//3661
f 3667//3667 2209//2209 2208//2208
f 2208//2208 2205//2205 3667//3667
f 3667//3667 2211//2211 2209//2209
f 2205//2205 2203//2203 3667//3667
f 3667//3667 2218//2218 2215//2215
f 3667//3667 3663//3663 2219//2219
f 2219//2219 2218//2218 3667//3667
f 2215//2215 2213//2213 3667//3667
f 2213//2213 2211//2211 3667//3667
f 2203//2203 2202//2202 3667//3667
f 2202//2202 3672//3672 3669//3669
f 2202//2202 3677//3677 3676//3676
f 2202//2202 3679//3679 3683//3683
f 2202//2202 3688//3688 3686//3686
f 3686//3686 3682//3682 2202//2202
f 3682//3682 3679//3679 2202//2202
f 3683//3683 3677//3677 2202//2202
f 3676//3676 3672//3672 2202//2202
f 3669//3669 3673//3673 2202//2202
f 2191//2191 2189//2189 3911//3911
f 3688//3688 2183//2183 2175//2175
f 3688//3688 2181//2181 2179//2179
f 3688//3688 2194//2194 2188//2188
f 2188//2188 2185//2185 3688//3688
f 2185//2185 2181//2181 3688//3688
f 3688//3688 3911//3911 2189//2189
f 3688//3688 2202//2202 3911//3911
f 2189//2189 2194//2194 3688//3688
f 2179//2179 2183//2183 3688//3688
f 3911//3911 2202//2202 2198//2198
f 2202//2202 2200//2200 2198//2198
f 2198//2198 2195//2195 3911//3911
f 2175//2175 3693//3693 3688//3688
f 3911//3911 2195//2195 2191//2191
f 2175//2175 3692//3692 3690//3690
f 2175//2175 3912//3912 3701//3701
f 3701//3701 3695//3695 2175//2175
f 3695//3695 3692//3692 2175//2175
f 2175//2175 3707//3707 3912//3912
f 3912//3912 3707//3707 3706//3706
f 3912//3912 3700//3700 3698//3698
f 3912//3912 3704//3704 3700//3700
f 3698//3698 3701//3701 3912//3912
f 3706//3706 3704//3704 3912//3912
f 3913//3913 2841//2841 3710//3710
f 2160//2160 2875//2875 2837//2837
f 2841//2841 3913//3913 2155//2155
f 2155//2155 2160//2160 2841//2841
f 2837//2837 2841//2841 2160//2160
f 3707//3707 2164//2164 3913//3913
f 3710//3710 3707//3707 3913//3913
f 2162//2162 2157//2157 3913//3913
f 3913//3913 2164//2164 2162//2162
f 2166//2166 3914//3914 2172//2172
f 3707//3707 3914//3914 2166//2166
f 3707//3707 2175//2175 3914//3914
f 2166//2166 2164//2164 3707//3707
f 3914//3914 2175//2175 2173//2173
f 3914//3914 2178//2178 2170//2170
f 2170//2170 2172//2172 3914//3914
f 2173//2173 2178//2178 3914//3914
f 2172//2172 2168//2168 2166//2166
f 3913//3913 2157//2157 2155//2155
f 3690//3690 3693//3693 2175//2175
f 3673//3673 3667//3667 2202//2202
f 3648//3648 3645//3645 2219//2219
f 3636//3636 3634//3634 2231//2231
f 2237//2237 2231//2231 3863//3863
f 2699//2699 2695//2695 3871//3871
f 2710//2710 2706//2706 3883//3883
f 2724//2724 2722//2722 3889//3889
f 2834//2834 2837//2837 2875//2875
f 2836//2836 2834//2834 2873//2873
f 3909//3909 2859//2859 2836//2836
f 2855//2855 2856//2856 2866//2866
f 2861//2861 2862//2862 2855//2855
f 3915//3915 3920//3920 2729//2729
f 2729//2729 3893//3893 3915//3915
f 3925//3925 3917//3917 3894//3894
f 3894//3894 3903//3903 3925//3925
f 3927//3927 3926//3926 3902//3902
f 3902//3902 2720//2720 3927//3927
f 3919//3919 3929//3929 2718//2718
f 2718//2718 2726//2726 3919//3919
f 3931//3931 3934//3934 3935//3935
f 3931//3931 3922//3922 3934//3934
f 3935//3935 3938//3938 3931//3931
f 3940//3940 3942//3942 3944//3944
f 3940//3940 3935//3935 3942//3942
f 3944//3944 3945//3945 3940//3940
f 3947//3947 3949//3949 3952//3952
f 3947//3947 3944//3944 3949//3949
f 3952//3952 3953//3953 3947//3947
f 3955//3955 3957//3957 3960//3960
f 3955//3955 3952//3952 3957//3957
f 3960//3960 3961//3961 3955//3955
f 3963//3963 3966//3966 3968//3968
f 3963//3963 3960//3960 3966//3966
f 3968//3968 3970//3970 3963//3963
f 3971//3971 3973//3973 3975//3975
f 3971//3971 3968//3968 3973//3973
f 3975//3975 3978//3978 3971//3971
f 3978//3978 3975//3975 3980//3980
f 3980//3980 3981//3981 3983//3983
f 3981//3981 3986//3986 3988//3988
f 3988//3988 3986//3986 3990//3990
f 3990//3990 3991//3991 3994//3994
f 3994//3994 3991//3991 3995//3995
f 3995//3995 3997//3997 3999//3999
f 3999//3999 3997//3997 4001//4001
f 4003//4003 4001//4001 4005//4005
f 4005//4005 4009//4009 4003//4003
f 4001//4001 4003//4003 3999//3999
f 3999//3999 4012//4012 3995//3995
f 3995//3995 4012//4012 3994//3994
f 3994//3994 4014//4014 3990//3990
f 3990//3990 4014//4014 3988//3988
f 3988//3988 3983//3983 3981//3981
f 3983//3983 4015//4015 3980//3980
f 3980//3980 4015//4015 3978//3978
f 3971//3971 3970//3970 3968//3968
f 3963//3963 3961//3961 3960//3960
f 3955//3955 3953//3953 3952//3952
f 3947//3947 3945//3945 3944//3944
f 3940//3940 3938//3938 3935//3935
f 3931//3931 3930//3930 3922//3922
f 4007//4007 4017//4017 4020//4020
f 4020//4020 4010//4010 4007//4007
f 4024//4024 4026//4026 4029//4029
f 4031//4031 4032//4032 4026//4026
f 4034//4034 4032//4032 4031//4031
f 4037//4037 4038//4038 4034//4034
f 4041//4041 4038//4038 4037//4037
f 4043//4043 4045//4045 4041//4041
f 4047//4047 4045//4045 4043//4043
f 4049//4049 4047//4047 4051//4051
f 4053//4053 4055//4055 4049//4049
f 4056//4056 4059//4059 4055//4055
f 4055//4055 4053//4053 4056//4056
f 4061//4061 4062//4062 4059//4059
f 4064//4064 4067//4067 4062//4062
f 4064//4064 4069//4069 4067//4067
f 4062//4062 4061//4061 4064//4064
f 4070//4070 4073//4073 4069//4069
f 4070//4070 4075//4075 4073//4073
f 4069//4069 4077//4077 4070//4070
f 4078//4078 4081//4081 4075//4075
f 4075//4075 4082//4082 4078//4078
f 4085//4085 4086//4086 4081//4081
f 4088//4088 4091//4091 4086//4086
f 4088//4088 4092//4092 4091//4091
f 4086//4086 4085//4085 4088//4088
f 4094//4094 4096//4096 4092//4092
f 4092//4092 4098//4098 4094//4094
f 3916//3916 3924//3924 4096//4096
f 4094//4094 3916//3916 4096//4096
f 4088//4088 4098//4098 4092//4092
f 4078//4078 4085//4085 4081//4081
f 4070//4070 4082//4082 4075//4075
f 4064//4064 4077//4077 4069//4069
f 4056//4056 4061//4061 4059//4059
f 4049//4049 4101//4101 4053//4053
f 4051//4051 4101//4101 4049//4049
f 4043//4043 4051//4051 4047//4047
f 4041//4041 4102//4102 4043//4043
f 4037//4037 4102//4102 4041//4041
f 4034//4034 4104//4104 4037//4037
f 4031//4031 4104//4104 4034//4034
f 4026//4026 4024//4024 4031//4031
f 4029//4029 4106//4106 4024//4024
f 4106//4106 4028//4028 4109//4109
f 4109//4109 4111//4111 4106//4106
f 4002//4002 4115//4115 4019//4019
f 4117//4117 4115//4115 4002//4002
f 4119//4119 4117//4117 3998//3998
f 4120//4120 4119//4119 3996//3996
f 3989//3989 4122//4122 4120//4120
f 3933//3933 4095//4095 4099//4099
f 4099//4099 3936//3936 3933//3933
f 3921//3921 3918//3918 4095//4095
f 4089//4089 4084//4084 3943//3943
f 3943//3943 3941//3941 4089//4089
f 3936//3936 4099//4099 4089//4089
f 3950//3950 4079//4079 4083//4083
f 3950//3950 4084//4084 4079//4079
f 4083//4083 3951//3951 3950//3950
f 3958//3958 4071//4071 4076//4076
f 3958//3958 4083//4083 4071//4071
f 4076//4076 3959//3959 3958//3958
f 4065//4065 4060//4060 3967//3967
f 3967//3967 3965//3965 4065//4065
f 3959//3959 4076//4076 4065//4065
f 4057//4057 4052//4052 3976//3976
f 3976//3976 3974//3974 4057//4057
f 3967//3967 4060//4060 4057//4057
f 3976//3976 4052//4052 4100//4100
f 3979//3979 4100//4100 4050//4050
f 3982//3982 4050//4050 4042//4042
f 3985//3985 4042//4042 4125//4125
f 4125//4125 4122//4122 3985//3985
f 4042//4042 4103//4103 4125//4125
f 4103//4103 4036//4036 4128//4128
f 4128//4128 4036//4036 4105//4105
f 4105//4105 4030//4030 4130//4130
f 4130//4130 4030//4030 4023//4023
f 4133//4133 4023//4023 4107//4107
f 4107//4107 4112//4112 4133//4133
f 4023//4023 4133//4133 4130//4130
f 4130//4130 4134//4134 4105//4105
f 4105//4105 4134//4134 4128//4128
f 4128//4128 4125//4125 4103//4103
f 4122//4122 3989//3989 3985//3985
f 4042//4042 3985//3985 3982//3982
f 4050//4050 3982//3982 3979//3979
f 4100//4100 3979//3979 3976//3976
f 3974//3974 3967//3967 4057//4057
f 3965//3965 3959//3959 4065//4065
f 3958//3958 3951//3951 4083//4083
f 3950//3950 3943//3943 4084//4084
f 3941//3941 3936//3936 4089//4089
f 3933//3933 3921//3921 4095//4095
f 4120//4120 3992//3992 3989//3989
f 3996//3996 3992//3992 4120//4120
f 3998//3998 3996//3996 4119//4119
f 4002//4002 3998//3998 4117//4117
f 4019//4019 4006//4006 4002//4002
f 4025//4025 4136//4136 4110//4110
f 4139//4139 4136//4136 4025//4025
f 4141//4141 4139//4139 4033//4033
f 4142//4142 4141//4141 4035//4035
f 4040//4040 4146//4146 4142//4142
f 4097//4097 3932//3932 3937//3937
f 3937//3937 4093//4093 4097//4097
f 3923//3923 3928//3928 3932//3932
f 3939//3939 3946//3946 4087//4087
f 4087//4087 4090//4090 3939//3939
f 4093//4093 3937//3937 3939//3939
f 4080//4080 3948//3948 3954//3954
f 4080//4080 3946//3946 3948//3948
f 3954//3954 4074//4074 4080//4080
f 4072//4072 3956//3956 3962//3962
f 4072//4072 3954//3954 3956//3956
f 3962//3962 4068//4068 4072//4072
f 4066//4066 3964//3964 3969//3969
f 4066//4066 3962//3962 3964//3964
f 3969//3969 4063//4063 4066//4066
f 4058//4058 3972//3972 3977//3977
f 4058//4058 3969//3969 3972//3972
f 3977//3977 4054//4054 4058//4058
f 4054//4054 3977//3977 4016//4016
f 4048//4048 4016//4016 3984//3984
f 4046//4046 3984//3984 3987//3987
f 3987//3987 4149//4149 4146//4146
f 4146//4146 4044//4044 3987//3987
f 3987//3987 4013//4013 4149//4149
f 4150//4150 4004//4004 4008//4008
f 4152//4152 4000//4000 4004//4004
f 4011//4011 4000//4000 4152//4152
f 4155//4155 3993//3993 4011//4011
f 4013//4013 3993//3993 4155//4155
f 4155//4155 4149//4149 4013//4013
f 4011//4011 4157//4157 4155//4155
f 4152//4152 4157//4157 4011//4011
f 4004//4004 4150//4150 4152//4152
f 4008//4008 4021//4021 4150//4150
f 4146//4146 4040//4040 4044//4044
f 3987//3987 4044//4044 4046//4046
f 3984//3984 4046//4046 4048//4048
f 4016//4016 4048//4048 4054//4054
f 4058//4058 4063//4063 3969//3969
f 4066//4066 4068//4068 3962//3962
f 4072//4072 4074//4074 3954//3954
f 4080//4080 4087//4087 3946//3946
f 4090//4090 4093//4093 3939//3939
f 4097//4097 3923//3923 3932//3932
f 4142//4142 4039//4039 4040//4040
f 4035//4035 4039//4039 4142//4142
f 4033//4033 4035//4035 4141//4141
f 4025//4025 4033//4033 4139//4139
f 4110//4110 4027//4027 4025//4025
f 4158//4158 4161//4161 4163//4163
f 4163//4163 4166//4166 4158//4158
f 4158//4158 4169//4169 4161//4161
f 4170//4170 4173//4173 4175//4175
f 4175//4175 4169//4169 4170//4170
f 4170//4170 4177//4177 4173//4173
f 4179//4179 4181//4181 4182//4182
f 4182//4182 4177//4177 4179//4179
f 4179//4179 4185//4185 4181//4181
f 4187//4187 4189//4189 4191//4191
f 4191//4191 4185//4185 4187//4187
f 4191//4191 4181//4181 4185//4185
f 4193//4193 4195//4195 4197//4197
f 4197//4197 4199//4199 4193//4193
f 4193//4193 4201//4201 4195//4195
f 4203//4203 4204//4204 4207//4207
f 4207//4207 4201//4201 4203//4203
f 4207//4207 4195//4195 4201//4201
f 4209//4209 4211//4211 4204//4204
f 4212//4212 4211//4211 4209//4209
f 4214//4214 4217//4217 4212//4212
f 4144//4144 4217//4217 4214//4214
f 4137//4137 4132//4132 4113//4113
f 4131//4131 4132//4132 4137//4137
f 4135//4135 4131//4131 4138//4138
f 4143//4143 4129//4129 4135//4135
f 4144//4144 4126//4126 4129//4129
f 4129//4129 4143//4143 4144//4144
f 4135//4135 4140//4140 4143//4143
f 4138//4138 4140//4140 4135//4135
f 4137//4137 4138//4138 4131//4131
f 4113//4113 4108//4108 4137//4137
f 4214//4214 4126//4126 4144//4144
f 4212//4212 4218//4218 4214//4214
f 4209//4209 4218//4218 4212//4212
f 4204//4204 4221//4221 4209//4209
f 4203//4203 4221//4221 4204//4204
f 4197//4197 4189//4189 4199//4199
f 4187//4187 4199//4199 4189//4189
f 4182//4182 4173//4173 4177//4177
f 4175//4175 4161//4161 4169//4169
f 4163//4163 4222//4222 4166//4166
f 4226//4226 4228//4228 4230//4230
f 4230//4230 4234//4234 4226//4226
f 4226//4226 4236//4236 4228//4228
f 4238//4238 4241//4241 4243//4243
f 4243//4243 4236//4236 4238//4238
f 4238//4238 4244//4244 4241//4241
f 4247//4247 4248//4248 4251//4251
f 4251//4251 4244//4244 4247//4247
f 4247//4247 4252//4252 4248//4248
f 4255//4255 4256//4256 4259//4259
f 4259//4259 4252//4252 4255//4255
f 4255//4255 4261//4261 4256//4256
f 4263//4263 4265//4265 4267//4267
f 4267//4267 4261//4261 4263//4263
f 4267//4267 4256//4256 4261//4261
f 4269//4269 4271//4271 4272//4272
f 4272//4272 4275//4275 4269//4269
f 4269//4269 4277//4277 4271//4271
f 4279//4279 4280//4280 4271//4271
f 4282//4282 4280//4280 4279//4279
f 4285//4285 4286//4286 4282//4282
f 4148//4148 4124//4124 4286//4286
f 4114//4114 4151//4151 4022//4022
f 4153//4153 4151//4151 4114//4114
f 4156//4156 4153//4153 4116//4116
f 4121//4121 4154//4154 4156//4156
f 4148//4148 4154//4154 4121//4121
f 4121//4121 4124//4124 4148//4148
f 4156//4156 4118//4118 4121//4121
f 4116//4116 4118//4118 4156//4156
f 4114//4114 4116//4116 4153//4153
f 4022//4022 4018//4018 4114//4114
f 4286//4286 4285//4285 4148//4148
f 4282//4282 4288//4288 4285//4285
f 4279//4279 4288//4288 4282//4282
f 4271//4271 4277//4277 4279//4279
f 4272//4272 4265//4265 4275//4275
f 4263//4263 4275//4275 4265//4265
f 4259//4259 4248//4248 4252//4252
f 4251//4251 4241//4241 4244//4244
f 4243//4243 4228//4228 4236//4236
f 4230//4230 4291//4291 4234//4234
f 4231//4231 4159//4159 4167//4167
f 4167//4167 4293//4293 4231//4231
f 4229//4229 4168//4168 4159//4159
f 4242//4242 4171//4171 4168//4168
f 4242//4242 4176//4176 4171//4171
f 4168//4168 4229//4229 4242//4242
f 4178//4178 4176//4176 4240//4240
f 4240//4240 4250//4250 4178//4178
f 4249//4249 4184//4184 4178//4178
f 4186//4186 4184//4184 4249//4249
f 4249//4249 4258//4258 4186//4186
f 4257//4257 4198//4198 4186//4186
f 4192//4192 4198//4198 4257//4257
f 4266//4266 4200//4200 4192//4192
f 4257//4257 4266//4266 4192//4192
f 4273//4273 4202//4202 4200//4200
f 4273//4273 4220//4220 4202//4202
f 4200//4200 4264//4264 4273//4273
f 4208//4208 4220//4220 4270//4270
f 4219//4219 4208//4208 4281//4281
f 4287//4287 4215//4215 4219//4219
f 4127//4127 4215//4215 4287//4287
f 4287//4287 4123//4123 4127//4127
f 4219//4219 4283//4283 4287//4287
f 4281//4281 4283//4283 4219//4219
f 4270//4270 4281//4281 4208//4208
f 4273//4273 4270//4270 4220//4220
f 4266//4266 4264//4264 4200//4200
f 4258//4258 4257//4257 4186//4186
f 4250//4250 4249//4249 4178//4178
f 4242//4242 4240//4240 4176//4176
f 4231//4231 4229//4229 4159//4159
f 4295//4295 4299//4299 4292//4292
f 4292//4292 4164//4164 4295//4295
f 4301//4301 4294//4294 4165//4165
f 4165//4165 4224//4224 4301//4301
f 4305//4305 4300//4300 4225//4225
f 4225//4225 4232//4232 4305//4305
f 4297//4297 4303//4303 4235//4235
f 4235//4235 4290//4290 4297//4297
f 4304//4304 4298//4298 4296//4296
f 4296//4296 4302//4302 4304//4304
f 4147//4147 4284//4284 4216//4216
f 4216//4216 4284//4284 4289//4289
f 4213//4213 4289//4289 4278//4278
f 4278//4278 4276//4276 4205//4205
f 4268//4268 4274//4274 4194//4194
f 4194//4194 4206//4206 4268//4268
f 4205//4205 4276//4276 4268//4268
f 4196//4196 4262//4262 4260//4260
f 4196//4196 4274//4274 4262//4262
f 4260//4260 4188//4188 4196//4196
f 4190//4190 4254//4254 4253//4253
f 4190//4190 4260//4260 4254//4254
f 4253//4253 4180//4180 4190//4190
f 4183//4183 4246//4246 4245//4245
f 4183//4183 4253//4253 4246//4246
f 4245//4245 4172//4172 4183//4183
f 4239//4239 4237//4237 4160//4160
f 4160//4160 4174//4174 4239//4239
f 4172//4172 4245//4245 4239//4239
f 4162//4162 4227//4227 4233//4233
f 4162//4162 4237//4237 4227//4227
f 4233//4233 4223//4223 4162//4162
f 4162//4162 4160//4160 4237//4237
f 4174//4174 4172//4172 4239//4239
f 4183//4183 4180//4180 4253//4253
f 4190//4190 4188//4188 4260//4260
f 4196//4196 4194//4194 4274//4274
f 4206//4206 4205//4205 4268//4268
f 4205//4205 4210//4210 4278//4278
f 4278//4278 4210//4210 4213//4213
f 4289//4289 4213//4213 4216//4216
f 4216//4216 4145//4145 4147//4147

